number,value,datetime_start,datetime_complete,duration,params_lasso_alpha,user_attrs_feature_level,state
0,-0.0016559721242364045,2025-12-07 17:02:07.318406,2025-12-07 17:02:08.487722,0 days 00:00:01.169316,0.0074593432857265485,medium,COMPLETE
1,-0.0016559721242364045,2025-12-07 17:02:08.488726,2025-12-07 17:02:09.597079,0 days 00:00:01.108353,5.669849511478847,medium,COMPLETE
2,-0.0016559721242364045,2025-12-07 17:02:09.597079,2025-12-07 17:02:10.660553,0 days 00:00:01.063474,0.4570563099801455,medium,COMPLETE
3,-0.0016559721242364045,2025-12-07 17:02:10.661561,2025-12-07 17:02:11.738181,0 days 00:00:01.076620,0.09846738873614563,medium,COMPLETE
4,0.0008894859986559774,2025-12-07 17:02:11.738181,2025-12-07 17:02:12.830969,0 days 00:00:01.092788,0.0006026889128682511,medium,COMPLETE
5,0.0008889910392067361,2025-12-07 17:02:12.832974,2025-12-07 17:02:13.941572,0 days 00:00:01.108598,0.000602521573620386,medium,COMPLETE
6,-0.12370894897950113,2025-12-07 17:02:13.942577,2025-12-07 17:02:15.221382,0 days 00:00:01.278805,0.00019517224641449495,medium,COMPLETE
7,-0.0016559721242364045,2025-12-07 17:02:15.221382,2025-12-07 17:02:16.347722,0 days 00:00:01.126340,2.1423021757741068,medium,COMPLETE
8,-0.0016559721242364045,2025-12-07 17:02:16.349727,2025-12-07 17:02:17.424426,0 days 00:00:01.074699,0.10129197956845731,medium,COMPLETE
9,-0.0016559721242364045,2025-12-07 17:02:17.424426,2025-12-07 17:02:18.504188,0 days 00:00:01.079762,0.3470266988650412,medium,COMPLETE
10,-0.0016559721242364045,2025-12-07 17:02:18.504188,2025-12-07 17:02:19.583293,0 days 00:00:01.079105,0.0036035178201071797,medium,COMPLETE
11,-45.65620418842352,2025-12-07 17:02:19.583293,2025-12-07 17:02:21.722668,0 days 00:00:02.139375,0.00010359916440554263,medium,COMPLETE
12,-0.0016559721242364045,2025-12-07 17:02:21.722668,2025-12-07 17:02:22.847994,0 days 00:00:01.125326,0.0010735378215036783,medium,COMPLETE
13,-0.0007622493294340282,2025-12-07 17:02:22.847994,2025-12-07 17:02:23.910654,0 days 00:00:01.062660,0.0008645528610564826,medium,COMPLETE
14,-0.0016559721242364045,2025-12-07 17:02:23.910654,2025-12-07 17:02:24.988852,0 days 00:00:01.078198,0.009683790422339342,medium,COMPLETE
15,-0.00035827007804745126,2025-12-07 17:02:24.988852,2025-12-07 17:02:26.097404,0 days 00:00:01.108552,0.0008146970248165323,medium,COMPLETE
16,-0.025801761685891284,2025-12-07 17:02:26.098977,2025-12-07 17:02:27.300669,0 days 00:00:01.201692,0.00029837746301121656,medium,COMPLETE
17,-0.0016559721242364045,2025-12-07 17:02:27.300669,2025-12-07 17:02:28.390169,0 days 00:00:01.089500,0.01932360965321236,medium,COMPLETE
18,-0.0016559721242364045,2025-12-07 17:02:28.390169,2025-12-07 17:02:29.457773,0 days 00:00:01.067604,0.004579169815969729,medium,COMPLETE
19,-0.0016559721242364045,2025-12-07 17:02:29.459038,2025-12-07 17:02:30.551818,0 days 00:00:01.092780,0.001825302404290731,medium,COMPLETE
20,-0.0016559721242364045,2025-12-07 17:02:30.552820,2025-12-07 17:02:31.647105,0 days 00:00:01.094285,0.04633043521124795,medium,COMPLETE
21,0.000659350363806858,2025-12-07 17:02:31.648109,2025-12-07 17:02:32.832767,0 days 00:00:01.184658,0.0005078929047587406,medium,COMPLETE
22,-0.004250773578432436,2025-12-07 17:02:32.832767,2025-12-07 17:02:33.975636,0 days 00:00:01.142869,0.00041165833877968575,medium,COMPLETE
23,-0.0016559721242364045,2025-12-07 17:02:33.975636,2025-12-07 17:02:35.100329,0 days 00:00:01.124693,0.0019069508654554663,medium,COMPLETE
24,-0.42167646276917353,2025-12-07 17:02:35.101341,2025-12-07 17:02:38.504739,0 days 00:00:03.403398,0.0001352710343160136,medium,COMPLETE
25,-0.0115651688255487,2025-12-07 17:02:38.505840,2025-12-07 17:02:39.709826,0 days 00:00:01.203986,0.00036124964043704927,medium,COMPLETE
26,-0.0016559721242364045,2025-12-07 17:02:39.711967,2025-12-07 17:02:40.801729,0 days 00:00:01.089762,0.002154851188001226,medium,COMPLETE
27,0.0008913103983799742,2025-12-07 17:02:40.801729,2025-12-07 17:02:41.975184,0 days 00:00:01.173455,0.0006033175476678097,medium,COMPLETE
28,-0.0016559721242364045,2025-12-07 17:02:41.976323,2025-12-07 17:02:43.098890,0 days 00:00:01.122567,0.01505345110786249,medium,COMPLETE
29,-0.0016559721242364045,2025-12-07 17:02:43.098890,2025-12-07 17:02:44.193200,0 days 00:00:01.094310,0.007788333626887665,medium,COMPLETE
30,-0.0016559721242364045,2025-12-07 17:02:44.193200,2025-12-07 17:02:45.317869,0 days 00:00:01.124669,0.003778628826890182,medium,COMPLETE
31,-0.00010931095326793816,2025-12-07 17:02:45.317869,2025-12-07 17:02:46.442828,0 days 00:00:01.124959,0.00046042181370349106,medium,COMPLETE
32,0.0008664334777651236,2025-12-07 17:02:46.442828,2025-12-07 17:02:47.552455,0 days 00:00:01.109627,0.0005959439946187845,medium,COMPLETE
33,-0.0016559721242364045,2025-12-07 17:02:47.554255,2025-12-07 17:02:48.632541,0 days 00:00:01.078286,0.0012086006550743914,medium,COMPLETE
34,-0.06834094910893025,2025-12-07 17:02:48.632541,2025-12-07 17:02:49.911859,0 days 00:00:01.279318,0.0002291027226303695,medium,COMPLETE
35,0.000834415302595648,2025-12-07 17:02:49.911859,2025-12-07 17:02:51.022477,0 days 00:00:01.110618,0.0006622599815293231,medium,COMPLETE
36,-0.24081323466363425,2025-12-07 17:02:51.022477,2025-12-07 17:02:53.631847,0 days 00:00:02.609370,0.00016234677172838175,medium,COMPLETE
37,-0.0016559721242364045,2025-12-07 17:02:53.631847,2025-12-07 17:02:54.766002,0 days 00:00:01.134155,9.551743658898701,medium,COMPLETE
38,-0.0016559721242364045,2025-12-07 17:02:54.768002,2025-12-07 17:02:55.991425,0 days 00:00:01.223423,1.7178317166633594,medium,COMPLETE
39,-0.0016559721242364045,2025-12-07 17:02:55.991425,2025-12-07 17:02:57.250001,0 days 00:00:01.258576,0.002818239024859027,medium,COMPLETE
40,-0.0016559721242364045,2025-12-07 17:02:57.250001,2025-12-07 17:02:58.450543,0 days 00:00:01.200542,0.0012056614085382612,medium,COMPLETE
41,0.0008735453091192799,2025-12-07 17:02:58.451543,2025-12-07 17:02:59.566071,0 days 00:00:01.114528,0.0006503260573439714,medium,COMPLETE
42,-0.0642374323223811,2025-12-07 17:02:59.567102,2025-12-07 17:03:00.966138,0 days 00:00:01.399036,0.00023251552830485026,medium,COMPLETE
43,0.0008217715711683985,2025-12-07 17:03:00.966138,2025-12-07 17:03:02.070411,0 days 00:00:01.104273,0.0006653791962641976,medium,COMPLETE
44,-0.0016559721242364045,2025-12-07 17:03:02.071422,2025-12-07 17:03:03.101027,0 days 00:00:01.029605,0.2761515974037503,medium,COMPLETE
45,-0.0016559721242364045,2025-12-07 17:03:03.102200,2025-12-07 17:03:04.151026,0 days 00:00:01.048826,0.0013515485054136644,medium,COMPLETE
46,-1.3295027237641646,2025-12-07 17:03:04.152031,2025-12-07 17:03:05.992119,0 days 00:00:01.840088,0.00010935767944590784,medium,COMPLETE
47,-0.0469564250985924,2025-12-07 17:03:05.992119,2025-12-07 17:03:07.333735,0 days 00:00:01.341616,0.00024962037724843294,medium,COMPLETE
48,-0.0016559721242364045,2025-12-07 17:03:07.335097,2025-12-07 17:03:08.380086,0 days 00:00:01.044989,0.005028183372852883,medium,COMPLETE
49,0.000817364678365462,2025-12-07 17:03:08.380086,2025-12-07 17:03:09.445194,0 days 00:00:01.065108,0.000666414385137066,medium,COMPLETE
50,-0.0016559721242364045,2025-12-07 17:03:09.445194,2025-12-07 17:03:10.484852,0 days 00:00:01.039658,0.03644635262407314,medium,COMPLETE
51,0.0005663026978953711,2025-12-07 17:03:10.484852,2025-12-07 17:03:11.565917,0 days 00:00:01.081065,0.0007011796293361658,medium,COMPLETE
52,-0.0016559721242364045,2025-12-07 17:03:11.567550,2025-12-07 17:03:12.635467,0 days 00:00:01.067917,0.001591741804392406,medium,COMPLETE
53,-0.013510019892698585,2025-12-07 17:03:12.636466,2025-12-07 17:03:13.814322,0 days 00:00:01.177856,0.00034841557234053676,medium,COMPLETE
54,-0.0016311578628710095,2025-12-07 17:03:13.816138,2025-12-07 17:03:14.868602,0 days 00:00:01.052464,0.000983659300347598,medium,COMPLETE
55,0.0006723588483873444,2025-12-07 17:03:14.868602,2025-12-07 17:03:15.978272,0 days 00:00:01.109670,0.000523847257198303,medium,COMPLETE
56,-0.0016559721242364045,2025-12-07 17:03:15.978272,2025-12-07 17:03:17.181085,0 days 00:00:01.202813,0.0026652713935942074,medium,COMPLETE
57,-0.019157065880241204,2025-12-07 17:03:17.181085,2025-12-07 17:03:18.370416,0 days 00:00:01.189331,0.00032209778659693193,medium,COMPLETE
58,-0.2555180715868118,2025-12-07 17:03:18.370416,2025-12-07 17:03:20.916841,0 days 00:00:02.546425,0.0001594327964157414,medium,COMPLETE
59,-0.00034082795869757226,2025-12-07 17:03:20.918593,2025-12-07 17:03:21.985595,0 days 00:00:01.067002,0.0008123674675586328,medium,COMPLETE
60,-0.0016559721242364045,2025-12-07 17:03:21.985595,2025-12-07 17:03:23.103584,0 days 00:00:01.117989,0.14225243759142017,medium,COMPLETE
61,0.0006646008522086152,2025-12-07 17:03:23.103584,2025-12-07 17:03:24.205414,0 days 00:00:01.101830,0.0005273164785470803,medium,COMPLETE
62,0.0007638314839819582,2025-12-07 17:03:24.208507,2025-12-07 17:03:25.281246,0 days 00:00:01.072739,0.0006773992287161396,medium,COMPLETE
63,-0.0016559721242364045,2025-12-07 17:03:25.282251,2025-12-07 17:03:26.403873,0 days 00:00:01.121622,0.005717205201656822,medium,COMPLETE
64,-0.0016559721242364045,2025-12-07 17:03:26.405378,2025-12-07 17:03:27.502523,0 days 00:00:01.097145,0.0018187245146721607,medium,COMPLETE
65,-0.001461779051674661,2025-12-07 17:03:27.504909,2025-12-07 17:03:28.670184,0 days 00:00:01.165275,0.0009515002866770405,medium,COMPLETE
66,-0.0016559721242364045,2025-12-07 17:03:28.671189,2025-12-07 17:03:29.782843,0 days 00:00:01.111654,0.0027068161011828008,medium,COMPLETE
67,-0.0016559721242364045,2025-12-07 17:03:29.783347,2025-12-07 17:03:30.855447,0 days 00:00:01.072100,0.012326379236568662,medium,COMPLETE
68,0.00048425478981584114,2025-12-07 17:03:30.856452,2025-12-07 17:03:31.927113,0 days 00:00:01.070661,0.00048189533182550526,medium,COMPLETE
69,-0.028344520550066976,2025-12-07 17:03:31.928876,2025-12-07 17:03:33.121831,0 days 00:00:01.192955,0.0002895380620070284,medium,COMPLETE
70,-162.87879155642443,2025-12-07 17:03:33.123837,2025-12-07 17:03:35.167761,0 days 00:00:02.043924,0.00010114857178489314,medium,COMPLETE
71,0.0008744488678232113,2025-12-07 17:03:35.168958,2025-12-07 17:03:36.295720,0 days 00:00:01.126762,0.0006499847416523794,medium,COMPLETE
72,-0.1401194080143464,2025-12-07 17:03:36.295720,2025-12-07 17:03:37.602488,0 days 00:00:01.306768,0.0001897313289782985,medium,COMPLETE
73,-0.0016559721242364045,2025-12-07 17:03:37.603492,2025-12-07 17:03:38.686328,0 days 00:00:01.082836,0.0011834898623775479,medium,COMPLETE
74,0.0008562566061122157,2025-12-07 17:03:38.687151,2025-12-07 17:03:39.772136,0 days 00:00:01.084985,0.0005934399827256041,medium,COMPLETE
75,-0.006836690780352909,2025-12-07 17:03:39.773554,2025-12-07 17:03:40.837898,0 days 00:00:01.064344,0.000390830867581169,medium,COMPLETE
76,-0.0016559721242364045,2025-12-07 17:03:40.843478,2025-12-07 17:03:41.932446,0 days 00:00:01.088968,0.0013771140707346974,medium,COMPLETE
77,-0.0009158057235594264,2025-12-07 17:03:41.935364,2025-12-07 17:03:43.003836,0 days 00:00:01.068472,0.0008805572398276038,medium,COMPLETE
78,0.0006800499556095518,2025-12-07 17:03:43.004837,2025-12-07 17:03:44.094990,0 days 00:00:01.090153,0.0005410511970577503,medium,COMPLETE
79,-0.0016559721242364045,2025-12-07 17:03:44.097010,2025-12-07 17:03:45.170654,0 days 00:00:01.073644,1.1748124164727554,medium,COMPLETE
80,-0.0016559721242364045,2025-12-07 17:03:45.171659,2025-12-07 17:03:46.250693,0 days 00:00:01.079034,0.002176066411838453,medium,COMPLETE
81,0.0009047995090695204,2025-12-07 17:03:46.252702,2025-12-07 17:03:47.314348,0 days 00:00:01.061646,0.0006087557418233259,medium,COMPLETE
82,-0.043090368785600054,2025-12-07 17:03:47.314348,2025-12-07 17:03:48.621321,0 days 00:00:01.306973,0.00025432332794942867,medium,COMPLETE
83,-0.007991504012110351,2025-12-07 17:03:48.622327,2025-12-07 17:03:49.704800,0 days 00:00:01.082473,0.0003829260786096554,medium,COMPLETE
84,0.0009153940440885059,2025-12-07 17:03:49.705349,2025-12-07 17:03:50.738783,0 days 00:00:01.033434,0.0006151830877029558,medium,COMPLETE
85,-0.11855835952254745,2025-12-07 17:03:50.740368,2025-12-07 17:03:51.965652,0 days 00:00:01.225284,0.00019714930475969803,medium,COMPLETE
86,-0.0016559721242364045,2025-12-07 17:03:51.965652,2025-12-07 17:03:53.001593,0 days 00:00:01.035941,0.0010898503045917542,medium,COMPLETE
87,-0.0016559721242364045,2025-12-07 17:03:53.001593,2025-12-07 17:03:54.122748,0 days 00:00:01.121155,0.0016046637737404264,medium,COMPLETE
88,0.0008072007326648997,2025-12-07 17:03:54.123833,2025-12-07 17:03:55.299321,0 days 00:00:01.175488,0.0005831074697882148,medium,COMPLETE
89,-0.0018534316550210168,2025-12-07 17:03:55.299321,2025-12-07 17:03:56.433703,0 days 00:00:01.134382,0.0004378856459266429,medium,COMPLETE
90,-0.4177377547553869,2025-12-07 17:03:56.433703,2025-12-07 17:04:00.048451,0 days 00:00:03.614748,0.000135729998296776,medium,COMPLETE
91,0.0005981999807557573,2025-12-07 17:04:00.049455,2025-12-07 17:04:01.220076,0 days 00:00:01.170621,0.000697852975929081,medium,COMPLETE
92,-0.02146108885844093,2025-12-07 17:04:01.221562,2025-12-07 17:04:02.506943,0 days 00:00:01.285381,0.0003136801496579444,medium,COMPLETE
93,-0.0008890836566266916,2025-12-07 17:04:02.509635,2025-12-07 17:04:03.658901,0 days 00:00:01.149266,0.000877860727544734,medium,COMPLETE
94,-0.004773670599731476,2025-12-07 17:04:03.658901,2025-12-07 17:04:04.831559,0 days 00:00:01.172658,0.00040704133936528037,medium,COMPLETE
95,-0.0016559721242364045,2025-12-07 17:04:04.832565,2025-12-07 17:04:05.938953,0 days 00:00:01.106388,0.0037528943866405855,medium,COMPLETE
96,-0.0002347285818062502,2025-12-07 17:04:05.938953,2025-12-07 17:04:07.074546,0 days 00:00:01.135593,0.0007978366609111688,medium,COMPLETE
97,-0.0016559721242364045,2025-12-07 17:04:07.076794,2025-12-07 17:04:08.174708,0 days 00:00:01.097914,0.0015097973862461457,medium,COMPLETE
98,0.0008943110441691493,2025-12-07 17:04:08.176219,2025-12-07 17:04:09.441625,0 days 00:00:01.265406,0.0006345947385577932,medium,COMPLETE
99,-0.0016559721242364045,2025-12-07 17:04:09.442993,2025-12-07 17:04:10.516552,0 days 00:00:01.073559,0.0010710946621391678,medium,COMPLETE
100,-0.03186623071766611,2025-12-07 17:04:10.518557,2025-12-07 17:04:11.756082,0 days 00:00:01.237525,0.0002778147030535778,medium,COMPLETE
101,0.0008800388364719561,2025-12-07 17:04:11.756082,2025-12-07 17:04:12.891755,0 days 00:00:01.135673,0.0006477685715380356,medium,COMPLETE
102,0.0006853082096137294,2025-12-07 17:04:12.893292,2025-12-07 17:04:14.008307,0 days 00:00:01.115015,0.0005448874413511202,medium,COMPLETE
103,-0.0016559721242364045,2025-12-07 17:04:14.009622,2025-12-07 17:04:15.063530,0 days 00:00:01.053908,0.06662726906384263,medium,COMPLETE
104,-0.0016559721242364045,2025-12-07 17:04:15.064530,2025-12-07 17:04:16.178429,0 days 00:00:01.113899,0.002241205798087714,medium,COMPLETE
105,0.0009204853993842373,2025-12-07 17:04:16.179434,2025-12-07 17:04:17.336244,0 days 00:00:01.156810,0.0006229313742011613,medium,COMPLETE
106,-0.0007519982436287043,2025-12-07 17:04:17.336244,2025-12-07 17:04:18.529553,0 days 00:00:01.193309,0.00045154672141037023,medium,COMPLETE
107,-8.494409026145917e-05,2025-12-07 17:04:18.529553,2025-12-07 17:04:19.620644,0 days 00:00:01.091091,0.0007761379594701894,medium,COMPLETE
108,-0.0016559721242364045,2025-12-07 17:04:19.621848,2025-12-07 17:04:20.675980,0 days 00:00:01.054132,0.022295231178226307,medium,COMPLETE
109,-0.07443253278884214,2025-12-07 17:04:20.675980,2025-12-07 17:04:21.986387,0 days 00:00:01.310407,0.00022409197752822852,medium,COMPLETE
110,-0.0016559721242364045,2025-12-07 17:04:21.987391,2025-12-07 17:04:23.026547,0 days 00:00:01.039156,0.0012730705909315548,medium,COMPLETE
111,-0.014148220417570764,2025-12-07 17:04:23.028052,2025-12-07 17:04:24.311417,0 days 00:00:01.283365,0.0003446878332540252,medium,COMPLETE
112,0.0009177624222643788,2025-12-07 17:04:24.311939,2025-12-07 17:04:25.447717,0 days 00:00:01.135778,0.000617461241867101,medium,COMPLETE
113,-0.0016333038534327808,2025-12-07 17:04:25.447717,2025-12-07 17:04:26.452563,0 days 00:00:01.004846,0.0009845281705417523,medium,COMPLETE
114,0.000865158199439886,2025-12-07 17:04:26.452563,2025-12-07 17:04:27.556625,0 days 00:00:01.104062,0.0006532986049027455,medium,COMPLETE
115,-0.0003746679440160827,2025-12-07 17:04:27.556625,2025-12-07 17:04:28.628085,0 days 00:00:01.071460,0.0004566290453260312,medium,COMPLETE
116,-0.0002678178357157594,2025-12-07 17:04:28.628865,2025-12-07 17:04:29.735529,0 days 00:00:01.106664,0.0008024372758728208,medium,COMPLETE
117,-0.01826472644381294,2025-12-07 17:04:29.736155,2025-12-07 17:04:30.942674,0 days 00:00:01.206519,0.0003258557446483678,medium,COMPLETE
118,-0.0016559721242364045,2025-12-07 17:04:30.944190,2025-12-07 17:04:31.906424,0 days 00:00:00.962234,0.0017432940072554996,medium,COMPLETE
119,0.000832668579997938,2025-12-07 17:04:31.906424,2025-12-07 17:04:32.971059,0 days 00:00:01.064635,0.0005882831997640687,medium,COMPLETE
120,-0.1647923760818013,2025-12-07 17:04:32.972563,2025-12-07 17:04:34.628181,0 days 00:00:01.655618,0.0001820133600590641,medium,COMPLETE
121,0.0008125192308477969,2025-12-07 17:04:34.628181,2025-12-07 17:04:35.654977,0 days 00:00:01.026796,0.0006675213484212665,medium,COMPLETE
122,-0.0016559721242364045,2025-12-07 17:04:35.655478,2025-12-07 17:04:36.719732,0 days 00:00:01.064254,0.0010052128796494964,medium,COMPLETE
123,0.0005845424052510392,2025-12-07 17:04:36.720738,2025-12-07 17:04:37.805957,0 days 00:00:01.085219,0.0004930238840989336,medium,COMPLETE
124,-0.0016559721242364045,2025-12-07 17:04:37.805957,2025-12-07 17:04:38.895913,0 days 00:00:01.089956,0.0012057094002835506,medium,COMPLETE
125,-0.0077726935047313095,2025-12-07 17:04:38.895913,2025-12-07 17:04:39.974908,0 days 00:00:01.078995,0.00038449368426816,medium,COMPLETE
126,0.0008075600530797292,2025-12-07 17:04:39.975914,2025-12-07 17:04:41.128901,0 days 00:00:01.152987,0.0005831755471012941,medium,COMPLETE
127,0.0002373397754944865,2025-12-07 17:04:41.129407,2025-12-07 17:04:42.243097,0 days 00:00:01.113690,0.0007321973339674567,medium,COMPLETE
128,-0.028299306417458443,2025-12-07 17:04:42.245220,2025-12-07 17:04:43.525633,0 days 00:00:01.280413,0.0002896940183580555,medium,COMPLETE
129,-0.0008982154463205161,2025-12-07 17:04:43.527332,2025-12-07 17:04:44.619315,0 days 00:00:01.091983,0.0008787836175798131,medium,COMPLETE
130,-0.062337134853993316,2025-12-07 17:04:44.619315,2025-12-07 17:04:45.911667,0 days 00:00:01.292352,0.00023418306000313314,medium,COMPLETE
131,0.0006866535807592186,2025-12-07 17:04:45.912803,2025-12-07 17:04:47.042778,0 days 00:00:01.129975,0.0005558685883160539,medium,COMPLETE
132,0.0008936711914281729,2025-12-07 17:04:47.042778,2025-12-07 17:04:48.173226,0 days 00:00:01.130448,0.0006361147477126078,medium,COMPLETE
133,-0.005492370503132005,2025-12-07 17:04:48.174964,2025-12-07 17:04:49.270072,0 days 00:00:01.095108,0.00040104375171212084,medium,COMPLETE
134,0.0006651963270731068,2025-12-07 17:04:49.271075,2025-12-07 17:04:50.370147,0 days 00:00:01.099072,0.0006904616727558155,medium,COMPLETE
135,-0.0016559721242364045,2025-12-07 17:04:50.372243,2025-12-07 17:04:51.438758,0 days 00:00:01.066515,0.001404730926196883,medium,COMPLETE
136,-0.0016559721242364045,2025-12-07 17:04:51.439812,2025-12-07 17:04:52.551318,0 days 00:00:01.111506,0.0010248061053727971,medium,COMPLETE
137,0.0005871311780736669,2025-12-07 17:04:52.552322,2025-12-07 17:04:53.677392,0 days 00:00:01.125070,0.0004934002976392508,medium,COMPLETE
138,-9.836052732248302e-05,2025-12-07 17:04:53.678181,2025-12-07 17:04:54.776450,0 days 00:00:01.098269,0.0007781446035882052,medium,COMPLETE
139,-0.019271068088946075,2025-12-07 17:04:54.778442,2025-12-07 17:04:55.977666,0 days 00:00:01.199224,0.00032163017324608517,medium,COMPLETE
140,-0.002473525134502793,2025-12-07 17:04:55.977666,2025-12-07 17:04:57.041661,0 days 00:00:01.063995,0.00042956604497197253,medium,COMPLETE
141,0.0009143753493073836,2025-12-07 17:04:57.041661,2025-12-07 17:04:58.145087,0 days 00:00:01.103426,0.0006143717922932791,medium,COMPLETE
142,0.0009192009174122662,2025-12-07 17:04:58.145087,2025-12-07 17:04:59.253248,0 days 00:00:01.108161,0.0006193912217661257,medium,COMPLETE
143,-0.001569103485725994,2025-12-07 17:04:59.254910,2025-12-07 17:05:00.478797,0 days 00:00:01.223887,0.0009689296161557365,medium,COMPLETE
144,-0.0016559721242364045,2025-12-07 17:05:00.480308,2025-12-07 17:05:01.554250,0 days 00:00:01.073942,3.9629313768031795,medium,COMPLETE
145,0.000624621154262243,2025-12-07 17:05:01.554250,2025-12-07 17:05:02.654706,0 days 00:00:01.100456,0.0004995644712424493,medium,COMPLETE
146,-0.0016559721242364045,2025-12-07 17:05:02.658730,2025-12-07 17:05:03.731163,0 days 00:00:01.072433,0.6729471422045536,medium,COMPLETE
147,-0.0016559721242364045,2025-12-07 17:05:03.732625,2025-12-07 17:05:04.830965,0 days 00:00:01.098340,0.0013192298073411155,medium,COMPLETE
148,0.0008327826884697576,2025-12-07 17:05:04.832104,2025-12-07 17:05:05.931344,0 days 00:00:01.099240,0.0005883082805997131,medium,COMPLETE
149,-0.00040224475082092,2025-12-07 17:05:05.931849,2025-12-07 17:05:07.068813,0 days 00:00:01.136964,0.0008205008418712739,medium,COMPLETE
150,-0.008912655237368986,2025-12-07 17:05:07.069818,2025-12-07 17:05:08.282456,0 days 00:00:01.212638,0.0003767408836678498,medium,COMPLETE
151,0.0007490638052558563,2025-12-07 17:05:08.282456,2025-12-07 17:05:09.382620,0 days 00:00:01.100164,0.0006798017432272505,medium,COMPLETE
152,0.000569485754486824,2025-12-07 17:05:09.384630,2025-12-07 17:05:10.473466,0 days 00:00:01.088836,0.0007008525632423668,medium,COMPLETE
153,0.0007520120326724259,2025-12-07 17:05:10.474969,2025-12-07 17:05:11.576479,0 days 00:00:01.101510,0.0005725947750770195,medium,COMPLETE
154,-0.0016559721242364045,2025-12-07 17:05:11.576479,2025-12-07 17:05:12.645277,0 days 00:00:01.068798,0.0010734543261104051,medium,COMPLETE
155,-0.0017619720259290188,2025-12-07 17:05:12.646276,2025-12-07 17:05:13.783205,0 days 00:00:01.136929,0.00043918292297730573,medium,COMPLETE
156,-0.028646287223088446,2025-12-07 17:05:13.784606,2025-12-07 17:05:15.088362,0 days 00:00:01.303756,0.00028850293541599867,medium,COMPLETE
157,-0.00046449084506205995,2025-12-07 17:05:15.088865,2025-12-07 17:05:16.180128,0 days 00:00:01.091263,0.0008285539875374198,medium,COMPLETE
158,0.0009102439145756517,2025-12-07 17:05:16.181641,2025-12-07 17:05:17.270743,0 days 00:00:01.089102,0.0006116255693406589,medium,COMPLETE
159,-0.0016559721242364045,2025-12-07 17:05:17.271528,2025-12-07 17:05:18.349647,0 days 00:00:01.078119,0.0017887958595167951,medium,COMPLETE
160,0.00038975286267058557,2025-12-07 17:05:18.349647,2025-12-07 17:05:19.450849,0 days 00:00:01.101202,0.00047256844799324345,medium,COMPLETE
161,0.0008897666560903442,2025-12-07 17:05:19.451481,2025-12-07 17:05:20.463474,0 days 00:00:01.011993,0.0006027843926802068,medium,COMPLETE
162,-0.010883263663605888,2025-12-07 17:05:20.463474,2025-12-07 17:05:21.694570,0 days 00:00:01.231096,0.000365324149406213,medium,COMPLETE
163,0.0006874004188915928,2025-12-07 17:05:21.694570,2025-12-07 17:05:22.859933,0 days 00:00:01.165363,0.0005585482155658908,medium,COMPLETE
164,-0.0006325070579154731,2025-12-07 17:05:22.859933,2025-12-07 17:05:24.006726,0 days 00:00:01.146793,0.0008494029331065259,medium,COMPLETE
165,-0.0016559721242364045,2025-12-07 17:05:24.007733,2025-12-07 17:05:25.198988,0 days 00:00:01.191255,0.0012163784678089057,medium,COMPLETE
166,0.000876078967936178,2025-12-07 17:05:25.198988,2025-12-07 17:05:26.307377,0 days 00:00:01.108389,0.0006493572103651,medium,COMPLETE
167,0.0006366161157518683,2025-12-07 17:05:26.307377,2025-12-07 17:05:27.389913,0 days 00:00:01.082536,0.0006936864935362001,medium,COMPLETE
168,-0.0015593332370270236,2025-12-07 17:05:27.389913,2025-12-07 17:05:28.317764,0 days 00:00:00.927851,0.00096738108756463,medium,COMPLETE
169,-0.0016559721242364045,2025-12-07 17:05:28.317764,2025-12-07 17:05:29.365024,0 days 00:00:01.047260,0.20727089489585543,medium,COMPLETE
170,0.0006040015310662487,2025-12-07 17:05:29.365370,2025-12-07 17:05:30.416759,0 days 00:00:01.051389,0.0004960004774167303,medium,COMPLETE
171,0.0008800945452897743,2025-12-07 17:05:30.417793,2025-12-07 17:05:31.483517,0 days 00:00:01.065724,0.0005997115740345303,medium,COMPLETE
172,0.0008260128885471488,2025-12-07 17:05:31.484518,2025-12-07 17:05:32.518111,0 days 00:00:01.033593,0.0006643608071910893,medium,COMPLETE
173,-0.0060480360449556665,2025-12-07 17:05:32.519111,2025-12-07 17:05:33.657464,0 days 00:00:01.138353,0.00039670423395478887,medium,COMPLETE
174,0.000743391588401828,2025-12-07 17:05:33.657464,2025-12-07 17:05:34.750195,0 days 00:00:01.092731,0.0005707336735280828,medium,COMPLETE
175,-0.000688953057826717,2025-12-07 17:05:34.750195,2025-12-07 17:05:35.787225,0 days 00:00:01.037030,0.0008560671520946446,medium,COMPLETE
176,-0.0005049478963856288,2025-12-07 17:05:35.789071,2025-12-07 17:05:36.846325,0 days 00:00:01.057254,0.00045482798543772707,medium,COMPLETE
177,-0.015182478170137589,2025-12-07 17:05:36.848074,2025-12-07 17:05:38.053464,0 days 00:00:01.205390,0.0003400506534620322,medium,COMPLETE
178,-0.0016559721242364045,2025-12-07 17:05:38.053800,2025-12-07 17:05:39.204903,0 days 00:00:01.151103,0.0010688561239294838,medium,COMPLETE
179,0.0007932866951316416,2025-12-07 17:05:39.206995,2025-12-07 17:05:40.308280,0 days 00:00:01.101285,0.0006716697374434731,medium,COMPLETE
180,-0.04160629633367859,2025-12-07 17:05:40.308280,2025-12-07 17:05:41.482234,0 days 00:00:01.173954,0.0002565732656139881,medium,COMPLETE
181,0.0006876338115839505,2025-12-07 17:05:41.484509,2025-12-07 17:05:42.528675,0 days 00:00:01.044166,0.0005482970533030406,medium,COMPLETE
182,-0.0003349503711635264,2025-12-07 17:05:42.530865,2025-12-07 17:05:43.637413,0 days 00:00:01.106548,0.0008115788452791101,medium,COMPLETE
183,0.0009194459831839419,2025-12-07 17:05:43.638670,2025-12-07 17:05:44.701464,0 days 00:00:01.062794,0.0006198131064348302,medium,COMPLETE
184,-0.0004958031551119957,2025-12-07 17:05:44.702464,2025-12-07 17:05:45.775850,0 days 00:00:01.073386,0.0004549531154622279,medium,COMPLETE
185,0.00046362212932760105,2025-12-07 17:05:45.777355,2025-12-07 17:05:46.834989,0 days 00:00:01.057634,0.0007112091573723477,medium,COMPLETE
186,0.0008080691396028147,2025-12-07 17:05:46.834989,2025-12-07 17:05:47.885863,0 days 00:00:01.050874,0.0005832722128610744,medium,COMPLETE
187,-0.001408907640018479,2025-12-07 17:05:47.885863,2025-12-07 17:05:48.967616,0 days 00:00:01.081753,0.0009426530806188951,medium,COMPLETE
188,-0.00747035265901889,2025-12-07 17:05:48.969781,2025-12-07 17:05:50.047530,0 days 00:00:01.077749,0.00038648173414605226,medium,COMPLETE
189,0.0009194481619900774,2025-12-07 17:05:50.049034,2025-12-07 17:05:51.101408,0 days 00:00:01.052374,0.0006198170599520204,medium,COMPLETE
190,-0.0016559721242364045,2025-12-07 17:05:51.101408,2025-12-07 17:05:52.151129,0 days 00:00:01.049721,0.0015126276485768403,medium,COMPLETE
191,0.0009053809823038605,2025-12-07 17:05:52.153185,2025-12-07 17:05:53.286833,0 days 00:00:01.133648,0.0006295304006891957,medium,COMPLETE
192,0.0006215342430938575,2025-12-07 17:05:53.286833,2025-12-07 17:05:54.327402,0 days 00:00:01.040569,0.0004988620702915327,medium,COMPLETE
193,-1.6084229754002404e-06,2025-12-07 17:05:54.327913,2025-12-07 17:05:55.403617,0 days 00:00:01.075704,0.0007633628166267951,medium,COMPLETE
194,0.0008897120078907861,2025-12-07 17:05:55.404136,2025-12-07 17:05:56.503650,0 days 00:00:01.099514,0.0006410090952989557,medium,COMPLETE
195,0.0008988722638606506,2025-12-07 17:05:56.505154,2025-12-07 17:05:57.581215,0 days 00:00:01.076061,0.0006061610059598176,medium,COMPLETE
196,-0.016848148424002913,2025-12-07 17:05:57.583224,2025-12-07 17:05:58.760526,0 days 00:00:01.177302,0.00033219339374094306,medium,COMPLETE
197,0.0005300246972885411,2025-12-07 17:05:58.768852,2025-12-07 17:05:59.842045,0 days 00:00:01.073193,0.0004862947895396084,medium,COMPLETE
198,-0.0016559721242364045,2025-12-07 17:05:59.842045,2025-12-07 17:06:00.876408,0 days 00:00:01.034363,0.0011623122061501419,medium,COMPLETE
199,-0.0004736971922153499,2025-12-07 17:06:00.878414,2025-12-07 17:06:01.939773,0 days 00:00:01.061359,0.000829729613423269,medium,COMPLETE
200,0.0007242899142277567,2025-12-07 17:06:01.940777,2025-12-07 17:06:03.019468,0 days 00:00:01.078691,0.0005669660004522404,medium,COMPLETE
201,0.0008186286175729066,2025-12-07 17:06:03.020474,2025-12-07 17:06:03.951043,0 days 00:00:00.930569,0.0006661201318260673,medium,COMPLETE
202,-0.0033436099837761413,2025-12-07 17:06:03.951043,2025-12-07 17:06:04.920738,0 days 00:00:00.969695,0.0004202289289502885,medium,COMPLETE
203,0.0009158967969989199,2025-12-07 17:06:04.924543,2025-12-07 17:06:06.036962,0 days 00:00:01.112419,0.0006156132210126668,medium,COMPLETE
204,-0.0013067302904410383,2025-12-07 17:06:06.038683,2025-12-07 17:06:07.194625,0 days 00:00:01.155942,0.0009250785660674245,medium,COMPLETE
205,0.0006759354208346243,2025-12-07 17:06:07.197555,2025-12-07 17:06:08.436759,0 days 00:00:01.239204,0.0005389208744670219,medium,COMPLETE
206,6.255289011055283e-05,2025-12-07 17:06:08.437715,2025-12-07 17:06:09.507804,0 days 00:00:01.070089,0.0007531296346763659,medium,COMPLETE
207,-0.002976585745588715,2025-12-07 17:06:09.507804,2025-12-07 17:06:10.668899,0 days 00:00:01.161095,0.00042396065819558053,medium,COMPLETE
208,0.0008585333225129924,2025-12-07 17:06:10.670685,2025-12-07 17:06:11.722032,0 days 00:00:01.051347,0.0005939818893811145,medium,COMPLETE
209,-0.0013603920533854137,2025-12-07 17:06:11.723039,2025-12-07 17:06:12.795892,0 days 00:00:01.072853,0.0009343895901731,medium,COMPLETE
210,-0.017492765060598565,2025-12-07 17:06:12.795892,2025-12-07 17:06:13.939223,0 days 00:00:01.143331,0.0003292344533752057,medium,COMPLETE
211,0.0008667142988364462,2025-12-07 17:06:13.939223,2025-12-07 17:06:14.987647,0 days 00:00:01.048424,0.0006527696562785844,medium,COMPLETE
212,0.0008640743581687463,2025-12-07 17:06:14.987647,2025-12-07 17:06:16.061871,0 days 00:00:01.074224,0.0005953439180400893,medium,COMPLETE
213,0.00012520277734384688,2025-12-07 17:06:16.062876,2025-12-07 17:06:17.198889,0 days 00:00:01.136013,0.0007456929977029762,medium,COMPLETE
214,0.0006416853848759674,2025-12-07 17:06:17.198889,2025-12-07 17:06:18.344589,0 days 00:00:01.145700,0.0005030452774656995,medium,COMPLETE
215,-0.0016559721242364045,2025-12-07 17:06:18.345529,2025-12-07 17:06:19.392894,0 days 00:00:01.047365,0.0011124255168638057,medium,COMPLETE
216,-0.002835193863226504,2025-12-07 17:06:19.393920,2025-12-07 17:06:20.641701,0 days 00:00:01.247781,0.0004254071296347796,medium,COMPLETE
217,0.0007222918216266047,2025-12-07 17:06:20.642707,2025-12-07 17:06:21.837814,0 days 00:00:01.195107,0.0006836415088350914,medium,COMPLETE
218,-0.0005223844904515366,2025-12-07 17:06:21.838820,2025-12-07 17:06:22.904611,0 days 00:00:01.065791,0.0008358834411869994,medium,COMPLETE
219,0.0006013241731567994,2025-12-07 17:06:22.907342,2025-12-07 17:06:24.020732,0 days 00:00:01.113390,0.0004955799336980432,medium,COMPLETE
220,0.0009082273509735487,2025-12-07 17:06:24.020732,2025-12-07 17:06:25.122881,0 days 00:00:01.102149,0.0006283473216823671,medium,COMPLETE
221,0.0009157020113540101,2025-12-07 17:06:25.123820,2025-12-07 17:06:26.213626,0 days 00:00:01.089806,0.0006154439291343789,medium,COMPLETE
222,0.0006611113921109654,2025-12-07 17:06:26.213626,2025-12-07 17:06:27.267487,0 days 00:00:01.053861,0.0005085180017635503,medium,COMPLETE
223,0.0009197473245263025,2025-12-07 17:06:27.268498,2025-12-07 17:06:28.341359,0 days 00:00:01.072861,0.0006204038901142563,medium,COMPLETE
224,-0.0005296216771786636,2025-12-07 17:06:28.342180,2025-12-07 17:06:29.399407,0 days 00:00:01.057227,0.000836789286217395,medium,COMPLETE
225,0.0007750874676982397,2025-12-07 17:06:29.399407,2025-12-07 17:06:30.455210,0 days 00:00:01.055803,0.0005774566356885459,medium,COMPLETE
226,-0.0077407154299931795,2025-12-07 17:06:30.455210,2025-12-07 17:06:31.524284,0 days 00:00:01.069074,0.000384702942915034,medium,COMPLETE
227,6.722862446369623e-07,2025-12-07 17:06:31.525289,2025-12-07 17:06:32.571862,0 days 00:00:01.046573,0.0007630052648515467,medium,COMPLETE
228,0.000799140859528924,2025-12-07 17:06:32.572868,2025-12-07 17:06:33.688504,0 days 00:00:01.115636,0.0005816118012280948,medium,COMPLETE
229,-0.0016559721242364045,2025-12-07 17:06:33.690278,2025-12-07 17:06:34.821638,0 days 00:00:01.131360,0.001030334394850953,medium,COMPLETE
230,-0.0003489352529735627,2025-12-07 17:06:34.822602,2025-12-07 17:06:35.902324,0 days 00:00:01.079722,0.00045698325527443473,medium,COMPLETE
231,0.0007905993944758993,2025-12-07 17:06:35.904205,2025-12-07 17:06:36.999187,0 days 00:00:01.094982,0.0006722214256173058,medium,COMPLETE
232,0.0008819493551373014,2025-12-07 17:06:36.999187,2025-12-07 17:06:38.143663,0 days 00:00:01.144476,0.0006002696669843051,medium,COMPLETE
233,0.00065486248742704,2025-12-07 17:06:38.143663,2025-12-07 17:06:39.202099,0 days 00:00:01.058436,0.0005314541432234559,medium,COMPLETE
234,-0.00012742130419144773,2025-12-07 17:06:39.203229,2025-12-07 17:06:40.272969,0 days 00:00:01.069740,0.0007824464239582381,medium,COMPLETE
235,-0.0016559721242364045,2025-12-07 17:06:40.275418,2025-12-07 17:06:41.315542,0 days 00:00:01.040124,0.009714202989551224,medium,COMPLETE
236,-0.0064290790459919185,2025-12-07 17:06:41.320203,2025-12-07 17:06:42.403704,0 days 00:00:01.083501,0.00039384802768593105,medium,COMPLETE
237,0.0007737232216001496,2025-12-07 17:06:42.405297,2025-12-07 17:06:43.465217,0 days 00:00:01.059920,0.0006755482876180673,medium,COMPLETE
238,0.0005577092193358076,2025-12-07 17:06:43.466927,2025-12-07 17:06:44.435465,0 days 00:00:00.968538,0.0004894494788535035,medium,COMPLETE
239,-0.0012843749454052311,2025-12-07 17:06:44.435465,2025-12-07 17:06:45.497831,0 days 00:00:01.062366,0.0009211441404595393,medium,COMPLETE
240,0.0009198997088906887,2025-12-07 17:06:45.498834,2025-12-07 17:06:46.596504,0 days 00:00:01.097670,0.0006207464788230211,medium,COMPLETE
241,0.0008666865650175382,2025-12-07 17:06:46.596504,2025-12-07 17:06:47.682922,0 days 00:00:01.086418,0.0005960091418902541,medium,COMPLETE
242,0.0008864465695449889,2025-12-07 17:06:47.683928,2025-12-07 17:06:48.785974,0 days 00:00:01.102046,0.000643720978183913,medium,COMPLETE
243,-3.0491905035937943e-05,2025-12-07 17:06:48.786978,2025-12-07 17:06:49.841195,0 days 00:00:01.054217,0.0007678533674917038,medium,COMPLETE
244,0.0003709136388281668,2025-12-07 17:06:49.843487,2025-12-07 17:06:50.945628,0 days 00:00:01.102141,0.00047055289436957477,medium,COMPLETE
245,0.000888394359567557,2025-12-07 17:06:50.946628,2025-12-07 17:06:51.992781,0 days 00:00:01.046153,0.0006421813762481529,medium,COMPLETE
246,-0.0009826752830279413,2025-12-07 17:06:51.993794,2025-12-07 17:06:53.056759,0 days 00:00:01.062965,0.0008872510622496433,medium,COMPLETE
247,0.0006466747971285806,2025-12-07 17:06:53.057762,2025-12-07 17:06:54.160383,0 days 00:00:01.102621,0.0006925641733540976,medium,COMPLETE
248,-0.009747118520122777,2025-12-07 17:06:54.160383,2025-12-07 17:06:55.310038,0 days 00:00:01.149655,0.0003717714972571882,medium,COMPLETE
249,-0.0016559721242364045,2025-12-07 17:06:55.312040,2025-12-07 17:06:56.375266,0 days 00:00:01.063226,0.0010303962859769568,medium,COMPLETE
250,0.0002838396190578685,2025-12-07 17:06:56.376776,2025-12-07 17:06:57.459181,0 days 00:00:01.082405,0.0004672026411626013,medium,COMPLETE
251,0.0003445418484944914,2025-12-07 17:06:57.460052,2025-12-07 17:06:58.479056,0 days 00:00:01.019004,0.0007226445212753907,medium,COMPLETE
252,-0.0016559721242364045,2025-12-07 17:06:58.479056,2025-12-07 17:06:59.546738,0 days 00:00:01.067682,0.0012428609838073226,medium,COMPLETE
253,0.0006901367801482131,2025-12-07 17:06:59.547632,2025-12-07 17:07:00.694053,0 days 00:00:01.146421,0.0005607511034883526,medium,COMPLETE
254,-0.025970215553990483,2025-12-07 17:07:00.696125,2025-12-07 17:07:01.848289,0 days 00:00:01.152164,0.00029778298474911777,medium,COMPLETE
255,-0.00021685138044262123,2025-12-07 17:07:01.848289,2025-12-07 17:07:02.924141,0 days 00:00:01.075852,0.0007953237140117928,medium,COMPLETE
256,0.0006486946019615599,2025-12-07 17:07:02.924141,2025-12-07 17:07:04.011923,0 days 00:00:01.087782,0.0005047468006811821,medium,COMPLETE
257,0.0008902686722049488,2025-12-07 17:07:04.014830,2025-12-07 17:07:05.092109,0 days 00:00:01.077279,0.0006404713556016752,medium,COMPLETE
258,-0.006112575105835294,2025-12-07 17:07:05.093113,2025-12-07 17:07:06.357079,0 days 00:00:01.263966,0.0003962160561472946,medium,COMPLETE
259,-0.0016559721242364045,2025-12-07 17:07:06.357079,2025-12-07 17:07:07.411209,0 days 00:00:01.054130,0.0010087894490928195,medium,COMPLETE
260,-0.0016559721242364045,2025-12-07 17:07:07.417144,2025-12-07 17:07:08.476882,0 days 00:00:01.059738,0.05137114893203567,medium,COMPLETE
261,0.0006863415400736317,2025-12-07 17:07:08.478383,2025-12-07 17:07:09.557810,0 days 00:00:01.079427,0.0005568786430760518,medium,COMPLETE
262,-0.0005974471760400076,2025-12-07 17:07:09.557810,2025-12-07 17:07:10.645409,0 days 00:00:01.087599,0.0008451714188510245,medium,COMPLETE
263,0.0007513514658509987,2025-12-07 17:07:10.646413,2025-12-07 17:07:11.712014,0 days 00:00:01.065601,0.0006794564602944714,medium,COMPLETE
264,-0.0014797630448234826,2025-12-07 17:07:11.713015,2025-12-07 17:07:12.685292,0 days 00:00:00.972277,0.00044306667531270245,medium,COMPLETE
265,0.000729193881179202,2025-12-07 17:07:12.685292,2025-12-07 17:07:13.981056,0 days 00:00:01.295764,0.0005679017552059399,medium,COMPLETE
266,-0.012387899790382129,2025-12-07 17:07:13.982057,2025-12-07 17:07:15.112447,0 days 00:00:01.130390,0.00035566581602861774,medium,COMPLETE
267,-0.0003242727947794233,2025-12-07 17:07:15.113469,2025-12-07 17:07:16.179185,0 days 00:00:01.065716,0.0008101414605774595,medium,COMPLETE
268,0.0007940492872491692,2025-12-07 17:07:16.180187,2025-12-07 17:07:17.234285,0 days 00:00:01.054098,0.0006715120033979292,medium,COMPLETE
269,0.00035583377845294084,2025-12-07 17:07:17.234811,2025-12-07 17:07:18.278436,0 days 00:00:01.043625,0.00046889190647532447,medium,COMPLETE
270,-0.0016559721242364045,2025-12-07 17:07:18.281216,2025-12-07 17:07:19.372290,0 days 00:00:01.091074,0.0012502740110343269,medium,COMPLETE
271,-0.0016559721242364045,2025-12-07 17:07:19.372802,2025-12-07 17:07:20.405695,0 days 00:00:01.032893,0.0010075480911507185,medium,COMPLETE
272,0.0008821125508896946,2025-12-07 17:07:20.406391,2025-12-07 17:07:21.461955,0 days 00:00:01.055564,0.0006003194069965911,medium,COMPLETE
273,-0.00016935297750856707,2025-12-07 17:07:21.463963,2025-12-07 17:07:22.547307,0 days 00:00:01.083344,0.0007885496415526123,medium,COMPLETE
274,-0.003376785787998493,2025-12-07 17:07:22.547307,2025-12-07 17:07:23.652003,0 days 00:00:01.104696,0.000419898210243343,medium,COMPLETE
275,-0.0016559721242364045,2025-12-07 17:07:23.653078,2025-12-07 17:07:24.727010,0 days 00:00:01.073932,0.024211298453362538,medium,COMPLETE
276,-0.02468840911140006,2025-12-07 17:07:24.728435,2025-12-07 17:07:25.888291,0 days 00:00:01.159856,0.0003023719179905525,medium,COMPLETE
277,0.0006872648629725475,2025-12-07 17:07:25.888291,2025-12-07 17:07:26.880153,0 days 00:00:00.991862,0.00054743036123207,medium,COMPLETE
278,0.0007286734553875185,2025-12-07 17:07:26.880153,2025-12-07 17:07:27.963976,0 days 00:00:01.083823,0.0006828137042786773,medium,COMPLETE
279,-0.0015334356167827263,2025-12-07 17:07:27.965153,2025-12-07 17:07:29.063737,0 days 00:00:01.098584,0.0009632426782160953,medium,COMPLETE
280,0.0006591469166091768,2025-12-07 17:07:29.064906,2025-12-07 17:07:30.182038,0 days 00:00:01.117132,0.0005078232829248137,medium,COMPLETE
281,0.0001601640289528028,2025-12-07 17:07:30.182038,2025-12-07 17:07:31.261709,0 days 00:00:01.079671,0.000741544447432491,medium,COMPLETE
282,-0.005496523679458483,2025-12-07 17:07:31.261709,2025-12-07 17:07:32.341636,0 days 00:00:01.079927,0.00040101021513035254,medium,COMPLETE
283,-0.0016559721242364045,2025-12-07 17:07:32.343127,2025-12-07 17:07:33.390228,0 days 00:00:01.047101,0.1110686724840285,medium,COMPLETE
284,0.000810998308948078,2025-12-07 17:07:33.391738,2025-12-07 17:07:34.425585,0 days 00:00:01.033847,0.0005838333672579919,medium,COMPLETE
285,-0.0012208809212265563,2025-12-07 17:07:34.425585,2025-12-07 17:07:35.505287,0 days 00:00:01.079702,0.0009105031631085806,medium,COMPLETE
286,0.00036828398793061395,2025-12-07 17:07:35.506793,2025-12-07 17:07:36.587243,0 days 00:00:01.080450,0.0004702751245560419,medium,COMPLETE
287,-0.0016559721242364045,2025-12-07 17:07:36.589064,2025-12-07 17:07:37.635507,0 days 00:00:01.046443,0.001358488791982244,medium,COMPLETE
288,0.0008034266260089998,2025-12-07 17:07:37.637616,2025-12-07 17:07:38.708513,0 days 00:00:01.070897,0.0006695267364299549,medium,COMPLETE
289,-0.015221752008799383,2025-12-07 17:07:38.710318,2025-12-07 17:07:39.879635,0 days 00:00:01.169317,0.0003398694164805315,medium,COMPLETE
290,-4.171821574709226e-05,2025-12-07 17:07:39.881439,2025-12-07 17:07:40.926750,0 days 00:00:01.045311,0.0007695803567848682,medium,COMPLETE
291,0.0006867991047478927,2025-12-07 17:07:40.926750,2025-12-07 17:07:41.998465,0 days 00:00:01.071715,0.0005550290128802967,medium,COMPLETE
292,-0.001866536971575905,2025-12-07 17:07:41.999646,2025-12-07 17:07:43.133882,0 days 00:00:01.134236,0.00043770062202574424,medium,COMPLETE
293,-0.04694270701058426,2025-12-07 17:07:43.133882,2025-12-07 17:07:44.440951,0 days 00:00:01.307069,0.0002496360321253156,medium,COMPLETE
294,-0.0016559721242364045,2025-12-07 17:07:44.442518,2025-12-07 17:07:45.511788,0 days 00:00:01.069270,0.0010965905892194477,medium,COMPLETE
295,0.0009205237462684979,2025-12-07 17:07:45.511788,2025-12-07 17:07:46.567868,0 days 00:00:01.056080,0.0006233936279422529,medium,COMPLETE
296,-0.0016559721242364045,2025-12-07 17:07:46.567868,2025-12-07 17:07:47.646919,0 days 00:00:01.079051,0.006051698223232337,medium,COMPLETE
297,-0.0010025328024200937,2025-12-07 17:07:47.646919,2025-12-07 17:07:48.697739,0 days 00:00:01.050820,0.0008892242903787119,medium,COMPLETE
298,0.0005952371119650746,2025-12-07 17:07:48.697739,2025-12-07 17:07:49.763369,0 days 00:00:01.065630,0.0004946234993900791,medium,COMPLETE
299,0.0006742788568337618,2025-12-07 17:07:49.765201,2025-12-07 17:07:50.825479,0 days 00:00:01.060278,0.0006894117998404775,medium,COMPLETE
