number,value,datetime_start,datetime_complete,duration,params_ridge_alpha,user_attrs_feature_level,state
0,-1336518.217142487,2025-12-07 16:40:47.017510,2025-12-07 16:40:48.557308,0 days 00:00:01.539798,0.041858227295469716,advanced,COMPLETE
1,-26683.416468970627,2025-12-07 16:40:48.558307,2025-12-07 16:40:50.124442,0 days 00:00:01.566135,451.85609510240965,advanced,COMPLETE
2,-262298.52981481777,2025-12-07 16:40:50.125511,2025-12-07 16:40:51.641085,0 days 00:00:01.515574,13.3032451015229,advanced,COMPLETE
3,-195883.15142299896,2025-12-07 16:40:51.643093,2025-12-07 16:40:53.102208,0 days 00:00:01.459115,1.55099139875943,advanced,COMPLETE
4,-2675276.7026013406,2025-12-07 16:40:53.104213,2025-12-07 16:40:54.538299,0 days 00:00:01.434086,0.0012363188277052211,advanced,COMPLETE
5,-2675386.8337234315,2025-12-07 16:40:54.538299,2025-12-07 16:40:56.037403,0 days 00:00:01.499104,0.0012358382772306934,advanced,COMPLETE
6,-3522743.604038725,2025-12-07 16:40:56.039412,2025-12-07 16:40:57.456854,0 days 00:00:01.417442,0.00025502648504032837,advanced,COMPLETE
7,-81432.30481430545,2025-12-07 16:40:57.456854,2025-12-07 16:40:58.842106,0 days 00:00:01.385252,115.67327199145953,advanced,COMPLETE
8,-195518.50022355458,2025-12-07 16:40:58.842106,2025-12-07 16:41:00.368249,0 days 00:00:01.526143,1.6136341713591311,advanced,COMPLETE
9,-261815.67504570071,2025-12-07 16:41:00.368249,2025-12-07 16:41:01.873904,0 days 00:00:01.505655,9.047071957568372,advanced,COMPLETE
10,-16897.69214441015,2025-12-07 16:41:01.874905,2025-12-07 16:41:03.303996,0 days 00:00:01.429091,718.5614470935544,advanced,COMPLETE
11,-34483.254402252096,2025-12-07 16:41:03.306126,2025-12-07 16:41:04.790299,0 days 00:00:01.484173,338.8706842735184,advanced,COMPLETE
12,-19924.487289507215,2025-12-07 16:41:04.790299,2025-12-07 16:41:06.142645,0 days 00:00:01.352346,612.0117715317866,advanced,COMPLETE
13,-166670.0780215654,2025-12-07 16:41:06.144155,2025-12-07 16:41:07.589190,0 days 00:00:01.445035,42.78248928108161,advanced,COMPLETE
14,-13847.776383595912,2025-12-07 16:41:07.591197,2025-12-07 16:41:09.056553,0 days 00:00:01.465356,864.5839377181267,advanced,COMPLETE
15,-1694117.8193586487,2025-12-07 16:41:09.058560,2025-12-07 16:41:10.520175,0 days 00:00:01.461615,0.025531292949199733,advanced,COMPLETE
16,-148491.96913279407,2025-12-07 16:41:10.520175,2025-12-07 16:41:11.977212,0 days 00:00:01.457037,51.03761342445244,advanced,COMPLETE
17,-230495.0358377484,2025-12-07 16:41:11.978218,2025-12-07 16:41:13.476350,0 days 00:00:01.498132,0.6053400498632163,advanced,COMPLETE
18,-261973.36536503278,2025-12-07 16:41:13.477353,2025-12-07 16:41:14.958812,0 days 00:00:01.481459,13.472557458267847,advanced,COMPLETE
19,-12261.049131211732,2025-12-07 16:41:14.960819,2025-12-07 16:41:16.475692,0 days 00:00:01.514873,964.0917821827791,advanced,COMPLETE
20,-599271.3854680392,2025-12-07 16:41:16.475692,2025-12-07 16:41:18.106779,0 days 00:00:01.631087,0.12715685875133698,advanced,COMPLETE
21,-18004.10895009744,2025-12-07 16:41:18.108637,2025-12-07 16:41:19.606368,0 days 00:00:01.497731,676.0829634943044,advanced,COMPLETE
22,-82285.20616719517,2025-12-07 16:41:19.607440,2025-12-07 16:41:21.101152,0 days 00:00:01.493712,114.11020267415068,advanced,COMPLETE
23,-13609.43277901219,2025-12-07 16:41:21.101152,2025-12-07 16:41:22.592744,0 days 00:00:01.491592,878.2837156621935,advanced,COMPLETE
24,-62802.254954541226,2025-12-07 16:41:22.593889,2025-12-07 16:41:24.061094,0 days 00:00:01.467205,161.913329039408,advanced,COMPLETE
25,-198077.7202505689,2025-12-07 16:41:24.062093,2025-12-07 16:41:25.588448,0 days 00:00:01.526355,31.807050326647353,advanced,COMPLETE
26,-209043.62434954965,2025-12-07 16:41:25.588448,2025-12-07 16:41:27.156631,0 days 00:00:01.568183,3.2881108327352506,advanced,COMPLETE
27,-11933.929352323714,2025-12-07 16:41:27.156631,2025-12-07 16:41:28.727928,0 days 00:00:01.571297,987.337322016025,advanced,COMPLETE
28,-58948.83450873877,2025-12-07 16:41:28.730430,2025-12-07 16:41:30.251586,0 days 00:00:01.521156,175.57701770856028,advanced,COMPLETE
29,-1179074.485468826,2025-12-07 16:41:30.251586,2025-12-07 16:41:31.753209,0 days 00:00:01.501623,0.05166059792654139,advanced,COMPLETE
30,-146030.51136514603,2025-12-07 16:41:31.755217,2025-12-07 16:41:33.271776,0 days 00:00:01.516559,52.30948962651508,advanced,COMPLETE
31,-12031.461967625815,2025-12-07 16:41:33.273445,2025-12-07 16:41:34.792835,0 days 00:00:01.519390,980.2957517319637,advanced,COMPLETE
32,-43642.975850460265,2025-12-07 16:41:34.794026,2025-12-07 16:41:36.286512,0 days 00:00:01.492486,255.83558526365496,advanced,COMPLETE
33,-46424.51831392138,2025-12-07 16:41:36.286512,2025-12-07 16:41:37.759295,0 days 00:00:01.472783,237.11303475209897,advanced,COMPLETE
34,-13017.455563691097,2025-12-07 16:41:37.760863,2025-12-07 16:41:39.274001,0 days 00:00:01.513138,914.1194350205664,advanced,COMPLETE
35,-246039.4713686648,2025-12-07 16:41:39.274001,2025-12-07 16:41:40.759376,0 days 00:00:01.485375,18.73142243121762,advanced,COMPLETE
36,-106912.0627194243,2025-12-07 16:41:40.760564,2025-12-07 16:41:42.324135,0 days 00:00:01.563571,80.74148824028408,advanced,COMPLETE
37,-235073.35466540334,2025-12-07 16:41:42.326145,2025-12-07 16:41:43.818131,0 days 00:00:01.491986,5.212535701960554,advanced,COMPLETE
38,-2341259.4531001276,2025-12-07 16:41:43.818131,2025-12-07 16:41:45.288354,0 days 00:00:01.470223,0.006090362383240358,advanced,COMPLETE
39,-32876.63024442172,2025-12-07 16:41:45.290127,2025-12-07 16:41:46.875337,0 days 00:00:01.585210,358.0484793286321,advanced,COMPLETE
40,-11900.45513847647,2025-12-07 16:41:46.876293,2025-12-07 16:41:48.376385,0 days 00:00:01.500092,989.7763455528143,advanced,COMPLETE
41,-33728.00752302475,2025-12-07 16:41:48.376385,2025-12-07 16:41:49.843568,0 days 00:00:01.467183,347.66991055392435,advanced,COMPLETE
42,-80537.18483849351,2025-12-07 16:41:49.844615,2025-12-07 16:41:51.422139,0 days 00:00:01.577524,117.3536339077416,advanced,COMPLETE
43,-11993.608680601346,2025-12-07 16:41:51.422139,2025-12-07 16:41:52.893865,0 days 00:00:01.471726,983.017249636398,advanced,COMPLETE
44,-38498.43152555341,2025-12-07 16:41:52.895498,2025-12-07 16:41:54.261110,0 days 00:00:01.365612,297.68375110108406,advanced,COMPLETE
45,-11890.837942393584,2025-12-07 16:41:54.262111,2025-12-07 16:41:55.775733,0 days 00:00:01.513622,990.479209014587,advanced,COMPLETE
46,-26191.35549910513,2025-12-07 16:41:55.775733,2025-12-07 16:41:57.255463,0 days 00:00:01.479730,461.02973991062873,advanced,COMPLETE
47,-228697.8950074,2025-12-07 16:41:57.256127,2025-12-07 16:41:58.727242,0 days 00:00:01.471115,23.29676504351426,advanced,COMPLETE
48,-117574.56105088315,2025-12-07 16:41:58.728701,2025-12-07 16:42:00.156994,0 days 00:00:01.428293,70.99772233056154,advanced,COMPLETE
49,-27354.71412747436,2025-12-07 16:42:00.156994,2025-12-07 16:42:01.677888,0 days 00:00:01.520894,439.82059764464526,advanced,COMPLETE
50,-61041.589835376675,2025-12-07 16:42:01.679153,2025-12-07 16:42:03.202875,0 days 00:00:01.523722,167.92187259253407,advanced,COMPLETE
51,-13316.138067694672,2025-12-07 16:42:03.203883,2025-12-07 16:42:04.691097,0 days 00:00:01.487214,895.7046097805197,advanced,COMPLETE
52,-3341483.9876828603,2025-12-07 16:42:04.691097,2025-12-07 16:42:06.012005,0 days 00:00:01.320908,0.00032090906137060806,advanced,COMPLETE
53,-12333.553740276404,2025-12-07 16:42:06.013003,2025-12-07 16:42:07.473872,0 days 00:00:01.460869,959.0797161804383,advanced,COMPLETE
54,-39362.23899235392,2025-12-07 16:42:07.473872,2025-12-07 16:42:08.907561,0 days 00:00:01.433689,289.8956495321818,advanced,COMPLETE
55,-23814.557212070587,2025-12-07 16:42:08.909065,2025-12-07 16:42:10.388938,0 days 00:00:01.479873,510.0618465199545,advanced,COMPLETE
56,-96512.9188897318,2025-12-07 16:42:10.388938,2025-12-07 16:42:11.823668,0 days 00:00:01.434730,92.53252311374479,advanced,COMPLETE
57,-279643.49027779413,2025-12-07 16:42:11.825425,2025-12-07 16:42:13.260617,0 days 00:00:01.435192,0.36688402991712277,advanced,COMPLETE
58,-23102.262481194663,2025-12-07 16:42:13.260617,2025-12-07 16:42:14.760513,0 days 00:00:01.499896,526.4815822829488,advanced,COMPLETE
59,-62313.30063058991,2025-12-07 16:42:14.761798,2025-12-07 16:42:16.278039,0 days 00:00:01.516241,163.54454950995517,advanced,COMPLETE
60,-18981.80330869762,2025-12-07 16:42:16.278039,2025-12-07 16:42:17.861855,0 days 00:00:01.583816,642.0790700824111,advanced,COMPLETE
61,-13556.375174001389,2025-12-07 16:42:17.862854,2025-12-07 16:42:19.262258,0 days 00:00:01.399404,881.3883257002385,advanced,COMPLETE
62,-11828.741252440554,2025-12-07 16:42:19.262258,2025-12-07 16:42:20.644643,0 days 00:00:01.382385,995.0405345030265,advanced,COMPLETE
63,-23542.18048649073,2025-12-07 16:42:20.646428,2025-12-07 16:42:21.994946,0 days 00:00:01.348518,516.237566274939,advanced,COMPLETE
64,-50931.53263392084,2025-12-07 16:42:21.996018,2025-12-07 16:42:23.478576,0 days 00:00:01.482558,211.26404454024362,advanced,COMPLETE
65,-30054.07360724117,2025-12-07 16:42:23.478576,2025-12-07 16:42:24.879167,0 days 00:00:01.400591,396.3839434505235,advanced,COMPLETE
66,-76617.04057307234,2025-12-07 16:42:24.879167,2025-12-07 16:42:26.358161,0 days 00:00:01.478994,125.23296513109266,advanced,COMPLETE
67,-170295.37473108873,2025-12-07 16:42:26.360170,2025-12-07 16:42:27.822270,0 days 00:00:01.462100,41.33638470770049,advanced,COMPLETE
68,-45872.929673827144,2025-12-07 16:42:27.824278,2025-12-07 16:42:29.251086,0 days 00:00:01.426808,240.6403751641862,advanced,COMPLETE
69,-20128.960206423257,2025-12-07 16:42:29.253087,2025-12-07 16:42:30.644951,0 days 00:00:01.391864,605.8097892325943,advanced,COMPLETE
70,-12227.415425710837,2025-12-07 16:42:30.644951,2025-12-07 16:42:32.110014,0 days 00:00:01.465063,966.4337008444835,advanced,COMPLETE
71,-13272.799207575657,2025-12-07 16:42:32.111013,2025-12-07 16:42:33.607052,0 days 00:00:01.496039,898.3334744727946,advanced,COMPLETE
72,-21220.469613690515,2025-12-07 16:42:33.607052,2025-12-07 16:42:35.171777,0 days 00:00:01.564725,574.4530960322188,advanced,COMPLETE
73,-36056.800617981615,2025-12-07 16:42:35.173788,2025-12-07 16:42:36.664261,0 days 00:00:01.490473,321.6719686115905,advanced,COMPLETE
74,-12405.196722908935,2025-12-07 16:42:36.665265,2025-12-07 16:42:38.165366,0 days 00:00:01.500101,954.1754847404105,advanced,COMPLETE
75,-56039.69992404563,2025-12-07 16:42:38.167198,2025-12-07 16:42:39.763082,0 days 00:00:01.595884,187.2571048887136,advanced,COMPLETE
76,-2278964.88817515,2025-12-07 16:42:39.765136,2025-12-07 16:42:41.239012,0 days 00:00:01.473876,0.007676493548583711,advanced,COMPLETE
77,-195331.18478010336,2025-12-07 16:42:41.241019,2025-12-07 16:42:42.596419,0 days 00:00:01.355400,1.964538236167475,advanced,COMPLETE
78,-31691.189432964093,2025-12-07 16:42:42.596419,2025-12-07 16:42:44.028713,0 days 00:00:01.432294,373.3726099019628,advanced,COMPLETE
79,-130226.65960021112,2025-12-07 16:42:44.029793,2025-12-07 16:42:45.508972,0 days 00:00:01.479179,61.63812860854364,advanced,COMPLETE
80,-20503.096758347896,2025-12-07 16:42:45.508972,2025-12-07 16:42:46.992742,0 days 00:00:01.483770,594.7376648348604,advanced,COMPLETE
81,-11872.14146950162,2025-12-07 16:42:46.992742,2025-12-07 16:42:48.445454,0 days 00:00:01.452712,991.8483535753805,advanced,COMPLETE
82,-11830.740706500712,2025-12-07 16:42:48.446747,2025-12-07 16:42:49.895513,0 days 00:00:01.448766,994.8930389636428,advanced,COMPLETE
83,-43411.631508469196,2025-12-07 16:42:49.896841,2025-12-07 16:42:51.362243,0 days 00:00:01.465402,257.50334083311117,advanced,COMPLETE
84,-19016.646720709552,2025-12-07 16:42:51.363539,2025-12-07 16:42:52.794535,0 days 00:00:01.430996,640.9224175461995,advanced,COMPLETE
85,-77485.47316118972,2025-12-07 16:42:52.795537,2025-12-07 16:42:54.244350,0 days 00:00:01.448813,123.41039436791226,advanced,COMPLETE
86,-30425.990756297357,2025-12-07 16:42:54.244350,2025-12-07 16:42:55.712581,0 days 00:00:01.468231,390.95485007785135,advanced,COMPLETE
87,-17073.140894862994,2025-12-07 16:42:55.713702,2025-12-07 16:42:57.180769,0 days 00:00:01.467067,711.5147962277687,advanced,COMPLETE
88,-12251.586345243059,2025-12-07 16:42:57.181769,2025-12-07 16:42:58.708157,0 days 00:00:01.526388,964.7495875520185,advanced,COMPLETE
89,-43863.52248816868,2025-12-07 16:42:58.708157,2025-12-07 16:43:00.237049,0 days 00:00:01.528892,254.26233502031283,advanced,COMPLETE
90,-31800.966990689893,2025-12-07 16:43:00.245310,2025-12-07 16:43:01.761602,0 days 00:00:01.516292,371.9085548759099,advanced,COMPLETE
91,-11983.231642064939,2025-12-07 16:43:01.762608,2025-12-07 16:43:03.310860,0 days 00:00:01.548252,983.7658327615118,advanced,COMPLETE
92,-25208.909190363876,2025-12-07 16:43:03.310860,2025-12-07 16:43:04.825843,0 days 00:00:01.514983,480.30077805216484,advanced,COMPLETE
93,-19190.024053957764,2025-12-07 16:43:04.825843,2025-12-07 16:43:06.378552,0 days 00:00:01.552709,635.2204576898281,advanced,COMPLETE
94,-16545.264186745735,2025-12-07 16:43:06.378552,2025-12-07 16:43:07.872882,0 days 00:00:01.494330,733.0972352263931,advanced,COMPLETE
95,-28268.831451848542,2025-12-07 16:43:07.872882,2025-12-07 16:43:09.361152,0 days 00:00:01.488270,424.2649049176461,advanced,COMPLETE
96,-11863.094952155312,2025-12-07 16:43:09.361152,2025-12-07 16:43:10.825802,0 days 00:00:01.464650,992.512129354609,advanced,COMPLETE
97,-59186.14692284226,2025-12-07 16:43:10.827545,2025-12-07 16:43:12.246738,0 days 00:00:01.419193,174.67918978310303,advanced,COMPLETE
98,-522948.4170385716,2025-12-07 16:43:12.247739,2025-12-07 16:43:13.693716,0 days 00:00:01.445977,0.1498386150589921,advanced,COMPLETE
99,-95075.69415442947,2025-12-07 16:43:13.697857,2025-12-07 16:43:15.125596,0 days 00:00:01.427739,94.38719222279961,advanced,COMPLETE
100,-35085.15864130498,2025-12-07 16:43:15.127002,2025-12-07 16:43:16.604878,0 days 00:00:01.477876,332.117079858465,advanced,COMPLETE
101,-11984.247131124774,2025-12-07 16:43:16.604878,2025-12-07 16:43:18.056066,0 days 00:00:01.451188,983.6925290280708,advanced,COMPLETE
102,-17785.140647258766,2025-12-07 16:43:18.057070,2025-12-07 16:43:19.648345,0 days 00:00:01.591275,684.1331257019286,advanced,COMPLETE
103,-24863.7297601216,2025-12-07 16:43:19.649459,2025-12-07 16:43:21.174679,0 days 00:00:01.525220,487.3927433776948,advanced,COMPLETE
104,-11825.83118353308,2025-12-07 16:43:21.176332,2025-12-07 16:43:22.679382,0 days 00:00:01.503050,995.2552788964525,advanced,COMPLETE
105,-44060.17140158616,2025-12-07 16:43:22.679382,2025-12-07 16:43:24.013603,0 days 00:00:01.334221,252.87308900770321,advanced,COMPLETE
106,-16303.648697159833,2025-12-07 16:43:24.013603,2025-12-07 16:43:25.507490,0 days 00:00:01.493887,743.3686645142897,advanced,COMPLETE
107,-25786.371167328693,2025-12-07 16:43:25.507490,2025-12-07 16:43:26.991427,0 days 00:00:01.483937,468.8148460794757,advanced,COMPLETE
108,-68744.99632461232,2025-12-07 16:43:26.994369,2025-12-07 16:43:28.474730,0 days 00:00:01.480361,144.12365061732797,advanced,COMPLETE
109,-17143.636546639344,2025-12-07 16:43:28.476117,2025-12-07 16:43:29.964994,0 days 00:00:01.488877,708.7178611002554,advanced,COMPLETE
110,-263827.816244346,2025-12-07 16:43:29.964994,2025-12-07 16:43:31.417448,0 days 00:00:01.452454,10.018122214206088,advanced,COMPLETE
111,-15642.019292036879,2025-12-07 16:43:31.417448,2025-12-07 16:43:32.766226,0 days 00:00:01.348778,772.8590675357561,advanced,COMPLETE
112,-12530.00187482075,2025-12-07 16:43:32.766736,2025-12-07 16:43:34.225365,0 days 00:00:01.458629,945.7445081711498,advanced,COMPLETE
113,-23300.636641348112,2025-12-07 16:43:34.225365,2025-12-07 16:43:35.743867,0 days 00:00:01.518502,521.8201980443871,advanced,COMPLETE
114,-36476.452878830445,2025-12-07 16:43:35.744873,2025-12-07 16:43:37.307524,0 days 00:00:01.562651,317.32680405136364,advanced,COMPLETE
115,-12309.057075316014,2025-12-07 16:43:37.307524,2025-12-07 16:43:38.869543,0 days 00:00:01.562019,960.7675751282626,advanced,COMPLETE
116,-4121806.648076054,2025-12-07 16:43:38.869543,2025-12-07 16:43:40.365132,0 days 00:00:01.495589,0.00013228445869535238,advanced,COMPLETE
117,-47462.853835899754,2025-12-07 16:43:40.366236,2025-12-07 16:43:41.847574,0 days 00:00:01.481338,230.70310422149043,advanced,COMPLETE
118,-22998.219445158975,2025-12-07 16:43:41.847574,2025-12-07 16:43:43.315650,0 days 00:00:01.468076,528.9545258191813,advanced,COMPLETE
119,-30382.30502284069,2025-12-07 16:43:43.316156,2025-12-07 16:43:44.848688,0 days 00:00:01.532532,391.58618839148903,advanced,COMPLETE
120,-11785.449542831693,2025-12-07 16:43:44.848688,2025-12-07 16:43:46.365719,0 days 00:00:01.517031,998.2443569153445,advanced,COMPLETE
121,-12178.122082253774,2025-12-07 16:43:46.366227,2025-12-07 16:43:47.893859,0 days 00:00:01.527632,969.8855777406006,advanced,COMPLETE
122,-18806.384435421172,2025-12-07 16:43:47.895626,2025-12-07 16:43:49.369756,0 days 00:00:01.474130,647.9577819629725,advanced,COMPLETE
123,-18393.09621606761,2025-12-07 16:43:49.371195,2025-12-07 16:43:50.855514,0 days 00:00:01.484319,662.1853194494983,advanced,COMPLETE
124,-25413.5399393047,2025-12-07 16:43:50.857111,2025-12-07 16:43:52.328299,0 days 00:00:01.471188,476.177419533895,advanced,COMPLETE
125,-11804.042228388973,2025-12-07 16:43:52.329300,2025-12-07 16:43:53.848280,0 days 00:00:01.518980,996.8659834690883,advanced,COMPLETE
126,-38064.34949753723,2025-12-07 16:43:53.849841,2025-12-07 16:43:55.281662,0 days 00:00:01.431821,301.7287600608128,advanced,COMPLETE
127,-212831.01648988863,2025-12-07 16:43:55.282795,2025-12-07 16:43:56.750084,0 days 00:00:01.467289,0.8398747878281033,advanced,COMPLETE
128,-12347.259043139418,2025-12-07 16:43:56.751616,2025-12-07 16:43:58.182464,0 days 00:00:01.430848,958.1378481687956,advanced,COMPLETE
129,-18694.063313689472,2025-12-07 16:43:58.183626,2025-12-07 16:43:59.658945,0 days 00:00:01.475319,651.771344131178,advanced,COMPLETE
130,-53165.508228515675,2025-12-07 16:43:59.660953,2025-12-07 16:44:01.109985,0 days 00:00:01.449032,200.15809767178857,advanced,COMPLETE
131,-27631.246472838513,2025-12-07 16:44:01.111992,2025-12-07 16:44:02.632138,0 days 00:00:01.520146,435.01644315555484,advanced,COMPLETE
132,-11836.811708167761,2025-12-07 16:44:02.633033,2025-12-07 16:44:04.127183,0 days 00:00:01.494150,994.4454498566239,advanced,COMPLETE
133,-17163.782231843976,2025-12-07 16:44:04.127183,2025-12-07 16:44:05.449873,0 days 00:00:01.322690,707.9221515117392,advanced,COMPLETE
134,-2671538.7815767764,2025-12-07 16:44:05.450771,2025-12-07 16:44:06.999202,0 days 00:00:01.548431,0.001252818735576637,advanced,COMPLETE
135,-23822.43838027204,2025-12-07 16:44:06.999202,2025-12-07 16:44:08.525631,0 days 00:00:01.526429,509.8850035702318,advanced,COMPLETE
136,-12365.98151218648,2025-12-07 16:44:08.526956,2025-12-07 16:44:10.026435,0 days 00:00:01.499479,956.8540142007728,advanced,COMPLETE
137,-11771.02422699177,2025-12-07 16:44:10.026435,2025-12-07 16:44:11.537509,0 days 00:00:01.511074,999.3162954777592,advanced,COMPLETE
138,-33614.841820742695,2025-12-07 16:44:11.538620,2025-12-07 16:44:13.048115,0 days 00:00:01.509495,349.02074593232817,advanced,COMPLETE
139,-17786.922239106123,2025-12-07 16:44:13.049118,2025-12-07 16:44:14.532195,0 days 00:00:01.483077,684.0669480331142,advanced,COMPLETE
140,-22334.4806958831,2025-12-07 16:44:14.533486,2025-12-07 16:44:15.979041,0 days 00:00:01.445555,545.2034465746475,advanced,COMPLETE
141,-12580.464776603958,2025-12-07 16:44:15.981049,2025-12-07 16:44:17.443685,0 days 00:00:01.462636,942.3754203626982,advanced,COMPLETE
142,-16638.052862136057,2025-12-07 16:44:17.445293,2025-12-07 16:44:18.949175,0 days 00:00:01.503882,729.2197242954063,advanced,COMPLETE
143,-11951.14599271928,2025-12-07 16:44:18.950240,2025-12-07 16:44:20.527250,0 days 00:00:01.577010,986.0873313038312,advanced,COMPLETE
144,-22629.728943097507,2025-12-07 16:44:20.528255,2025-12-07 16:44:22.057425,0 days 00:00:01.529170,537.8727290125437,advanced,COMPLETE
145,-11785.017574506031,2025-12-07 16:44:22.058289,2025-12-07 16:44:23.582035,0 days 00:00:01.523746,998.2764243292592,advanced,COMPLETE
146,-30363.184899810673,2025-12-07 16:44:23.583041,2025-12-07 16:44:25.100641,0 days 00:00:01.517600,391.86303752560866,advanced,COMPLETE
147,-16974.3637676706,2025-12-07 16:44:25.101152,2025-12-07 16:44:26.586920,0 days 00:00:01.485768,715.4668724181043,advanced,COMPLETE
148,-40726.97076220151,2025-12-07 16:44:26.586920,2025-12-07 16:44:28.033035,0 days 00:00:01.446115,278.2582065411964,advanced,COMPLETE
149,-28871.437816954876,2025-12-07 16:44:28.035132,2025-12-07 16:44:29.524275,0 days 00:00:01.489143,414.50104905987484,advanced,COMPLETE
150,-11774.593491109743,2025-12-07 16:44:29.524275,2025-12-07 16:44:30.982326,0 days 00:00:01.458051,999.0508601182426,advanced,COMPLETE
151,-16342.706541929847,2025-12-07 16:44:30.983837,2025-12-07 16:44:32.412893,0 days 00:00:01.429056,741.690886211796,advanced,COMPLETE
152,-12417.888805939212,2025-12-07 16:44:32.413936,2025-12-07 16:44:33.990488,0 days 00:00:01.576552,953.3116108379115,advanced,COMPLETE
153,-22016.14454348838,2025-12-07 16:44:33.991488,2025-12-07 16:44:35.502099,0 days 00:00:01.510611,553.2990325933272,advanced,COMPLETE
154,-17703.34110695041,2025-12-07 16:44:35.503103,2025-12-07 16:44:37.026306,0 days 00:00:01.523203,687.1837673067986,advanced,COMPLETE
155,-23227.047498444193,2025-12-07 16:44:37.026306,2025-12-07 16:44:38.513273,0 days 00:00:01.486967,523.5412469038753,advanced,COMPLETE
156,-36116.29719215201,2025-12-07 16:44:38.515095,2025-12-07 16:44:40.125359,0 days 00:00:01.610264,321.0499882875499,advanced,COMPLETE
157,-12393.557953689306,2025-12-07 16:44:40.126365,2025-12-07 16:44:41.632528,0 days 00:00:01.506163,954.968968984218,advanced,COMPLETE
158,-16769.630521147847,2025-12-07 16:44:41.634039,2025-12-07 16:44:43.196087,0 days 00:00:01.562048,723.7835332253625,advanced,COMPLETE
159,-26543.418002394086,2025-12-07 16:44:43.201479,2025-12-07 16:44:44.722576,0 days 00:00:01.521097,454.4350535504461,advanced,COMPLETE
160,-12192.710887384945,2025-12-07 16:44:44.724095,2025-12-07 16:44:46.298727,0 days 00:00:01.574632,968.8615271946389,advanced,COMPLETE
161,-17770.84784297045,2025-12-07 16:44:46.300236,2025-12-07 16:44:47.849299,0 days 00:00:01.549063,684.6644433017955,advanced,COMPLETE
162,-1536684.0634952418,2025-12-07 16:44:47.850303,2025-12-07 16:44:49.361597,0 days 00:00:01.511294,0.03193912773814254,advanced,COMPLETE
163,-11948.009415754392,2025-12-07 16:44:49.361597,2025-12-07 16:44:50.881811,0 days 00:00:01.520214,986.3148332512491,advanced,COMPLETE
164,-22584.278327713633,2025-12-07 16:44:50.883556,2025-12-07 16:44:52.365519,0 days 00:00:01.481963,538.9903269674091,advanced,COMPLETE
165,-17549.13020121182,2025-12-07 16:44:52.366741,2025-12-07 16:44:53.840093,0 days 00:00:01.473352,693.0005180869325,advanced,COMPLETE
166,-32109.037886266637,2025-12-07 16:44:53.840093,2025-12-07 16:44:55.418975,0 days 00:00:01.578882,367.8499935715338,advanced,COMPLETE
167,-15927.293678534572,2025-12-07 16:44:55.420043,2025-12-07 16:44:56.979813,0 days 00:00:01.559770,759.8904066359578,advanced,COMPLETE
168,-12182.26271314929,2025-12-07 16:44:56.980815,2025-12-07 16:44:58.550775,0 days 00:00:01.569960,969.5947202668872,advanced,COMPLETE
169,-224699.64310157872,2025-12-07 16:44:58.552831,2025-12-07 16:45:00.151383,0 days 00:00:01.598552,4.396971508374938,advanced,COMPLETE
170,-11970.075822374363,2025-12-07 16:45:00.152388,2025-12-07 16:45:01.651900,0 days 00:00:01.499512,984.7164363280195,advanced,COMPLETE
171,-23151.32224205535,2025-12-07 16:45:01.652904,2025-12-07 16:45:03.065263,0 days 00:00:01.412359,525.3222635583114,advanced,COMPLETE
172,-11950.983972712524,2025-12-07 16:45:03.066317,2025-12-07 16:45:04.567943,0 days 00:00:01.501626,986.099080474234,advanced,COMPLETE
173,-12131.255228920303,2025-12-07 16:45:04.569949,2025-12-07 16:45:06.200543,0 days 00:00:01.630594,973.1893227687951,advanced,COMPLETE
174,-11869.655626913409,2025-12-07 16:45:06.201688,2025-12-07 16:45:07.746765,0 days 00:00:01.545077,992.0306643519132,advanced,COMPLETE
175,-20239.910253604383,2025-12-07 16:45:07.747635,2025-12-07 16:45:09.381838,0 days 00:00:01.634203,602.4896268243482,advanced,COMPLETE
176,-28956.677600462343,2025-12-07 16:45:09.381838,2025-12-07 16:45:11.020089,0 days 00:00:01.638251,413.1499030293608,advanced,COMPLETE
177,-17934.897502298016,2025-12-07 16:45:11.021089,2025-12-07 16:45:12.518965,0 days 00:00:01.497876,678.6093959292705,advanced,COMPLETE
178,-11921.991308187986,2025-12-07 16:45:12.520469,2025-12-07 16:45:14.097710,0 days 00:00:01.577241,988.2058437199753,advanced,COMPLETE
179,-23871.10422478248,2025-12-07 16:45:14.098717,2025-12-07 16:45:15.585310,0 days 00:00:01.486593,508.79528446896813,advanced,COMPLETE
180,-39283.778483425194,2025-12-07 16:45:15.586371,2025-12-07 16:45:17.150200,0 days 00:00:01.563829,290.589089524517,advanced,COMPLETE
181,-16735.681503905722,2025-12-07 16:45:17.151794,2025-12-07 16:45:18.665851,0 days 00:00:01.514057,725.1792323224288,advanced,COMPLETE
182,-12162.663231676544,2025-12-07 16:45:18.666357,2025-12-07 16:45:20.162131,0 days 00:00:01.495774,970.9729467255924,advanced,COMPLETE
183,-17351.747264487665,2025-12-07 16:45:20.162131,2025-12-07 16:45:21.740611,0 days 00:00:01.578480,700.5734861910487,advanced,COMPLETE
184,-12084.079241856425,2025-12-07 16:45:21.740611,2025-12-07 16:45:23.451560,0 days 00:00:01.710949,976.5365358922252,advanced,COMPLETE
185,-21796.4091936542,2025-12-07 16:45:23.453574,2025-12-07 16:45:25.102803,0 days 00:00:01.649229,559.0069267076441,advanced,COMPLETE
186,-29095.643163497927,2025-12-07 16:45:25.102803,2025-12-07 16:45:26.697549,0 days 00:00:01.594746,410.96267547466033,advanced,COMPLETE
187,-16814.728336064596,2025-12-07 16:45:26.697549,2025-12-07 16:45:28.222273,0 days 00:00:01.524724,721.9368634399068,advanced,COMPLETE
188,-21849.430957969696,2025-12-07 16:45:28.223277,2025-12-07 16:45:29.736426,0 days 00:00:01.513149,557.6204916202694,advanced,COMPLETE
189,-11813.724098706087,2025-12-07 16:45:29.736426,2025-12-07 16:45:31.274715,0 days 00:00:01.538289,996.1496558775972,advanced,COMPLETE
190,-16185.637183036122,2025-12-07 16:45:31.275595,2025-12-07 16:45:32.734799,0 days 00:00:01.459204,748.4794889518012,advanced,COMPLETE
191,-11986.29474254668,2025-12-07 16:45:32.736604,2025-12-07 16:45:34.236083,0 days 00:00:01.499479,983.5447525355247,advanced,COMPLETE
192,-16599.55099651142,2025-12-07 16:45:34.236083,2025-12-07 16:45:35.769760,0 days 00:00:01.533677,730.8242167834912,advanced,COMPLETE
193,-11851.361561680022,2025-12-07 16:45:35.770765,2025-12-07 16:45:37.301343,0 days 00:00:01.530578,993.3743159024386,advanced,COMPLETE
194,-24794.64031164565,2025-12-07 16:45:37.303294,2025-12-07 16:45:38.818912,0 days 00:00:01.515618,488.8332691649718,advanced,COMPLETE
195,-11932.836265931786,2025-12-07 16:45:38.819366,2025-12-07 16:45:40.418537,0 days 00:00:01.599171,987.4167861230934,advanced,COMPLETE
196,-19592.60343165732,2025-12-07 16:45:40.420546,2025-12-07 16:45:41.854725,0 days 00:00:01.434179,622.3144249589266,advanced,COMPLETE
197,-27806.825925945745,2025-12-07 16:45:41.856731,2025-12-07 16:45:43.473262,0 days 00:00:01.616531,432.0110485881684,advanced,COMPLETE
198,-18384.638550475745,2025-12-07 16:45:43.473262,2025-12-07 16:45:44.935433,0 days 00:00:01.462171,662.4821632206837,advanced,COMPLETE
199,-15821.176719102807,2025-12-07 16:45:44.936994,2025-12-07 16:45:46.450131,0 days 00:00:01.513137,764.6684628431595,advanced,COMPLETE
200,-32399.137612428047,2025-12-07 16:45:46.451160,2025-12-07 16:45:47.980934,0 days 00:00:01.529774,364.0943573611094,advanced,COMPLETE
201,-12247.932079467435,2025-12-07 16:45:47.981947,2025-12-07 16:45:49.450468,0 days 00:00:01.468521,965.0038417376156,advanced,COMPLETE
202,-16077.8313371747,2025-12-07 16:45:49.451562,2025-12-07 16:45:50.954084,0 days 00:00:01.502522,753.2036096553278,advanced,COMPLETE
203,-12384.890196644235,2025-12-07 16:45:50.956084,2025-12-07 16:45:52.536853,0 days 00:00:01.580769,955.5607134907693,advanced,COMPLETE
204,-11780.609266073814,2025-12-07 16:45:52.537858,2025-12-07 16:45:53.997288,0 days 00:00:01.459430,998.6037903188867,advanced,COMPLETE
205,-21849.473810325577,2025-12-07 16:45:53.997288,2025-12-07 16:45:55.486451,0 days 00:00:01.489163,557.619373463287,advanced,COMPLETE
206,-20800.458174764917,2025-12-07 16:45:55.487477,2025-12-07 16:45:56.952743,0 days 00:00:01.465266,586.1828753900571,advanced,COMPLETE
207,-16754.74076413378,2025-12-07 16:45:56.953079,2025-12-07 16:45:58.386595,0 days 00:00:01.433516,724.3950863574992,advanced,COMPLETE
208,-11893.869948193345,2025-12-07 16:45:58.387681,2025-12-07 16:45:59.855329,0 days 00:00:01.467648,990.2575149712115,advanced,COMPLETE
209,-26111.00759172047,2025-12-07 16:45:59.856335,2025-12-07 16:46:01.388406,0 days 00:00:01.532071,462.5571037101645,advanced,COMPLETE
210,-625757.8223450289,2025-12-07 16:46:01.389432,2025-12-07 16:46:02.930304,0 days 00:00:01.540872,0.12069229751862724,advanced,COMPLETE
211,-12141.712801983194,2025-12-07 16:46:02.930304,2025-12-07 16:46:04.285636,0 days 00:00:01.355332,972.4502935860747,advanced,COMPLETE
212,-16647.93458818647,2025-12-07 16:46:04.285636,2025-12-07 16:46:05.773645,0 days 00:00:01.488009,728.8089338777227,advanced,COMPLETE
213,-11816.894567676958,2025-12-07 16:46:05.776248,2025-12-07 16:46:07.288464,0 days 00:00:01.512216,995.9152978904602,advanced,COMPLETE
214,-11812.697655360702,2025-12-07 16:46:07.289463,2025-12-07 16:46:08.685420,0 days 00:00:01.395957,996.225552169498,advanced,COMPLETE
215,-17368.467665037377,2025-12-07 16:46:08.687422,2025-12-07 16:46:10.204495,0 days 00:00:01.517073,699.9263204777443,advanced,COMPLETE
216,-11767.43797557201,2025-12-07 16:46:10.205499,2025-12-07 16:46:11.602423,0 days 00:00:01.396924,999.5831300752008,advanced,COMPLETE
217,-22697.57315547291,2025-12-07 16:46:11.604386,2025-12-07 16:46:13.100963,0 days 00:00:01.496577,536.2117625664897,advanced,COMPLETE
218,-16385.524736706215,2025-12-07 16:46:13.102027,2025-12-07 16:46:14.651061,0 days 00:00:01.549034,739.8593411558414,advanced,COMPLETE
219,-2015771.8999227176,2025-12-07 16:46:14.651590,2025-12-07 16:46:16.218114,0 days 00:00:01.566524,0.01490425762120297,advanced,COMPLETE
220,-23816.318783201204,2025-12-07 16:46:16.219117,2025-12-07 16:46:17.861301,0 days 00:00:01.642184,510.0223102620729,advanced,COMPLETE
221,-16789.87965888109,2025-12-07 16:46:17.862325,2025-12-07 16:46:19.521721,0 days 00:00:01.659396,722.9533315957123,advanced,COMPLETE
222,-12026.06929358965,2025-12-07 16:46:19.521721,2025-12-07 16:46:21.013240,0 days 00:00:01.491519,980.6825859105775,advanced,COMPLETE
223,-11936.849863868056,2025-12-07 16:46:21.013240,2025-12-07 16:46:22.483275,0 days 00:00:01.470035,987.1250694107905,advanced,COMPLETE
224,-11784.493441278568,2025-12-07 16:46:22.490188,2025-12-07 16:46:23.872123,0 days 00:00:01.381935,998.3153363032801,advanced,COMPLETE
225,-17429.927209306334,2025-12-07 16:46:23.873121,2025-12-07 16:46:25.334109,0 days 00:00:01.460988,697.5565696841918,advanced,COMPLETE
226,-16867.83487457732,2025-12-07 16:46:25.335113,2025-12-07 16:46:26.838173,0 days 00:00:01.503060,719.772966300749,advanced,COMPLETE
227,-11829.865518725674,2025-12-07 16:46:26.840128,2025-12-07 16:46:28.315016,0 days 00:00:01.474888,994.9575945900172,advanced,COMPLETE
228,-23072.489580998226,2025-12-07 16:46:28.316684,2025-12-07 16:46:29.831838,0 days 00:00:01.515154,527.1872435223539,advanced,COMPLETE
229,-20764.476660218632,2025-12-07 16:46:29.831838,2025-12-07 16:46:31.300179,0 days 00:00:01.468341,587.2067824730402,advanced,COMPLETE
230,-2510865.0719363936,2025-12-07 16:46:31.301313,2025-12-07 16:46:32.766093,0 days 00:00:01.464780,0.00257873453394619,advanced,COMPLETE
231,-12196.615016833248,2025-12-07 16:46:32.766093,2025-12-07 16:46:34.323461,0 days 00:00:01.557368,968.5878279420679,advanced,COMPLETE
232,-11950.774111633926,2025-12-07 16:46:34.323461,2025-12-07 16:46:35.805333,0 days 00:00:01.481872,986.1142993224211,advanced,COMPLETE
233,-16664.27880522187,2025-12-07 16:46:35.806337,2025-12-07 16:46:37.295973,0 days 00:00:01.489636,728.1303971470853,advanced,COMPLETE
234,-18530.026336944313,2025-12-07 16:46:37.295973,2025-12-07 16:46:38.782694,0 days 00:00:01.486721,657.4115519304021,advanced,COMPLETE
235,-12120.983911248448,2025-12-07 16:46:38.784612,2025-12-07 16:46:40.248168,0 days 00:00:01.463556,973.9162296374218,advanced,COMPLETE
236,-16662.607875849437,2025-12-07 16:46:40.254177,2025-12-07 16:46:41.720970,0 days 00:00:01.466793,728.1997148059545,advanced,COMPLETE
237,-27129.89472155958,2025-12-07 16:46:41.720970,2025-12-07 16:46:43.201426,0 days 00:00:01.480456,443.7915102611779,advanced,COMPLETE
238,-15946.701674720898,2025-12-07 16:46:43.203529,2025-12-07 16:46:44.715283,0 days 00:00:01.511754,759.0223382246802,advanced,COMPLETE
239,-20598.01289336403,2025-12-07 16:46:44.716600,2025-12-07 16:46:46.172505,0 days 00:00:01.455905,591.9838870130538,advanced,COMPLETE
240,-12269.266538064165,2025-12-07 16:46:46.172505,2025-12-07 16:46:47.722861,0 days 00:00:01.550356,963.5212392391941,advanced,COMPLETE
241,-12511.00638484704,2025-12-07 16:46:47.725089,2025-12-07 16:46:49.292190,0 days 00:00:01.567101,947.0186146322145,advanced,COMPLETE
242,-11995.234428669326,2025-12-07 16:46:49.292190,2025-12-07 16:46:50.802622,0 days 00:00:01.510432,982.9000691114072,advanced,COMPLETE
243,-16485.776965110144,2025-12-07 16:46:50.802622,2025-12-07 16:46:52.298171,0 days 00:00:01.495549,735.6025154863275,advanced,COMPLETE
244,-22529.91644398568,2025-12-07 16:46:52.300176,2025-12-07 16:46:53.751331,0 days 00:00:01.451155,540.3322144986039,advanced,COMPLETE
245,-16555.97228430337,2025-12-07 16:46:53.751331,2025-12-07 16:46:55.253100,0 days 00:00:01.501769,732.6478840738224,advanced,COMPLETE
246,-11950.220871435928,2025-12-07 16:46:55.255107,2025-12-07 16:46:56.740806,0 days 00:00:01.485699,986.1544217180792,advanced,COMPLETE
247,-16792.836170157458,2025-12-07 16:46:56.740806,2025-12-07 16:46:58.238357,0 days 00:00:01.497551,722.8322582206729,advanced,COMPLETE
248,-11904.97914585037,2025-12-07 16:46:58.239357,2025-12-07 16:46:59.820231,0 days 00:00:01.580874,989.446042080507,advanced,COMPLETE
249,-11768.565092141142,2025-12-07 16:46:59.822193,2025-12-07 16:47:01.284343,0 days 00:00:01.462150,999.4992524147805,advanced,COMPLETE
250,-29986.777620224802,2025-12-07 16:47:01.286144,2025-12-07 16:47:02.622846,0 days 00:00:01.336702,397.3795796855871,advanced,COMPLETE
251,-21687.398417556684,2025-12-07 16:47:02.623917,2025-12-07 16:47:04.130189,0 days 00:00:01.506272,561.8758688242522,advanced,COMPLETE
252,-11775.819878722707,2025-12-07 16:47:04.132206,2025-12-07 16:47:05.574733,0 days 00:00:01.442527,998.9596885237036,advanced,COMPLETE
253,-21476.808532294377,2025-12-07 16:47:05.575738,2025-12-07 16:47:07.068638,0 days 00:00:01.492900,567.4896520537374,advanced,COMPLETE
254,-16294.450151790841,2025-12-07 16:47:07.069638,2025-12-07 16:47:08.574760,0 days 00:00:01.505122,743.764787303653,advanced,COMPLETE
255,-11814.157504399505,2025-12-07 16:47:08.575264,2025-12-07 16:47:10.105483,0 days 00:00:01.530219,996.1176127279371,advanced,COMPLETE
256,-27226.39987926392,2025-12-07 16:47:10.106482,2025-12-07 16:47:11.556200,0 days 00:00:01.449718,442.0797200995578,advanced,COMPLETE
257,-17213.10454121826,2025-12-07 16:47:11.557006,2025-12-07 16:47:13.043939,0 days 00:00:01.486933,705.9806930277616,advanced,COMPLETE
258,-11829.420303035964,2025-12-07 16:47:13.044975,2025-12-07 16:47:14.636281,0 days 00:00:01.591306,994.9904376755311,advanced,COMPLETE
259,-22146.571239907575,2025-12-07 16:47:14.636281,2025-12-07 16:47:16.075363,0 days 00:00:01.439082,549.9576628353636,advanced,COMPLETE
260,-16268.422582018633,2025-12-07 16:47:16.075363,2025-12-07 16:47:17.457870,0 days 00:00:01.382507,744.8876775663115,advanced,COMPLETE
261,-34080.578449835186,2025-12-07 16:47:17.461136,2025-12-07 16:47:18.955895,0 days 00:00:01.494759,343.5159859514194,advanced,COMPLETE
262,-11872.74463006494,2025-12-07 16:47:18.956451,2025-12-07 16:47:20.528052,0 days 00:00:01.571601,991.804127649995,advanced,COMPLETE
263,-11883.562188330956,2025-12-07 16:47:20.528052,2025-12-07 16:47:21.995947,0 days 00:00:01.467895,991.0115839836825,advanced,COMPLETE
264,-232679.69839181603,2025-12-07 16:47:21.996952,2025-12-07 16:47:23.496125,0 days 00:00:01.499173,22.258912622141143,advanced,COMPLETE
265,-20865.024782726625,2025-12-07 16:47:23.496125,2025-12-07 16:47:24.965237,0 days 00:00:01.469112,584.3531827072854,advanced,COMPLETE
266,-16791.441365267823,2025-12-07 16:47:24.967023,2025-12-07 16:47:26.477999,0 days 00:00:01.510976,722.8893729870013,advanced,COMPLETE
267,-28186.510748974204,2025-12-07 16:47:26.479004,2025-12-07 16:47:27.971390,0 days 00:00:01.492386,425.6282257810089,advanced,COMPLETE
268,-11904.987781229285,2025-12-07 16:47:27.971390,2025-12-07 16:47:29.450312,0 days 00:00:01.478922,989.4454118018343,advanced,COMPLETE
269,-16536.2420686351,2025-12-07 16:47:29.451604,2025-12-07 16:47:31.056950,0 days 00:00:01.605346,733.4762181702253,advanced,COMPLETE
270,-22028.943537567004,2025-12-07 16:47:31.059727,2025-12-07 16:47:32.614099,0 days 00:00:01.554372,552.9696154156794,advanced,COMPLETE
271,-16420.070609884704,2025-12-07 16:47:32.615107,2025-12-07 16:47:34.086049,0 days 00:00:01.470942,738.3875258777832,advanced,COMPLETE
272,-25915.677098827684,2025-12-07 16:47:34.087354,2025-12-07 16:47:35.589494,0 days 00:00:01.502140,466.3055337829236,advanced,COMPLETE
273,-16546.53532048616,2025-12-07 16:47:35.590500,2025-12-07 16:47:37.115795,0 days 00:00:01.525295,733.0438680727594,advanced,COMPLETE
274,-21889.78370785363,2025-12-07 16:47:37.116839,2025-12-07 16:47:38.651577,0 days 00:00:01.534738,556.5692423975179,advanced,COMPLETE
275,-196297.42450335226,2025-12-07 16:47:38.651577,2025-12-07 16:47:40.140572,0 days 00:00:01.488995,2.162642768083945,advanced,COMPLETE
276,-12217.832887481849,2025-12-07 16:47:40.140572,2025-12-07 16:47:41.624011,0 days 00:00:01.483439,967.102911482399,advanced,COMPLETE
277,-16233.087010288828,2025-12-07 16:47:41.625069,2025-12-07 16:47:43.157311,0 days 00:00:01.532242,746.4169999341871,advanced,COMPLETE
278,-34711.72831174418,2025-12-07 16:47:43.157311,2025-12-07 16:47:44.671064,0 days 00:00:01.513753,336.28073583293565,advanced,COMPLETE
279,-216406.3757615822,2025-12-07 16:47:44.672295,2025-12-07 16:47:46.198914,0 days 00:00:01.526619,0.7766589863539746,advanced,COMPLETE
280,-11959.976933442202,2025-12-07 16:47:46.198914,2025-12-07 16:47:47.703843,0 days 00:00:01.504929,985.4473434855616,advanced,COMPLETE
281,-11773.521366925108,2025-12-07 16:47:47.703843,2025-12-07 16:47:49.242395,0 days 00:00:01.538552,999.130576569544,advanced,COMPLETE
282,-21485.939727687884,2025-12-07 16:47:49.242395,2025-12-07 16:47:50.726940,0 days 00:00:01.484545,567.2442596742713,advanced,COMPLETE
283,-11812.062966510615,2025-12-07 16:47:50.726940,2025-12-07 16:47:52.158903,0 days 00:00:01.431963,996.2724872575751,advanced,COMPLETE
284,-17099.355955014,2025-12-07 16:47:52.159904,2025-12-07 16:47:53.656043,0 days 00:00:01.496139,710.4724253090856,advanced,COMPLETE
285,-28470.867907789794,2025-12-07 16:47:53.658929,2025-12-07 16:47:55.119777,0 days 00:00:01.460848,420.9493879041345,advanced,COMPLETE
286,-16606.894677715416,2025-12-07 16:47:55.119777,2025-12-07 16:47:56.622108,0 days 00:00:01.502331,730.5176974523594,advanced,COMPLETE
287,-21897.294079953776,2025-12-07 16:47:56.624116,2025-12-07 16:47:58.104494,0 days 00:00:01.480378,556.3739576730356,advanced,COMPLETE
288,-16312.837115835942,2025-12-07 16:47:58.104494,2025-12-07 16:48:00.024403,0 days 00:00:01.919909,742.9733543964136,advanced,COMPLETE
289,-21848.236170922017,2025-12-07 16:48:00.025994,2025-12-07 16:48:01.565661,0 days 00:00:01.539667,557.6516690245102,advanced,COMPLETE
290,-11847.594434927667,2025-12-07 16:48:01.566169,2025-12-07 16:48:03.055933,0 days 00:00:01.489764,993.651433392201,advanced,COMPLETE
291,-29546.674386651677,2025-12-07 16:48:03.055933,2025-12-07 16:48:04.492275,0 days 00:00:01.436342,403.99375813322644,advanced,COMPLETE
292,-16601.472205196405,2025-12-07 16:48:04.493974,2025-12-07 16:48:05.958951,0 days 00:00:01.464977,730.7440049448157,advanced,COMPLETE
293,-11779.002535631975,2025-12-07 16:48:05.958951,2025-12-07 16:48:07.408964,0 days 00:00:01.450013,998.7231590217631,advanced,COMPLETE
294,-12043.71683776572,2025-12-07 16:48:07.408964,2025-12-07 16:48:08.901064,0 days 00:00:01.492100,979.417749493799,advanced,COMPLETE
295,-11858.425116381435,2025-12-07 16:48:08.901575,2025-12-07 16:48:10.543629,0 days 00:00:01.642054,992.8551043238703,advanced,COMPLETE
296,-21856.33824203855,2025-12-07 16:48:10.545008,2025-12-07 16:48:12.092270,0 days 00:00:01.547262,557.4403073508188,advanced,COMPLETE
297,-16759.998778868383,2025-12-07 16:48:12.093143,2025-12-07 16:48:13.657977,0 days 00:00:01.564834,724.1790238520898,advanced,COMPLETE
298,-256320.6913024153,2025-12-07 16:48:13.658983,2025-12-07 16:48:15.232653,0 days 00:00:01.573670,7.707437747586905,advanced,COMPLETE
299,-39860.31705129341,2025-12-07 16:48:15.234160,2025-12-07 16:48:16.790910,0 days 00:00:01.556750,285.55665469367165,advanced,COMPLETE
