number,value,datetime_start,datetime_complete,duration,params_xgb_colsample_bytree,params_xgb_learning_rate,params_xgb_max_depth,params_xgb_min_child_weight,params_xgb_n_estimators,params_xgb_reg_alpha,params_xgb_reg_lambda,params_xgb_subsample,user_attrs_feature_level,state
0,-0.0016559721404409238,2025-12-07 21:49:23.995380,2025-12-07 21:49:35.265714,0 days 00:00:11.270334,0.659195090518222,0.0018410729205738682,5,20,792,4.330880728874676,0.1360354613611808,0.7391963650868432,medium,COMPLETE
1,-0.006416046979253354,2025-12-07 21:49:35.267457,2025-12-07 21:49:59.182929,0 days 00:00:23.915472,0.8819459112971966,0.025959425503112647,7,15,1007,0.9170225492671691,0.2620503255096255,0.31235069657748143,medium,COMPLETE
2,-0.0016559721404409238,2025-12-07 21:49:59.184933,2025-12-07 21:50:09.265920,0 days 00:00:10.080987,0.47473748411882516,0.010952662748632562,5,11,730,1.8318092164684585,0.4701469243560972,0.5591670111852695,medium,COMPLETE
3,-0.0033810733451921835,2025-12-07 21:50:09.267730,2025-12-07 21:50:21.651432,0 days 00:00:12.383702,0.608540663048167,0.010150667045928576,6,16,376,0.8526206184364576,2.5002240473339543,0.41980426929501585,medium,COMPLETE
4,-0.0016559721404409238,2025-12-07 21:50:21.652730,2025-12-07 21:50:31.085243,0 days 00:00:09.432513,0.7850384088698767,0.0032925293631105254,3,19,571,2.2007624686980067,3.753537145233125,0.8793792198447357,medium,COMPLETE
5,-0.0016559721404409238,2025-12-07 21:50:31.086254,2025-12-07 21:51:03.203313,0 days 00:00:32.117059,0.8455922412472694,0.0027520696850790523,3,10,2718,2.600340105889054,0.5215026697411662,0.320633112669131,medium,COMPLETE
6,-0.0016559721404409238,2025-12-07 21:51:03.204312,2025-12-07 21:51:51.423026,0 days 00:00:48.218714,0.7650796940166689,0.03946212980759095,7,4,3601,4.609371175115584,2.375668206925437,0.8817507766587351,medium,COMPLETE
7,-0.0016559721404409238,2025-12-07 21:51:51.424026,2025-12-07 21:52:12.171954,0 days 00:00:20.747928,0.49519819845795865,0.004574578205475401,3,4,1231,1.7837666334679465,8.071418522169695,0.32713637334632284,medium,COMPLETE
8,-0.0022387428719978786,2025-12-07 21:52:12.172958,2025-12-07 21:53:46.062428,0 days 00:01:33.889470,0.7813181884524238,0.0013386261584543908,5,11,3951,0.993578407670862,5.983542473217019,0.3845545349848576,medium,COMPLETE
9,-0.025207259405785127,2025-12-07 21:53:46.064546,2025-12-07 21:53:55.023106,0 days 00:00:08.958560,0.7374043008245925,0.0204345549841614,3,17,481,0.5793452976256486,0.6680983417211186,0.7241144063085703,medium,COMPLETE
10,-0.0016559721404409238,2025-12-07 21:53:55.023106,2025-12-07 21:54:07.081088,0 days 00:00:12.057982,0.310777125368892,0.0010619628509861785,10,1,1865,4.880699499289976,0.108354597653543,0.6936918182244493,medium,COMPLETE
11,-0.0016559721404409238,2025-12-07 21:54:07.082198,2025-12-07 21:54:18.768892,0 days 00:00:11.686694,0.5136547340009963,0.010343063828684733,5,11,1701,3.4928387712913023,0.12801139880962656,0.5537546266250812,medium,COMPLETE
12,-0.0016559721404409238,2025-12-07 21:54:18.770450,2025-12-07 21:54:27.040708,0 days 00:00:08.270258,0.6215444219993109,0.007391733815585547,5,20,1115,3.3840902904780745,0.7942719355704007,0.5406904938177352,medium,COMPLETE
13,-0.0016559721404409238,2025-12-07 21:54:27.042844,2025-12-07 21:54:44.261203,0 days 00:00:17.218359,0.3946771723074462,0.0019537558352930627,9,13,2711,3.9292280306430944,19.932553932270757,0.6523488860827289,medium,COMPLETE
14,-0.0016559721404409238,2025-12-07 21:54:44.264920,2025-12-07 21:54:54.246393,0 days 00:00:09.981473,0.49827058667934154,0.01737670720958493,6,7,1398,2.8071610932980056,0.2668629099039187,0.7787969214474102,medium,COMPLETE
15,-0.0016492242525310008,2025-12-07 21:54:54.246393,2025-12-07 21:55:13.546634,0 days 00:00:19.300241,0.6777242273310715,0.0056976804532249525,8,8,2349,1.5325000367638486,0.27835754889420783,0.49952001268106383,medium,COMPLETE
16,,2025-12-07 21:55:13.548138,2025-12-07 21:55:58.508346,0 days 00:00:44.960208,0.6623367709893347,0.0050429111643263995,8,8,2414,0.10456783241701961,0.23852087063766117,0.47703458741936944,medium,FAIL
17,-0.0017158448698041766,2025-12-07 21:55:58.508346,2025-12-07 21:56:18.843499,0 days 00:00:20.335153,0.6827872373243681,0.004688757883242615,8,8,2447,1.4496328491011274,0.23856099165679687,0.4671835811732564,medium,COMPLETE
18,-0.0016559721404409238,2025-12-07 21:56:18.849892,2025-12-07 21:56:41.017638,0 days 00:00:22.167746,0.6758873481309698,0.002069256860929347,8,6,3293,4.156685937642421,1.170611981843286,0.7940199709779897,medium,COMPLETE
19,-0.0016559721404409238,2025-12-07 21:56:41.019648,2025-12-07 21:56:55.934651,0 days 00:00:14.915003,0.5649926238335162,0.005664494322001461,10,14,2272,3.111473652446301,0.1797951177434505,0.6303416674801916,medium,COMPLETE
20,-0.019741198920280884,2025-12-07 21:56:55.935694,2025-12-07 22:01:03.213484,0 days 00:04:07.277790,0.7009806845120665,0.0016145806585883121,8,18,3035,0.2206866303708246,0.33080902538607543,0.48491627907673673,medium,COMPLETE
21,-0.0016559721404409238,2025-12-07 22:01:03.214992,2025-12-07 22:01:17.245605,0 days 00:00:14.030613,0.5745986914331251,0.0031284696384946266,4,9,1843,2.3533260602207298,0.15270811935065956,0.7908792151130646,medium,COMPLETE
22,-0.001648110951329033,2025-12-07 22:01:17.247113,2025-12-07 22:01:26.364256,0 days 00:00:09.117143,0.42808999828980504,0.008671024941907933,4,12,798,1.7310413206257227,0.4434319903703192,0.573773484976263,medium,COMPLETE
23,-0.0016529617940372887,2025-12-07 22:01:26.366893,2025-12-07 22:01:38.179602,0 days 00:00:11.812709,0.41898838591489207,0.007728025537724742,4,5,856,1.450489361032783,0.37745000799479655,0.605206864758139,medium,COMPLETE
24,-0.0017304087749745456,2025-12-07 22:01:38.179602,2025-12-07 22:01:56.146209,0 days 00:00:17.966607,0.40332213668871647,0.007369630495701574,4,5,1431,1.397783032339617,1.3236082438526133,0.49010112675457385,medium,COMPLETE
25,-0.00165917303903577,2025-12-07 22:01:56.147522,2025-12-07 22:02:23.904998,0 days 00:00:27.757476,0.30289248703195804,0.011936327844858544,4,2,2132,1.834137704330507,0.40305446752367396,0.6007842458088313,medium,COMPLETE
26,-0.0016893228944112604,2025-12-07 22:02:23.906999,2025-12-07 22:02:29.416483,0 days 00:00:05.509484,0.40007322592702027,0.015879884391836255,9,13,312,1.562237786790596,0.8897932048658149,0.5209578255557779,medium,COMPLETE
27,-0.08867139197340716,2025-12-07 22:02:29.418811,2025-12-07 22:04:12.287139,0 days 00:01:42.868328,0.4329215091637891,0.006439137822346235,6,8,1563,0.03800194326506556,0.5963069517543734,0.5876437343954948,medium,COMPLETE
28,-0.0016559721404409238,2025-12-07 22:04:12.289143,2025-12-07 22:04:22.387806,0 days 00:00:10.098663,0.36610967718219706,0.004015298310270937,4,3,868,2.1646453125121723,0.19549358162934902,0.43818981227394543,medium,COMPLETE
29,-0.0016617269687852303,2025-12-07 22:04:22.387806,2025-12-07 22:04:29.504108,0 days 00:00:07.116302,0.5439911843477576,0.007227007114681768,7,7,203,1.172683904183504,0.3391991729932055,0.6250249332820466,medium,COMPLETE
30,-0.0395203086859414,2025-12-07 22:04:29.505105,2025-12-07 22:06:09.443293,0 days 00:01:39.938188,0.45051416583849063,0.013978561496763027,9,9,2524,0.534439092633042,1.8120174012141845,0.3779452707474592,medium,COMPLETE
31,-0.001695945059985604,2025-12-07 22:06:09.444236,2025-12-07 22:06:33.175542,0 days 00:00:23.731306,0.3521697234613846,0.03077932382377062,4,6,2007,1.953354278392332,0.9523932814170009,0.6856823052052509,medium,COMPLETE
32,-0.00388358484504144,2025-12-07 22:06:33.176541,2025-12-07 22:06:51.508284,0 days 00:00:18.331743,0.6474996713857784,0.00866687436475184,5,16,835,1.2035998961764662,0.22620375991650143,0.7516985622733077,medium,COMPLETE
33,-0.0016559721404409238,2025-12-07 22:06:51.509433,2025-12-07 22:07:05.927908,0 days 00:00:14.418475,0.6544777825271485,0.005456767116823527,6,12,1050,2.801022280593668,0.3090256393317894,0.5883319355892317,medium,COMPLETE
34,-0.0025592933875649613,2025-12-07 22:07:05.928906,2025-12-07 22:07:37.078275,0 days 00:00:31.149369,0.7248510028911661,0.0021598473614380578,7,15,602,0.7903918403593508,0.43867046940879934,0.5126016359620597,medium,COMPLETE
35,-0.0017317050132131067,2025-12-07 22:07:37.079782,2025-12-07 22:07:45.278406,0 days 00:00:08.198624,0.6012276347386121,0.02061927340471403,4,20,767,1.6342154618019602,0.10046783258517582,0.8312473154948287,medium,COMPLETE
36,-0.0016605183282939102,2025-12-07 22:07:45.278774,2025-12-07 22:07:54.092876,0 days 00:00:08.814102,0.46051953076537866,0.0037412821494830686,5,5,1255,1.968209272201996,0.14954347143178617,0.6746986993738556,medium,COMPLETE
37,-0.0016559721404409238,2025-12-07 22:07:54.094224,2025-12-07 22:07:59.573095,0 days 00:00:05.478871,0.8697471859311798,0.011080570093043965,3,10,625,2.465148646477246,0.4808579166629855,0.5734622378842951,medium,COMPLETE
38,-0.002359380607618052,2025-12-07 22:07:59.573095,2025-12-07 22:08:12.571635,0 days 00:00:12.998540,0.5370219716608544,0.002728635101075513,6,18,915,1.2323934125460052,0.1753647551017972,0.722749555842539,medium,COMPLETE
39,-0.0016559721404409238,2025-12-07 22:08:12.571988,2025-12-07 22:08:16.545151,0 days 00:00:03.973163,0.8142553489341099,0.04620912287746606,3,9,411,2.2038861567708183,0.2523454602905854,0.8485529864556889,medium,COMPLETE
40,-0.0016559721404409238,2025-12-07 22:08:16.547290,2025-12-07 22:08:36.430111,0 days 00:00:19.882821,0.6367779655274353,0.00947091678422627,4,3,2916,4.038152129495234,0.6068806670511752,0.4489518514914437,medium,COMPLETE
41,-0.0016559721404409238,2025-12-07 22:08:36.431833,2025-12-07 22:08:45.337410,0 days 00:00:08.905577,0.5826487252691841,0.026845182067266046,5,12,1233,4.33645443982197,0.38420217780085697,0.625286313476011,medium,COMPLETE
42,-0.007717732433776566,2025-12-07 22:08:45.337410,2025-12-07 22:08:55.979895,0 days 00:00:10.642485,0.47757379642567976,0.013859993926452992,5,15,688,0.9121427522858221,0.47502993649956887,0.5519862368628933,medium,COMPLETE
43,-0.0016378000374692725,2025-12-07 22:08:55.982811,2025-12-07 22:09:03.433854,0 days 00:00:07.451043,0.3536121526706172,0.008852576354362767,7,11,1034,1.7011905837868055,0.13106783102766612,0.520153069833517,medium,COMPLETE
44,-0.0016292717447110583,2025-12-07 22:09:03.434815,2025-12-07 22:09:10.815953,0 days 00:00:07.381138,0.3414829154191925,0.008508843854281871,7,7,984,1.6197863125166518,0.11170269398166756,0.39076188844151993,medium,COMPLETE
45,-0.0016300585544957908,2025-12-07 22:09:10.816483,2025-12-07 22:09:19.048558,0 days 00:00:08.232075,0.35284161283653787,0.008497489954600304,8,10,1107,1.609599389659892,0.12247084608228719,0.38705776991026264,medium,COMPLETE
46,-0.0016526446849298715,2025-12-07 22:09:19.052742,2025-12-07 22:09:30.317941,0 days 00:00:11.265199,0.3364054872121088,0.005785738786794909,8,10,1689,1.7224631680813518,0.12000441043172239,0.3663485352143514,medium,COMPLETE
47,-0.0016559721404409238,2025-12-07 22:09:30.318940,2025-12-07 22:09:37.716803,0 days 00:00:07.397863,0.3558223893264059,0.00907912442187003,7,12,1027,2.166025099900494,0.14054520331509163,0.41184016948326485,medium,COMPLETE
48,-0.0016559721404409238,2025-12-07 22:09:37.718803,2025-12-07 22:09:47.631088,0 days 00:00:09.912285,0.3793488816273293,0.004736099164831789,8,11,1408,1.9633421155002804,0.10427352345292157,0.32181685864276954,medium,COMPLETE
49,-0.0016559721404409238,2025-12-07 22:09:47.632974,2025-12-07 22:09:55.834047,0 days 00:00:08.201073,0.33404466082324996,0.012696237452016337,7,8,1172,2.652667058337439,0.16948481938035467,0.4131170498756854,medium,COMPLETE
50,-0.006017154974271799,2025-12-07 22:09:55.835047,2025-12-07 22:10:08.352674,0 days 00:00:12.517627,0.31578534553661275,0.008561388899920053,9,13,476,0.6162717966038487,0.22363405958898006,0.3500717054336253,medium,COMPLETE
51,-0.003422544715726117,2025-12-07 22:10:08.353834,2025-12-07 22:10:30.924505,0 days 00:00:22.570671,0.432471719538238,0.010310432274078319,8,7,2261,1.1889738945817956,0.12932116030186874,0.5213091639575931,medium,COMPLETE
52,-0.0016623348286159227,2025-12-07 22:10:30.926509,2025-12-07 22:10:42.469195,0 days 00:00:11.542686,0.33170237405006986,0.00646738407708493,8,10,1667,1.6827736628163574,0.11945462791767013,0.3754313750740841,medium,COMPLETE
53,-0.001651464030167323,2025-12-07 22:10:42.469788,2025-12-07 22:10:55.336107,0 days 00:00:12.866319,0.33607168435735735,0.005934342652835184,8,11,1864,1.7394029849531598,0.20377546065174987,0.30456533137275726,medium,COMPLETE
54,-0.0015686119116230894,2025-12-07 22:10:55.337026,2025-12-07 22:11:08.737776,0 days 00:00:13.400750,0.37844433523753135,0.0050989668795791395,7,11,1828,1.3637729839736195,0.2856646129640409,0.39664077670890147,medium,COMPLETE
55,-0.001546002189987794,2025-12-07 22:11:08.738775,2025-12-07 22:11:18.617417,0 days 00:00:09.878642,0.3871902947331232,0.005017086984540357,7,9,1337,1.380134461209149,0.28795000372822815,0.39969604995350594,medium,COMPLETE
56,-0.001563824736242984,2025-12-07 22:11:18.617417,2025-12-07 22:11:29.657188,0 days 00:00:11.039771,0.3864571425943615,0.004087165913229125,7,12,1520,1.3370488429043392,0.2804993586683547,0.34892475557987873,medium,COMPLETE
57,-0.0015360282312516145,2025-12-07 22:11:29.657188,2025-12-07 22:11:40.856745,0 days 00:00:11.199557,0.3764159266665175,0.004203289396819138,7,9,1523,1.3591036271207861,0.28005946223637745,0.34826663865946733,medium,COMPLETE
58,-0.0015966786808987814,2025-12-07 22:11:40.857745,2025-12-07 22:11:56.137940,0 days 00:00:15.280195,0.38044457978724755,0.002675959321450462,6,9,1564,0.9847906787692371,3.1955985174528156,0.3413548015301919,medium,COMPLETE
59,-0.0016779507035323826,2025-12-07 22:11:56.139943,2025-12-07 22:12:11.088299,0 days 00:00:14.948356,0.38486302851126375,0.002800819376671335,6,9,1532,1.0039042526446313,3.556163839091708,0.3606534559847903,medium,COMPLETE
60,-0.01614538701599011,2025-12-07 22:12:11.088299,2025-12-07 22:13:18.008548,0 days 00:01:06.920249,0.4088117270091165,0.003817550390200067,7,7,2006,0.3869006563801509,7.820929113014448,0.34325308931812176,medium,COMPLETE
61,-0.005048841194321326,2025-12-07 22:13:18.009551,2025-12-07 22:13:42.492108,0 days 00:00:24.482557,0.38079935001791626,0.003242104596405867,6,9,1285,0.6905775886611663,2.748878506622867,0.3935298653505078,medium,COMPLETE
62,-0.001711132270950581,2025-12-07 22:13:42.493140,2025-12-07 22:13:56.309398,0 days 00:00:13.816258,0.36743788797491417,0.0023886642262617476,7,8,1548,1.0466801232068494,4.344722091650201,0.34025366249382055,medium,COMPLETE
63,-0.001661838028863179,2025-12-07 22:13:56.311023,2025-12-07 22:14:06.277827,0 days 00:00:09.966804,0.30588194549424347,0.004370094872567523,6,10,1361,1.365203560386346,0.29849762655919393,0.44070996544671626,medium,COMPLETE
64,-0.005692670113778053,2025-12-07 22:14:06.278496,2025-12-07 22:14:34.827786,0 days 00:00:28.549290,0.455876472873418,0.005038519041460598,7,9,1781,0.8286901677776183,1.8437214052487434,0.3945590292829181,medium,COMPLETE
65,-0.0015604179589852791,2025-12-07 22:14:34.828807,2025-12-07 22:14:46.912916,0 days 00:00:12.084109,0.39517986146945583,0.0017156500767247392,7,6,1498,1.1000612168275565,0.2770143567275001,0.30209146871221637,medium,COMPLETE
66,-0.0016403702469294235,2025-12-07 22:14:46.916101,2025-12-07 22:15:00.780093,0 days 00:00:13.863992,0.4158953765587614,0.001544394634439182,7,6,2014,1.3554048948224933,19.84551433867784,0.30323898158288,medium,COMPLETE
67,-0.0015007019648477875,2025-12-07 22:15:00.781220,2025-12-07 22:15:14.880794,0 days 00:00:14.099574,0.47868227101159533,0.001151147582633424,6,7,1512,1.0270464626509235,0.7356066837765883,0.3284840381242152,medium,COMPLETE
68,-0.0029140570100897323,2025-12-07 22:15:14.881884,2025-12-07 22:16:08.833587,0 days 00:00:53.951703,0.49242292990546793,0.0013145805447545569,6,14,1514,0.3426675794916473,0.5859789481225074,0.3293422263688713,medium,COMPLETE
69,-0.0022489190930545058,2025-12-07 22:16:08.835202,2025-12-07 22:16:36.012810,0 days 00:00:27.177608,0.43798124471663913,0.0016431401725269955,6,6,1650,0.7361903537385253,0.8064218517805226,0.3257288624715175,medium,COMPLETE
70,-0.001619400511499336,2025-12-07 22:16:36.014875,2025-12-07 22:16:52.177065,0 days 00:00:16.162190,0.39323169962100296,0.0010997797824640536,7,8,1766,1.0640620524102604,0.2618636898256397,0.35712343788286993,medium,COMPLETE
71,-0.0016045898455117429,2025-12-07 22:16:52.177065,2025-12-07 22:17:09.766430,0 days 00:00:17.589365,0.5160349689781769,0.0012441328224989444,6,4,2172,1.2662167801165591,0.6800795536338403,0.4224844550624125,medium,COMPLETE
72,-0.0016418643892961067,2025-12-07 22:17:09.767449,2025-12-07 22:17:27.673818,0 days 00:00:17.906369,0.5241432284312864,0.0012555645173764158,6,4,2099,1.2799322997990705,1.1087099393926074,0.4650320057391419,medium,COMPLETE
73,-0.0016467494926122317,2025-12-07 22:17:27.674818,2025-12-07 22:17:38.014841,0 days 00:00:10.340023,0.4779539347747584,0.001841535678878656,6,5,1461,1.4699455473902732,0.7211317879637199,0.3391639902577165,medium,COMPLETE
74,-0.0016013341643102603,2025-12-07 22:17:38.014841,2025-12-07 22:17:54.420487,0 days 00:00:16.405646,0.4078136554777469,0.0014776295950831339,7,4,1615,1.0975768745622068,0.35489300771265164,0.42270121498395374,medium,COMPLETE
75,-0.0015271444208955949,2025-12-07 22:17:54.421521,2025-12-07 22:18:07.580459,0 days 00:00:13.158938,0.4088755503801299,0.0023563781639657287,7,1,1618,1.0895970386371179,0.34770711884041594,0.302455136384062,medium,COMPLETE
76,-0.0015752342969728532,2025-12-07 22:18:07.582467,2025-12-07 22:18:21.235135,0 days 00:00:13.652668,0.3706595040865742,0.002227009647455134,7,1,1332,0.9200800877854592,0.291655958677564,0.3007477479257999,medium,COMPLETE
77,-0.0016657276645591541,2025-12-07 22:18:21.236134,2025-12-07 22:18:37.159359,0 days 00:00:15.923225,0.4426045046213328,0.002270713029204473,7,1,1324,0.8785860434640658,0.3006765865141973,0.3000150699762588,medium,COMPLETE
78,-0.002957142030450758,2025-12-07 22:18:37.159359,2025-12-07 22:19:37.956977,0 days 00:01:00.797618,0.41949066670807966,0.0010367584892042034,7,1,1901,0.4381049251487166,0.3942825004263396,0.31724589953805316,medium,COMPLETE
79,-0.08222923075422155,2025-12-07 22:19:37.958803,2025-12-07 22:20:54.827771,0 days 00:01:16.868968,0.4663904365745837,0.0034986254470112973,7,3,1449,0.0016115300620418438,0.2075887082503336,0.31553010122399566,medium,COMPLETE
80,-0.02538013119433095,2025-12-07 22:20:54.828999,2025-12-07 22:22:25.626439,0 days 00:01:30.797440,0.3721244825322701,0.004139735964856384,7,2,1767,0.194708323260256,0.5303613306005708,0.36689850881246655,medium,COMPLETE
81,-0.002992730333976734,2025-12-07 22:22:25.627486,2025-12-07 22:22:59.947996,0 days 00:00:34.320510,0.39993523442705003,0.001899949664180841,8,1,1187,0.5503288631111682,0.25844591936625405,0.3250977926893023,medium,COMPLETE
82,-0.0015111982977804583,2025-12-07 22:22:59.948859,2025-12-07 22:23:14.062630,0 days 00:00:14.113771,0.3196854340767494,0.002522177868627522,7,2,1347,0.9498376550601293,0.3267094241617314,0.3492245633310787,medium,COMPLETE
83,-0.0019176215865481054,2025-12-07 22:23:14.065247,2025-12-07 22:23:30.500070,0 days 00:00:16.434823,0.326950367739311,0.002970842606351312,7,2,1347,0.8805554413846204,0.34953875634307713,0.35409336187327456,medium,COMPLETE
84,-0.001642618784161239,2025-12-07 22:23:30.500070,2025-12-07 22:23:55.918967,0 days 00:00:25.418897,0.3622902477885544,0.002416127690665081,7,2,3854,1.482130418201261,0.28858854736557027,0.40595422318785307,medium,COMPLETE
85,-0.0016118587770136046,2025-12-07 22:23:55.920260,2025-12-07 22:24:12.319921,0 days 00:00:16.399661,0.3182619765245655,0.0016879610874428884,7,1,1939,1.0960255896352318,0.41357070836106236,0.3710755198877995,medium,COMPLETE
86,-0.0016559721404409238,2025-12-07 22:24:12.319921,2025-12-07 22:24:20.152267,0 days 00:00:07.832346,0.39100482740591186,0.002089803318137697,7,3,1134,1.8727999332803675,0.2326198825170316,0.3330800685161351,medium,COMPLETE
87,-0.0041311352932655865,2025-12-07 22:24:20.152267,2025-12-07 22:24:47.126007,0 days 00:00:26.973740,0.34449491978757163,0.0034294385037462313,8,12,1467,0.6973791958932223,0.16288095837673255,0.3183017939711033,medium,COMPLETE
88,-0.0016031134478168656,2025-12-07 22:24:47.128015,2025-12-07 22:24:59.488055,0 days 00:00:12.360040,0.42493993567583344,0.0026098755919284687,7,2,1737,1.3554754405773584,0.19011238793258844,0.3500049732710961,medium,COMPLETE
89,-0.0014267875436395256,2025-12-07 22:24:59.489053,2025-12-07 22:25:11.969946,0 days 00:00:12.480893,0.3006525404045047,0.005303960327920871,8,13,1626,1.171229821483249,0.3086318984573535,0.31131768230400075,medium,COMPLETE
90,-0.0016969287056740612,2025-12-07 22:25:11.971952,2025-12-07 22:25:25.892542,0 days 00:00:13.920590,0.3021362445087794,0.0049318165847962924,9,14,1627,1.167124200443871,0.33103331048386014,0.37547596991276894,medium,COMPLETE
91,-0.0015964145170864381,2025-12-07 22:25:25.893542,2025-12-07 22:25:38.470823,0 days 00:00:12.577281,0.32438047315338275,0.005302696897148352,8,13,1823,1.4700196066340478,0.44723722620479184,0.38531957505227127,medium,COMPLETE
92,-0.0017608963997040779,2025-12-07 22:25:38.483672,2025-12-07 22:25:51.241618,0 days 00:00:12.757946,0.36737206885531243,0.006559050173890623,7,12,1378,0.9700381781249829,0.5184604769498692,0.3002973298357009,medium,COMPLETE
93,-0.0020991287702011308,2025-12-07 22:25:51.242108,2025-12-07 22:26:09.307906,0 days 00:00:18.065798,0.3494669440245517,0.004393275545658676,8,11,1264,0.8070096050897042,0.2675982162126942,0.3147346137845666,medium,COMPLETE
94,-0.001582292884832211,2025-12-07 22:26:09.309172,2025-12-07 22:26:21.259231,0 days 00:00:11.950059,0.39041420552417505,0.0030217489912503508,7,1,1611,1.303593957265111,0.23322228195853012,0.3327043952822987,medium,COMPLETE
95,-0.0016361662455345316,2025-12-07 22:26:21.260238,2025-12-07 22:26:32.843711,0 days 00:00:11.583473,0.31919944257166816,0.0014514367819781224,6,11,1498,1.1514167223916254,0.3197225089375178,0.36292059947174593,medium,COMPLETE
96,-0.0016726334889449006,2025-12-07 22:26:32.844710,2025-12-07 22:26:41.728353,0 days 00:00:08.883643,0.40640483700639246,0.0038808701244275722,8,2,1211,1.5202490478351525,0.3563875986729996,0.40364804008999594,medium,COMPLETE
97,-0.0016559721404409238,2025-12-07 22:26:41.730359,2025-12-07 22:26:48.424934,0 days 00:00:06.694575,0.36125264937202695,0.0011335243882555114,7,8,936,3.243191385730016,0.21264678671574516,0.3501611216356371,medium,COMPLETE
98,-0.0035807908333187477,2025-12-07 22:26:48.425983,2025-12-07 22:27:20.457654,0 days 00:00:32.031671,0.37240888662659183,0.0020208807003396557,7,3,1695,0.6649992546894374,0.2768537823682804,0.31077073352077794,medium,COMPLETE
99,-0.001854706788966376,2025-12-07 22:27:20.459673,2025-12-07 22:27:34.681376,0 days 00:00:14.221703,0.34118712955996655,0.0036235187797864577,6,13,1393,0.9133735135616596,0.40174905815326895,0.3353645729188497,medium,COMPLETE
100,-0.0015664684098546378,2025-12-07 22:27:34.683594,2025-12-07 22:27:47.703604,0 days 00:00:13.020010,0.4457263912599596,0.0017925440490836114,8,10,1602,1.2069236187135046,0.1827437177369436,0.3123056515933287,medium,COMPLETE
101,-0.001632819260158384,2025-12-07 22:27:47.705612,2025-12-07 22:28:04.311449,0 days 00:00:16.605837,0.43838002045856256,0.005920415488102823,9,10,1935,1.2127552416426906,0.183082403732089,0.3763883744612223,medium,COMPLETE
102,-0.00163403858233994,2025-12-07 22:28:04.313100,2025-12-07 22:28:19.079913,0 days 00:00:14.766813,0.42061367708900455,0.0024631590893797344,8,14,1521,1.0261678780234567,0.1541277620752375,0.31257362816865875,medium,COMPLETE
103,-0.0019281750451026758,2025-12-07 22:28:19.082764,2025-12-07 22:28:43.346178,0 days 00:00:24.263414,0.39782626997735965,0.0016719788044613545,8,11,1307,0.7793411802615332,0.30594815366475814,0.344440052101181,medium,COMPLETE
104,-0.0016522800237372959,2025-12-07 22:28:43.347216,2025-12-07 22:28:51.244862,0 days 00:00:07.897646,0.38276896356058654,0.0017664171802646736,7,12,1072,1.3885173154808932,0.2404899457206446,0.33055177402806374,medium,COMPLETE
105,-0.0016397470763775217,2025-12-07 22:28:51.246728,2025-12-07 22:29:02.609914,0 days 00:00:11.363186,0.44682036229085226,0.004528792147916202,8,10,1609,1.6135599566196848,0.37093739363018735,0.359106177624487,medium,COMPLETE
106,-0.004046896746100925,2025-12-07 22:29:02.609914,2025-12-07 22:29:28.235114,0 days 00:00:25.625200,0.3110840519623048,0.0022144618089422565,7,8,1835,1.1138511707601157,0.5167378652843648,0.8994641761481805,medium,COMPLETE
107,-0.00158434154513117,2025-12-07 22:29:28.237122,2025-12-07 22:29:40.675180,0 days 00:00:12.438058,0.4907945782865384,0.005332455040045183,7,7,1710,1.2685840031130455,0.19988183664983078,0.3005191771519295,medium,COMPLETE
108,-0.0016495516230865537,2025-12-07 22:29:40.676178,2025-12-07 22:29:55.245306,0 days 00:00:14.569128,0.4120206400892484,0.0068000933934899204,10,9,1429,1.0124262085679687,0.27429269485636315,0.3223573031137021,medium,COMPLETE
109,-0.0016559721404409238,2025-12-07 22:29:55.246812,2025-12-07 22:30:05.656242,0 days 00:00:10.409430,0.4683356757380669,0.004115229652904287,8,5,1544,3.5788996619708615,0.24834997606460799,0.3464107800290637,medium,COMPLETE
110,-0.0016523460071189433,2025-12-07 22:30:05.656242,2025-12-07 22:30:14.547276,0 days 00:00:08.891034,0.43130969550360276,0.0028376250011716364,6,6,1280,1.5576330664725109,0.32216588796251916,0.3978977132952871,medium,COMPLETE
111,-0.0016721388119348795,2025-12-07 22:30:14.548942,2025-12-07 22:30:22.683381,0 days 00:00:08.134439,0.3555595807621283,0.007650953466718847,9,10,1172,1.7990398720851841,0.17220540315868796,0.4335973908890463,medium,COMPLETE
112,-0.0015987013322661021,2025-12-07 22:30:22.683381,2025-12-07 22:30:34.858981,0 days 00:00:12.175600,0.3915223083874764,0.0031561717020150374,7,1,1647,1.309128184595269,0.22546726662496094,0.33270136215169527,medium,COMPLETE
113,-0.0015663841019998663,2025-12-07 22:30:34.860487,2025-12-07 22:30:46.420669,0 days 00:00:11.560182,0.38124478971990095,0.0019569641078040255,7,1,1617,1.2661222544617863,0.24158809216195623,0.30998295427818223,medium,COMPLETE
114,-0.0016371622463648243,2025-12-07 22:30:46.421670,2025-12-07 22:31:01.598618,0 days 00:00:15.176948,0.3767631223820198,0.0019746473525694076,7,1,1570,0.9593675312023071,0.4211261710740767,0.3086633355840843,medium,COMPLETE
115,-0.0016395461351882041,2025-12-07 22:31:01.609141,2025-12-07 22:31:11.853572,0 days 00:00:10.244431,0.450986708052953,0.001418750559446528,7,2,1434,1.4285827143372196,0.28999270333327737,0.32162214854065374,medium,COMPLETE
116,-0.0015804186187631981,2025-12-07 22:31:11.854573,2025-12-07 22:31:24.869247,0 days 00:00:13.014674,0.4071473284608813,0.0018083853864278648,7,11,1728,1.2171047798337518,0.141258014761561,0.3115876824214309,medium,COMPLETE
117,-0.0045676179269047434,2025-12-07 22:31:24.870972,2025-12-07 22:31:55.551704,0 days 00:00:30.680732,0.3327304705644598,0.002332955500008275,7,12,1359,0.5853545522429513,0.1933072900372818,0.3604698742864598,medium,COMPLETE
118,-0.0019357576735630582,2025-12-07 22:31:55.551704,2025-12-07 22:32:14.939383,0 days 00:00:19.387679,0.3470250541729547,0.0021096147740117203,6,2,1828,0.9443368928706645,1.7094565642342197,0.3796020858187915,medium,COMPLETE
119,-0.0016307810019009494,2025-12-07 22:32:14.940381,2025-12-07 22:32:27.189647,0 days 00:00:12.249266,0.3637985798745242,0.0011671888807430122,7,9,1487,1.1279538984002655,0.33106924177442776,0.3416804235162698,medium,COMPLETE
120,-0.0016559721404409238,2025-12-07 22:32:27.191658,2025-12-07 22:32:40.537033,0 days 00:00:13.345375,0.3747376551304961,0.004910317293488578,8,1,2071,2.053464498126205,0.4633410596032513,0.30038498300540317,medium,COMPLETE
121,-0.008263375410679933,2025-12-07 22:32:40.539226,2025-12-07 22:33:38.047061,0 days 00:00:57.507835,0.4197778684424118,0.002578472560803676,7,3,1953,0.4654983585524207,0.2536674799195984,0.32500655625036906,medium,COMPLETE
122,-0.0015936857410157785,2025-12-07 22:33:38.047988,2025-12-07 22:33:50.793643,0 days 00:00:12.745655,0.39937940655600374,0.001562735849823326,7,11,1715,1.2237766958061926,0.14624182448843528,0.31197720225514625,medium,COMPLETE
123,-0.00193946198888247,2025-12-07 22:33:50.795245,2025-12-07 22:34:13.761434,0 days 00:00:22.966189,0.40961176992597415,0.0017766564158122257,7,12,1754,0.8344047735453557,0.2244628338964153,0.31438354569921606,medium,COMPLETE
124,-0.0014223448185068193,2025-12-07 22:34:13.763129,2025-12-07 22:34:27.669791,0 days 00:00:13.906662,0.38257678410947094,0.0018889884571666876,7,10,1559,1.0740967789261864,0.1762480520921162,0.3521324660243028,medium,COMPLETE
125,-0.0016208295173931742,2025-12-07 22:34:27.669791,2025-12-07 22:34:39.037569,0 days 00:00:11.367778,0.3842856018625677,0.001344021471301641,7,10,1601,1.3747312416645285,0.3680262068980841,0.35458683836125277,medium,COMPLETE
126,-0.002841083222670996,2025-12-07 22:34:39.039213,2025-12-07 22:35:02.608767,0 days 00:00:23.569554,0.35744390139857873,0.0018937395005216697,6,13,1482,0.7450063644467204,0.2945676488240526,0.3680535607736737,medium,COMPLETE
127,-0.0014611549763134206,2025-12-07 22:35:02.612116,2025-12-07 22:35:15.047181,0 days 00:00:12.435065,0.4294518160548449,0.002227911656338026,7,8,1341,1.0371846916188037,0.2045566906792208,0.32835860345171186,medium,COMPLETE
128,-0.0015039040422194134,2025-12-07 22:35:15.048931,2025-12-07 22:35:27.206159,0 days 00:00:12.157228,0.4560997230426772,0.0015662276148098277,8,8,1222,1.088281923641362,0.185667148218056,0.34359934047114626,medium,COMPLETE
129,-0.001474996324715964,2025-12-07 22:35:27.206159,2025-12-07 22:35:39.644847,0 days 00:00:12.438688,0.47861590746740956,0.0014752518132362536,8,8,1239,1.0751323167077937,0.16682474029883632,0.3389814324403024,medium,COMPLETE
130,-0.001507463157816728,2025-12-07 22:35:39.646851,2025-12-07 22:35:52.282233,0 days 00:00:12.635382,0.5061516021053689,0.0012169923926679156,8,7,1228,1.0650697681944141,0.20534826782858628,0.33766581880943486,medium,COMPLETE
131,-0.0015815824870995716,2025-12-07 22:35:52.283477,2025-12-07 22:36:03.691061,0 days 00:00:11.407584,0.4791496916546745,0.0013634504894647524,8,7,1092,1.061583776566253,0.15662230383020734,0.33959799977999977,medium,COMPLETE
132,-0.0016005830921238158,2025-12-07 22:36:03.692062,2025-12-07 22:36:15.578061,0 days 00:00:11.885999,0.5086993665451754,0.0012230306007267675,8,8,1216,1.0990416675407924,0.20414305430128277,0.3305473230448995,medium,COMPLETE
133,-0.0015744661023564903,2025-12-07 22:36:15.580066,2025-12-07 22:36:37.205718,0 days 00:00:21.625652,0.5351671015331235,0.0015102652061895927,8,7,1282,0.872045191820479,0.16900026260416529,0.34267781638497774,medium,COMPLETE
134,-0.001530784367639056,2025-12-07 22:36:37.207317,2025-12-07 22:36:52.625465,0 days 00:00:15.418148,0.4571581542665901,0.0010179173054571376,8,8,1381,1.0382619316680615,0.22276671024997494,0.35344926823906914,medium,COMPLETE
135,-0.001563671413352452,2025-12-07 22:36:52.626465,2025-12-07 22:37:07.401841,0 days 00:00:14.775376,0.5038309960173244,0.0011174231298155162,8,8,1137,0.9848437325211707,0.21025316748323863,0.3524422627716731,medium,COMPLETE
136,-0.0015951623661992025,2025-12-07 22:37:07.404247,2025-12-07 22:37:21.918846,0 days 00:00:14.514599,0.5647038793289341,0.001042990663364244,9,8,984,0.9959831239667113,0.1872124306936688,0.36389499161862005,medium,COMPLETE
137,-0.002197012143017337,2025-12-07 22:37:21.920424,2025-12-07 22:37:55.230347,0 days 00:00:33.309923,0.49724145502360595,0.0011352232928929407,8,8,1149,0.6711142925941644,0.1314382242902495,0.38206100918516495,medium,COMPLETE
138,-0.0017815981462693253,2025-12-07 22:37:55.233141,2025-12-07 22:38:18.389360,0 days 00:00:23.156219,0.5080067780296137,0.0013116520627607646,8,7,1243,0.8421523624914294,0.20696144551723594,0.35197882148883314,medium,COMPLETE
139,-0.0015524771685290577,2025-12-07 22:38:18.390864,2025-12-07 22:38:30.389750,0 days 00:00:11.998886,0.4834407053095498,0.0010474396775813854,9,9,1010,1.065998640859105,0.15519908673665062,0.3707810057426934,medium,COMPLETE
140,-0.00153070550853233,2025-12-07 22:38:30.390750,2025-12-07 22:38:40.322488,0 days 00:00:09.931738,0.46556055197096835,0.0011942315305353043,9,9,867,1.0832664717494043,0.16036443314589607,0.3708504360970702,medium,COMPLETE
141,-0.0019015969955057759,2025-12-07 22:38:40.323175,2025-12-07 22:39:02.212815,0 days 00:00:21.889640,0.4853840558716775,0.0012432033431941424,9,9,889,0.780507479604235,0.11341590244749607,0.3699728137001826,medium,COMPLETE
142,-0.0016559721404409238,2025-12-07 22:39:02.212815,2025-12-07 22:39:07.840266,0 days 00:00:05.627451,0.4599563838731947,0.0010154341405184258,9,9,746,4.954966586209781,0.16911514839950953,0.38898672212621616,medium,COMPLETE
143,-0.0015830930813247601,2025-12-07 22:39:07.841272,2025-12-07 22:39:19.924349,0 days 00:00:12.083077,0.46854430167177363,0.0010142368943622045,9,9,1371,1.1673711886877105,0.12698443447598465,0.3279334107903108,medium,COMPLETE
144,-0.0015386090604861586,2025-12-07 22:39:19.924993,2025-12-07 22:39:30.392130,0 days 00:00:10.467137,0.5204949582490414,0.0014063999374755625,10,7,948,1.0826329348182222,0.13832215645204415,0.3407710696348002,medium,COMPLETE
145,-0.0016076275100224506,2025-12-07 22:39:30.393131,2025-12-07 22:39:38.859893,0 days 00:00:08.466762,0.520914612612457,0.0012109883014059758,10,8,682,1.0941962069168967,0.10013185704579278,0.3761020037754673,medium,COMPLETE
146,-0.0016479714706455855,2025-12-07 22:39:38.861713,2025-12-07 22:39:54.506838,0 days 00:00:15.645125,0.5502846739350999,0.0013879507614023934,10,9,801,0.8998347709868972,0.14491727158184609,0.35836070747705934,medium,COMPLETE
147,-0.0014404238561785965,2025-12-07 22:39:54.507428,2025-12-07 22:40:05.923455,0 days 00:00:11.416027,0.45917160493588793,0.0014932267072097082,10,7,1033,1.0474374661280368,0.15888678982485072,0.3368025922338263,medium,COMPLETE
148,-0.0013493775926773182,2025-12-07 22:40:05.924459,2025-12-07 22:40:20.611630,0 days 00:00:14.687171,0.4590660871025903,0.0016231261930190557,10,7,1088,0.9717251923818825,0.1381142839974645,0.3390064634008485,medium,COMPLETE
149,-0.0016784893787935573,2025-12-07 22:40:20.612631,2025-12-07 22:40:43.327066,0 days 00:00:22.714435,0.4566463123791925,0.0016034223535804385,10,7,950,0.7764526673201135,0.12265137507704954,0.344759124738672,medium,COMPLETE
150,-0.002089938064046818,2025-12-07 22:40:43.328491,2025-12-07 22:41:20.929661,0 days 00:00:37.601170,0.4717315229679914,0.001489012925684131,10,7,1125,0.6235126444706938,0.1429474325239614,0.3351168901615617,medium,COMPLETE
151,-0.0015841072335215367,2025-12-07 22:41:20.930193,2025-12-07 22:41:38.397366,0 days 00:00:17.467173,0.43281141370750414,0.0013179385623403748,10,6,1028,0.8706009042646106,0.16918168219916693,0.32719789668301047,medium,COMPLETE
152,-0.0014882417142569142,2025-12-07 22:41:38.397366,2025-12-07 22:41:48.896918,0 days 00:00:10.499552,0.4539109171466806,0.0015701377882730893,10,7,858,1.0194240716864342,0.11122566765355436,0.3391469288708992,medium,COMPLETE
153,-0.0014454946686814536,2025-12-07 22:41:48.897457,2025-12-07 22:42:00.413865,0 days 00:00:11.516408,0.4571844848375024,0.001567707235828399,10,6,868,0.9867670804702273,0.11327646620015,0.338890206680367,medium,COMPLETE
154,-0.0015715300230764913,2025-12-07 22:42:00.416047,2025-12-07 22:42:07.767368,0 days 00:00:07.351321,0.460361829122571,0.0016121058793309364,10,6,548,0.9792446695616447,0.10943438146318993,0.32369542208272617,medium,COMPLETE
155,-0.0015997026529855167,2025-12-07 22:42:07.767864,2025-12-07 22:42:15.562957,0 days 00:00:07.795093,0.44598710410125453,0.0015318014378210088,10,8,841,1.2009435335983094,0.11829640665336716,0.3538093392264873,medium,COMPLETE
156,-0.0014481503549919061,2025-12-07 22:42:15.563962,2025-12-07 22:42:27.400013,0 days 00:00:11.836051,0.47796337098179276,0.00127026970670808,10,6,862,0.9813373065233932,0.12619027510500255,0.33858809964363773,medium,COMPLETE
157,-0.001397561324439393,2025-12-07 22:42:27.401518,2025-12-07 22:42:40.563689,0 days 00:00:13.162171,0.4730718427225453,0.0011970229516928084,10,6,888,0.94622840529607,0.10719181500828533,0.33470016659983076,medium,COMPLETE
158,-0.001592934772893943,2025-12-07 22:42:40.565619,2025-12-07 22:43:05.608662,0 days 00:00:25.043043,0.49263310205707944,0.0012806125570724949,10,5,882,0.7221653992820043,0.1108700563075511,0.3354270668666217,medium,COMPLETE
159,-0.0015656521062129558,2025-12-07 22:43:05.612926,2025-12-07 22:43:32.565193,0 days 00:00:26.952267,0.4767202349967966,0.0011794032086059486,10,6,670,0.5373750956650705,0.10484085512244987,0.3198711406812213,medium,COMPLETE
160,-0.0013929655823594251,2025-12-07 22:43:32.567226,2025-12-07 22:43:43.852659,0 days 00:00:11.285433,0.4383955452774201,0.0016998122578586663,10,6,792,0.93685006330425,0.13141896221273858,0.33118518753056564,medium,COMPLETE
161,-0.001454247497035895,2025-12-07 22:43:43.854165,2025-12-07 22:43:55.335009,0 days 00:00:11.480844,0.4449931960120651,0.0017199522359405857,10,6,766,0.9255018962034782,0.12611181085776726,0.3241214333178204,medium,COMPLETE
162,-0.0015890881764735187,2025-12-07 22:43:55.336602,2025-12-07 22:44:08.819503,0 days 00:00:13.482901,0.4373065629278581,0.0016735455178904762,10,6,765,0.8531003462243406,0.13524085289334586,0.3225033058133797,medium,COMPLETE
163,-0.0017708030698142159,2025-12-07 22:44:08.820108,2025-12-07 22:44:26.113563,0 days 00:00:17.293455,0.44761659839314705,0.001455495077088622,10,5,549,0.9424246992280343,0.12336201951081043,0.6553885644973613,medium,COMPLETE
164,-0.0014315061862332594,2025-12-07 22:44:26.115097,2025-12-07 22:44:37.067761,0 days 00:00:10.952664,0.4316533443478545,0.0020449824259943976,10,6,715,0.9245695940985614,0.12944269011122717,0.3371411674185435,medium,COMPLETE
165,-0.001476992438356195,2025-12-07 22:44:37.067761,2025-12-07 22:44:47.030078,0 days 00:00:09.962317,0.42693622455310987,0.0018902914084751503,10,6,641,0.9251461338170701,0.10002716846107008,0.33531785206369963,medium,COMPLETE
166,-0.0014979610254200655,2025-12-07 22:44:47.032114,2025-12-07 22:45:03.235596,0 days 00:00:16.203482,0.4334693685582212,0.0016592515519391125,10,6,626,0.7386877899472518,0.10229796887741731,0.33496771851760127,medium,COMPLETE
167,-0.0016768292044527049,2025-12-07 22:45:03.235596,2025-12-07 22:45:16.751068,0 days 00:00:13.515472,0.4281705005083953,0.0018904964932724693,10,6,460,0.6815900566463428,0.10042219883626691,0.3274346453573172,medium,COMPLETE
168,-0.0014535389468189515,2025-12-07 22:45:16.753075,2025-12-07 22:45:34.356003,0 days 00:00:17.602928,0.4434021082874016,0.0016590788278524897,10,5,762,0.7767092774278991,0.11559522356011333,0.33477772243068044,medium,COMPLETE
169,-0.0016529910916238306,2025-12-07 22:45:34.357201,2025-12-07 22:45:47.597084,0 days 00:00:13.239883,0.4264227248381914,0.0017121169826742587,10,5,613,0.779693777388084,0.1097842977812644,0.3197247658644317,medium,COMPLETE
170,-0.001551549651861217,2025-12-07 22:45:47.599089,2025-12-07 22:46:02.907259,0 days 00:00:15.308170,0.44297853376047003,0.0021173901378769744,10,6,357,0.5036701702770225,0.11972694468272013,0.3289690307685972,medium,COMPLETE
171,-0.002248858974613096,2025-12-07 22:46:02.908861,2025-12-07 22:46:28.720658,0 days 00:00:25.811797,0.43506607313508533,0.0019715116974733846,10,5,717,0.5986020853807807,0.13132744635586172,0.36069750769851033,medium,COMPLETE
172,-0.0014957073204363198,2025-12-07 22:46:28.720658,2025-12-07 22:46:42.426860,0 days 00:00:13.706202,0.45905890500432944,0.001595848881760356,10,6,816,0.9069387786848288,0.11486610410464676,0.34224253537102034,medium,COMPLETE
173,-0.0016245895396509076,2025-12-07 22:46:42.428209,2025-12-07 22:46:58.087742,0 days 00:00:15.659533,0.4670178412856822,0.0017802144934370642,10,6,811,0.8516442274212499,0.11248853275930258,0.3387878267731936,medium,COMPLETE
174,-0.0014770508832370188,2025-12-07 22:46:58.097291,2025-12-07 22:47:09.461497,0 days 00:00:11.364206,0.47775708942712564,0.001650946794094202,10,6,701,0.9214426898757093,0.10030181081991692,0.3344628738814685,medium,COMPLETE
175,-0.001474081056969075,2025-12-07 22:47:09.463003,2025-12-07 22:47:23.826571,0 days 00:00:14.363568,0.44524587491322704,0.0016818745035320722,10,5,590,0.7383377143123907,0.10290310125781305,0.3135452391005276,medium,COMPLETE
176,-0.001137120944887493,2025-12-07 22:47:23.828909,2025-12-07 22:48:18.444490,0 days 00:00:54.615581,0.4553121381937601,0.0015369953352135889,10,4,742,0.26857864967911543,0.12849801202643632,0.31543268220714865,medium,COMPLETE
177,-0.0010070061838000448,2025-12-07 22:48:18.445438,2025-12-07 22:48:58.265355,0 days 00:00:39.819917,0.48595243300775365,0.0014892498783729286,10,4,709,0.3932166210599724,0.13042170399310934,0.3172839235322142,medium,COMPLETE
178,-0.002407508905246436,2025-12-07 22:48:58.267162,2025-12-07 22:50:18.484427,0 days 00:01:20.217265,0.48989320098380534,0.001833831473052634,10,4,724,0.145451343230038,0.13052381953349956,0.3151900893340771,medium,COMPLETE
179,-0.0005460340018261419,2025-12-07 22:50:18.485427,2025-12-07 22:50:50.080235,0 days 00:00:31.594808,0.479002237958342,0.0014782036466887169,10,4,523,0.36678507909255353,0.14558145775818102,0.3187751150335051,medium,COMPLETE
180,-0.0009143252970043777,2025-12-07 22:50:50.082947,2025-12-07 22:51:32.719680,0 days 00:00:42.636733,0.4455698308705661,0.0013881039243611268,10,4,565,0.25486753417265595,0.14863085394926864,0.31131036253681904,medium,COMPLETE
181,-0.0011527906211595829,2025-12-07 22:51:32.721685,2025-12-07 22:52:08.652644,0 days 00:00:35.930959,0.47153177697400667,0.0014255507013311258,10,4,519,0.30117591617563594,0.14345577688646988,0.31000547075438295,medium,COMPLETE
182,-0.0013469586683659458,2025-12-07 22:52:08.653643,2025-12-07 22:52:37.771990,0 days 00:00:29.118347,0.4763601030692002,0.0014243264883069936,10,4,505,0.3805441177297997,0.14889275940350524,0.30995406701954736,medium,COMPLETE
183,-0.0005326130817382794,2025-12-07 22:52:37.772719,2025-12-07 22:53:13.525472,0 days 00:00:35.752753,0.47234309976015204,0.0013801520509768722,10,4,512,0.30028511731227975,0.146746970863475,0.3110633015693727,medium,COMPLETE
184,-0.0011284936877493656,2025-12-07 22:53:13.525472,2025-12-07 22:53:50.260548,0 days 00:00:36.735076,0.4689906625527261,0.001378988676727389,10,4,489,0.2659018243904247,0.14596317418644641,0.3014071532165627,medium,COMPLETE
185,-0.0009004325699038714,2025-12-07 22:53:50.261093,2025-12-07 22:54:19.126327,0 days 00:00:28.865234,0.4952126867820419,0.0013724445521060107,10,4,441,0.33696606875188495,0.14529037418725954,0.30111063203796445,medium,COMPLETE
186,-0.001249855345298534,2025-12-07 22:54:19.128338,2025-12-07 22:54:42.361173,0 days 00:00:23.232835,0.49728722617525817,0.0014167921952185486,10,4,257,0.22134210921549807,0.1494288075255164,0.30096043202504963,medium,COMPLETE
187,-0.0013133849726059132,2025-12-07 22:54:42.363207,2025-12-07 22:54:59.735952,0 days 00:00:17.372745,0.5004442672256955,0.0013605200214764103,10,4,234,0.2948395796613513,0.14560318924178234,0.30020217173363695,medium,COMPLETE
188,-0.001167494329174586,2025-12-07 22:54:59.735952,2025-12-07 22:55:17.158762,0 days 00:00:17.422810,0.4968135071294677,0.0014214202635490015,10,4,231,0.28787696792996426,0.14896379012988936,0.3000333946181275,medium,COMPLETE
189,-0.001325456251875338,2025-12-07 22:55:17.159717,2025-12-07 22:55:33.026048,0 days 00:00:15.866331,0.49913332673364513,0.0014027064144062043,10,4,214,0.29887036524508015,0.15177304064766084,0.30136187167642325,medium,COMPLETE
190,-0.0013065582735108567,2025-12-07 22:55:33.028056,2025-12-07 22:55:48.724230,0 days 00:00:15.696174,0.49882444768559187,0.0014390683370716065,10,4,211,0.29653862922974095,0.14881448510013182,0.3001727018939561,medium,COMPLETE
191,-0.0012157089097358798,2025-12-07 22:55:48.725072,2025-12-07 22:56:03.563203,0 days 00:00:14.838131,0.49855247125569746,0.0013728268872791843,10,4,210,0.3230780456902429,0.15011546958878183,0.30028387539059254,medium,COMPLETE
192,-0.0013518235901651317,2025-12-07 22:56:03.565324,2025-12-07 22:56:19.033129,0 days 00:00:15.467805,0.4938441364288848,0.0013671012424683086,10,4,206,0.2913499730017325,0.1559644761557101,0.30178879359723687,medium,COMPLETE
193,-0.0011961693612735358,2025-12-07 22:56:19.033129,2025-12-07 22:56:40.980075,0 days 00:00:21.946946,0.4967280252342395,0.0013605340246150835,10,4,288,0.2747422248861927,0.14558540815488386,0.30168636978268965,medium,COMPLETE
194,-0.0010080960696136065,2025-12-07 22:56:40.981248,2025-12-07 22:56:57.368159,0 days 00:00:16.386911,0.5007139292520427,0.0013728982808090269,10,4,220,0.2985804854204153,0.14771738760375003,0.3030868013870098,medium,COMPLETE
195,-0.0011261351378479094,2025-12-07 22:56:57.368674,2025-12-07 22:57:13.689495,0 days 00:00:16.320821,0.5017396175249393,0.0013827657916174612,10,4,228,0.3105613224357575,0.15663205235575467,0.30274125071422503,medium,COMPLETE
196,-0.0013243835708227996,2025-12-07 22:57:13.697383,2025-12-07 22:57:30.672328,0 days 00:00:16.974945,0.5296222156412521,0.001375842702281645,10,4,225,0.3080619220528408,0.1461447277247537,0.30188118900801375,medium,COMPLETE
197,-0.0008357331757055849,2025-12-07 22:57:30.672328,2025-12-07 22:58:01.487118,0 days 00:00:30.814790,0.5244618798297035,0.0013905941189657487,10,4,271,0.15496631542996459,0.14768199717182828,0.3027394773207259,medium,COMPLETE
198,-0.0012246050219311133,2025-12-07 22:58:01.488118,2025-12-07 22:58:23.243727,0 days 00:00:21.755609,0.5303134461825558,0.0013738236315324018,10,4,278,0.29147158032842857,0.15134212838249184,0.3011975633677173,medium,COMPLETE
199,-0.0012978335922421518,2025-12-07 22:58:23.244800,2025-12-07 22:58:59.872923,0 days 00:00:36.628123,0.5467331963051849,0.001327467975001081,10,4,281,0.11053987426487877,0.14588859206455826,0.30144076609590553,medium,COMPLETE
200,-0.0005783398470645315,2025-12-07 22:58:59.874145,2025-12-07 22:59:41.843606,0 days 00:00:41.969461,0.5340452044417439,0.0013359428323619672,10,3,306,0.10754035102147105,0.14958485705121616,0.30471457981948735,medium,COMPLETE
201,-0.0011990839654419199,2025-12-07 22:59:41.844604,2025-12-07 23:00:25.505107,0 days 00:00:43.660503,0.552350740583947,0.0013478427712777334,10,3,309,0.10025555275186265,0.17716839317480812,0.3007810567033713,medium,COMPLETE
202,-0.0016038472730136588,2025-12-07 23:00:25.506108,2025-12-07 23:01:09.047005,0 days 00:00:43.540897,0.5485580804096852,0.0013054143618387033,10,3,306,0.08631721513844022,0.17568766009739678,0.30179469686024607,medium,COMPLETE
203,-0.0007028481991523394,2025-12-07 23:01:09.053105,2025-12-07 23:01:42.063168,0 days 00:00:33.010063,0.514545557259677,0.001317387633798992,10,3,314,0.1830420889584466,0.1444257107200071,0.30005418047704885,medium,COMPLETE
204,-0.0009359210526553863,2025-12-07 23:01:42.063692,2025-12-07 23:02:27.693077,0 days 00:00:45.629385,0.5377510723481901,0.0012943049419987343,10,3,409,0.1837664810530455,0.1624122661680614,0.3114604826371637,medium,COMPLETE
205,-0.0008513086098457986,2025-12-07 23:02:27.694823,2025-12-07 23:03:14.949089,0 days 00:00:47.254266,0.5724348987236573,0.0012550653711611757,10,3,391,0.17318839695349225,0.16947916062116394,0.31419193900989617,medium,COMPLETE
206,-0.0006587599658448573,2025-12-07 23:03:14.951622,2025-12-07 23:04:01.753067,0 days 00:00:46.801445,0.5773988897456982,0.0012873236548732688,10,3,403,0.1912676988985276,0.16662752151350657,0.3141522183430762,medium,COMPLETE
207,-0.0007709681586818654,2025-12-07 23:04:01.753067,2025-12-07 23:04:48.485428,0 days 00:00:46.732361,0.5856292400372629,0.001129266491804794,10,3,388,0.1840581658026678,0.17945831430847137,0.3163673584783202,medium,COMPLETE
208,-0.0020604712865051056,2025-12-07 23:04:48.486154,2025-12-07 23:05:33.171828,0 days 00:00:44.685674,0.5919000656142505,0.0011160362874605492,10,3,405,0.012972095298198483,0.1676848345734181,0.3134511463910009,medium,COMPLETE
209,-0.0009103699988222506,2025-12-07 23:05:33.171828,2025-12-07 23:06:18.698829,0 days 00:00:45.527001,0.5696987699456213,0.0012146646882595657,10,3,371,0.1689639182047251,0.18407413079400772,0.31588720338857135,medium,COMPLETE
210,-0.0008061103071650052,2025-12-07 23:06:18.700499,2025-12-07 23:07:04.618784,0 days 00:00:45.918285,0.5686152443206458,0.0012575312213519067,10,3,374,0.16874096425138313,0.18000856946671703,0.3157830905243513,medium,COMPLETE
211,-0.0009403731753711749,2025-12-07 23:07:04.618784,2025-12-07 23:07:51.767400,0 days 00:00:47.148616,0.6108135363017135,0.0011342118312581983,10,3,386,0.189298038911381,0.18232684184943343,0.3155396546480104,medium,COMPLETE
212,-0.001232392934218803,2025-12-07 23:07:51.768336,2025-12-07 23:08:43.156438,0 days 00:00:51.388102,0.6264343066777509,0.0011144690708403708,10,3,407,0.18047615246720677,0.17173610017516003,0.31480657558581265,medium,COMPLETE
213,-0.0005685850606388007,2025-12-07 23:08:43.156438,2025-12-07 23:09:33.114881,0 days 00:00:49.958443,0.5749957442792818,0.0012312094077577887,10,3,468,0.21140602814097684,0.19459680720651604,0.31680652306270396,medium,COMPLETE
214,-0.0014541584470322277,2025-12-07 23:09:33.116239,2025-12-07 23:09:54.997553,0 days 00:00:21.881314,0.5684067476300475,0.0012437840031175814,10,3,365,0.42631695757216403,0.18807665751134456,0.3162565706856259,medium,COMPLETE
215,-0.0010392015370181973,2025-12-07 23:09:54.999222,2025-12-07 23:10:51.783707,0 days 00:00:56.784485,0.6119243238843408,0.001179542047541622,10,3,469,0.1921726946878373,0.1892908340903407,0.3168743571881474,medium,COMPLETE
216,-0.0009420145385445148,2025-12-07 23:10:51.784706,2025-12-07 23:11:47.719143,0 days 00:00:55.934437,0.5993293645218554,0.0011218944810450758,10,3,452,0.1783141958693195,0.19024505958297833,0.3177090359634727,medium,COMPLETE
217,-0.00112593419258696,2025-12-07 23:11:47.719143,2025-12-07 23:12:45.456920,0 days 00:00:57.737777,0.6129761066436028,0.00111818678131593,10,3,444,0.16867736634340705,0.18932472377725681,0.3173214611415718,medium,COMPLETE
218,-0.0011587668304298877,2025-12-07 23:12:45.457921,2025-12-07 23:13:44.721208,0 days 00:00:59.263287,0.6049029372695712,0.0010869870589967883,10,3,451,0.16177160132787397,0.19286063356292302,0.3187770759645038,medium,COMPLETE
219,-0.0036381671454061384,2025-12-07 23:13:44.723219,2025-12-07 23:14:22.931626,0 days 00:00:38.208407,0.5856367186787942,0.0011520156758877522,10,3,382,0.0023621193383711048,0.18495043891399368,0.32039770089801667,medium,COMPLETE
220,-0.0013148036136708303,2025-12-07 23:14:22.933136,2025-12-07 23:15:24.751795,0 days 00:01:01.818659,0.620240218962179,0.0012177913065109648,10,3,474,0.16540211739656435,0.16607055344617538,0.3138261339802405,medium,COMPLETE
221,-0.0013831158888742978,2025-12-07 23:15:24.751795,2025-12-07 23:15:46.686084,0 days 00:00:21.934289,0.5801665963629544,0.0010880680084411744,10,2,370,0.43938455211325245,0.19237031171811042,0.31897500040356064,medium,COMPLETE
222,-0.0009565269378855046,2025-12-07 23:15:46.687087,2025-12-07 23:16:36.538942,0 days 00:00:49.851855,0.5918503920273668,0.001245326978496247,10,3,439,0.20384935199832052,0.1668984683991759,0.3167566829766183,medium,COMPLETE
223,-0.0007164763396902233,2025-12-07 23:16:36.539947,2025-12-07 23:17:43.001175,0 days 00:01:06.461228,0.5928235793380128,0.0012469571950684672,10,3,443,0.10287194581923131,0.16799203126118714,0.3182485747468967,medium,COMPLETE
224,-0.0009214061139113383,2025-12-07 23:17:43.005188,2025-12-07 23:18:41.289685,0 days 00:00:58.284497,0.6100397381308511,0.0012219243696193764,10,3,420,0.1447288153843177,0.1771189946520646,0.3207518191838418,medium,COMPLETE
225,-0.001491903949804696,2025-12-07 23:18:41.290684,2025-12-07 23:19:47.219399,0 days 00:01:05.928715,0.5940469661761953,0.0011823039847644057,10,3,430,0.08300592616576546,0.2103083241560589,0.3178188820870954,medium,COMPLETE
226,-0.0009354118798142371,2025-12-07 23:19:47.219399,2025-12-07 23:20:30.811050,0 days 00:00:43.591651,0.5710690678679594,0.0012516635767027334,10,2,350,0.18071355276916626,0.17714752766685835,0.3226106375611415,medium,COMPLETE
227,-0.0007777991916174306,2025-12-07 23:20:30.811767,2025-12-07 23:21:27.912913,0 days 00:00:57.101146,0.5611219094987485,0.0012200690623908439,10,2,364,0.09100498191378759,0.17535393164086666,0.32504449046823986,medium,COMPLETE
228,-0.0005336857534581722,2025-12-07 23:21:27.914042,2025-12-07 23:22:09.157016,0 days 00:00:41.242974,0.5707401272361287,0.0012570258800640786,10,2,336,0.016462835352991118,0.16972383273087233,0.32178801179470473,medium,COMPLETE
229,-0.001804747112142809,2025-12-07 23:22:09.159022,2025-12-07 23:22:46.648926,0 days 00:00:37.489904,0.5616522606639033,0.0012562150288509771,10,2,345,0.005077704843675562,0.17080888056938706,0.32467102519889884,medium,COMPLETE
230,-0.0002740498431007173,2025-12-07 23:22:46.648926,2025-12-07 23:24:11.220479,0 days 00:01:24.571553,0.5788736197456286,0.001244902015343463,10,2,546,0.10750284352549169,0.1660573915524367,0.3233270840758285,medium,COMPLETE
231,-0.001135125232680075,2025-12-07 23:24:11.220479,2025-12-07 23:25:43.457726,0 days 00:01:32.237247,0.5762956745278904,0.001260461791358399,10,2,569,0.09090295457821612,0.17212645316307273,0.32396491444788533,medium,COMPLETE
232,-0.0010762582316304152,2025-12-07 23:25:43.458727,2025-12-07 23:26:31.691032,0 days 00:00:48.232305,0.5980776079273078,0.0012574773937914147,10,2,355,0.16595119896243746,0.21777354475305116,0.323742862151346,medium,COMPLETE
233,-0.0009573459447154523,2025-12-07 23:26:31.691032,2025-12-07 23:27:04.794083,0 days 00:00:33.103051,0.5716939147708843,0.0010081563755343268,10,2,531,0.40944159902999056,0.1695470512593957,0.31360517341839356,medium,COMPLETE
234,-0.0007666391439088427,2025-12-07 23:27:04.795201,2025-12-07 23:28:28.643619,0 days 00:01:23.848418,0.5579444901797287,0.001018469273452195,10,2,534,0.09038709021036845,0.16868294421907826,0.32512883056159364,medium,COMPLETE
235,-0.0009649816655202814,2025-12-07 23:28:28.643619,2025-12-07 23:29:41.565107,0 days 00:01:12.921488,0.5814210308834177,0.0011398902475431027,10,2,405,0.07265801275103843,14.931390872496317,0.32517615747148926,medium,COMPLETE
236,-0.0007624765714309886,2025-12-07 23:29:41.565816,2025-12-07 23:30:21.981641,0 days 00:00:40.415825,0.5607559816849507,0.0010828177491105043,10,3,336,0.17834889809441662,0.18594071011152083,0.3224563677905355,medium,COMPLETE
237,-0.0005923385925775682,2025-12-07 23:30:21.983146,2025-12-07 23:31:12.336676,0 days 00:00:50.353530,0.5589517414297281,0.0010814815152557836,10,3,338,0.09711147257686563,0.2008130786668948,0.3268519492837854,medium,COMPLETE
238,-0.0010463819732077957,2025-12-07 23:31:12.337862,2025-12-07 23:31:50.302801,0 days 00:00:37.964939,0.5569379139594905,0.0010446929244643766,10,2,329,0.010560126181200238,0.20758010794955367,0.32564472900998853,medium,COMPLETE
239,-0.0005006572139106084,2025-12-07 23:31:50.303666,2025-12-07 23:32:41.020638,0 days 00:00:50.716972,0.5696512082495269,0.0010774726582309644,10,3,337,0.0905267649209657,0.18485891495706577,0.3261549328512787,medium,COMPLETE
240,-0.0007271011679630401,2025-12-07 23:32:41.022540,2025-12-07 23:33:59.443852,0 days 00:01:18.421312,0.5637759179078987,0.0010763337184494237,10,2,337,0.09465159050850382,0.22862371431371956,0.7677049463389052,medium,COMPLETE
241,-0.0004333362487113357,2025-12-07 23:33:59.444239,2025-12-07 23:35:15.575777,0 days 00:01:16.131538,0.5614801810962785,0.0010162863257583328,10,2,322,0.06805213061276177,0.23243791908735156,0.8524888491775161,medium,COMPLETE
242,-0.00039366014448364667,2025-12-07 23:35:15.575777,2025-12-07 23:36:33.626831,0 days 00:01:18.051054,0.5648649764748974,0.0010211902517041477,10,2,343,0.08630435591383438,0.22897926165709667,0.7398297771973174,medium,COMPLETE
243,-0.0007448075214925668,2025-12-07 23:36:33.626831,2025-12-07 23:37:51.595639,0 days 00:01:17.968808,0.5595186488058967,0.0010006612422762816,10,2,323,0.07663804341374555,0.23195676876429697,0.8599766174162949,medium,COMPLETE
244,-0.000539270821904784,2025-12-07 23:37:51.598689,2025-12-07 23:39:06.630616,0 days 00:01:15.031927,0.5619694434489354,0.0010015354984158004,10,2,309,0.0801598618660073,0.22731477093660718,0.8479545500576561,medium,COMPLETE
245,0.0001375580547036496,2025-12-07 23:39:06.632831,2025-12-07 23:40:10.376731,0 days 00:01:03.743900,0.5633150814526994,0.0010036194021390598,10,2,308,0.03458149373283047,0.23731071393422776,0.8428357459115938,medium,COMPLETE
246,-0.00033987309448498443,2025-12-07 23:40:10.377731,2025-12-07 23:41:22.264013,0 days 00:01:11.886282,0.5640433043866354,0.0010092710608783223,10,2,307,0.06014153268264033,0.2182740849370454,0.8553254098293207,medium,COMPLETE
247,0.00042300184931017465,2025-12-07 23:41:22.264916,2025-12-07 23:42:07.413130,0 days 00:00:45.148214,0.5595080191782587,0.0010030282879144648,10,2,292,0.0012146400755863457,0.24037410041280732,0.8431818405734649,medium,COMPLETE
248,-0.0004605922250194479,2025-12-07 23:42:07.414137,2025-12-07 23:43:09.784319,0 days 00:01:02.370182,0.5573501571688542,0.0010143274840493154,10,2,328,0.023043274735888963,0.24196639118324992,0.8546434660281261,medium,COMPLETE
249,-0.0002372213118532196,2025-12-07 23:43:09.785319,2025-12-07 23:44:05.611480,0 days 00:00:55.826161,0.5516342536026421,0.0010233222698463993,10,2,339,0.009086269255787677,0.23205009586035852,0.8506476031347104,medium,COMPLETE
250,1.3030256554228773e-05,2025-12-07 23:44:05.613897,2025-12-07 23:45:03.853440,0 days 00:00:58.239543,0.5567614910014911,0.0010102843787034123,10,2,303,0.023653853470051025,0.24748757103748875,0.8549660679023107,medium,COMPLETE
251,0.00035556231558360923,2025-12-07 23:45:03.853791,2025-12-07 23:46:02.585201,0 days 00:00:58.731410,0.5426658235399537,0.0010087129745028683,10,2,302,0.027598292804756903,0.23866334251111104,0.8498207520307967,medium,COMPLETE
252,-1.616418053799566e-05,2025-12-07 23:46:02.585201,2025-12-07 23:46:48.538510,0 days 00:00:45.953309,0.544070204055473,0.0010035929357922815,10,2,300,0.0010358965382143703,0.24441669708264555,0.8486575356274144,medium,COMPLETE
253,-0.0005081557075468091,2025-12-07 23:46:48.538510,2025-12-07 23:47:40.343737,0 days 00:00:51.805227,0.5417784021889493,0.0010180622280084365,10,1,302,0.005391114190073168,0.24186592784071503,0.8508736345126071,medium,COMPLETE
254,-0.0004059963157491501,2025-12-07 23:47:40.345942,2025-12-07 23:48:40.879028,0 days 00:01:00.533086,0.5420260571901379,0.0010132541147582553,10,1,297,0.023624994065722455,0.25508858826786646,0.8470633747836457,medium,COMPLETE
255,-3.7827653961097774e-05,2025-12-07 23:48:40.880611,2025-12-07 23:49:37.931891,0 days 00:00:57.051280,0.5384138756242111,0.0010065863788204516,10,1,287,0.024524873499949622,0.2554288899086756,0.8330044134659627,medium,COMPLETE
256,-0.0001116643019099343,2025-12-07 23:49:37.932397,2025-12-07 23:50:28.934753,0 days 00:00:51.002356,0.5401722148869453,0.0010245649511422923,10,1,300,0.00866197524755001,0.2469111521702245,0.8280786462897409,medium,COMPLETE
257,-0.00028041101827698994,2025-12-07 23:50:28.935752,2025-12-07 23:51:17.692735,0 days 00:00:48.756983,0.5378959723081411,0.0010097778492710238,10,1,290,0.0008680885891094864,0.25315313856135585,0.8271458439275259,medium,COMPLETE
258,-0.0003200136103850282,2025-12-07 23:51:17.694743,2025-12-07 23:52:06.534635,0 days 00:00:48.839892,0.540437893458953,0.0010049025166337811,10,1,279,0.01150344762685976,0.2545161572542054,0.8207146564225576,medium,COMPLETE
259,-0.000714120224234227,2025-12-07 23:52:06.534635,2025-12-07 23:52:54.002438,0 days 00:00:47.467803,0.5330365701100062,0.0010128011172556278,10,1,290,0.002543327776162797,0.26118643210249093,0.8144155228668942,medium,COMPLETE
260,-0.0005580067641910436,2025-12-07 23:52:54.002438,2025-12-07 23:53:43.477346,0 days 00:00:49.474908,0.5422201246471214,0.0010265575209592358,10,1,284,0.0075273348595396895,0.24435714570779432,0.8455102307372154,medium,COMPLETE
261,-0.00023282915670641557,2025-12-07 23:53:43.478346,2025-12-07 23:54:35.732025,0 days 00:00:52.253679,0.5427110101415527,0.00101841307493558,10,1,267,0.01997799846362034,0.2503004000012823,0.8440712726595844,medium,COMPLETE
262,0.0006196116927891238,2025-12-07 23:54:35.732025,2025-12-07 23:55:21.862033,0 days 00:00:46.130008,0.545285705484926,0.0010163587385424071,10,1,269,0.0017285080621086031,0.24837074430481615,0.8450879877079381,medium,COMPLETE
263,0.00020912527953509397,2025-12-07 23:55:21.863795,2025-12-07 23:56:09.397081,0 days 00:00:47.533286,0.5448481485198432,0.001004046402756373,10,1,270,7.95861619886512e-06,0.2491604615210608,0.8420343556837411,medium,COMPLETE
264,-0.00011809065903793196,2025-12-07 23:56:09.397507,2025-12-07 23:56:51.917211,0 days 00:00:42.519704,0.5439580215949543,0.0010030583073986966,10,1,254,0.002031319562553511,0.2566420579659061,0.8302342121676604,medium,COMPLETE
265,-0.0005614884314200838,2025-12-07 23:56:51.917768,2025-12-07 23:57:40.319117,0 days 00:00:48.401349,0.5389999149514664,0.0010029727671651556,10,1,277,2.4941301790693676e-05,0.2556144641100165,0.8292450541272904,medium,COMPLETE
266,-0.000589970871470317,2025-12-07 23:57:40.319705,2025-12-07 23:58:25.821008,0 days 00:00:45.501303,0.545253821345364,0.0010059301341166266,10,1,264,0.001053350419854951,0.26030268831693204,0.8675476028122203,medium,COMPLETE
267,-0.0007642215268168773,2025-12-07 23:58:25.821589,2025-12-07 23:59:09.065390,0 days 00:00:43.243801,0.5473319955786287,0.0010010731931006636,10,1,205,0.03165601168238545,0.24493740958235477,0.8390223482479762,medium,COMPLETE
268,-0.00033534832877331794,2025-12-07 23:59:09.067121,2025-12-08 00:00:06.099396,0 days 00:00:57.032275,0.547378866511693,0.0010702754845048697,10,1,282,0.026532561985337783,0.2697051868715078,0.8254274582191482,medium,COMPLETE
269,-0.05684377724079178,2025-12-08 00:00:06.099396,2025-12-08 00:14:55.558965,0 days 00:14:49.459569,0.545384806646111,0.0010885280189507761,10,1,3353,0.0004111344638434391,0.27338802949180446,0.8153395347669331,medium,COMPLETE
270,-0.001208276469230829,2025-12-08 00:14:55.558965,2025-12-08 00:15:34.415600,0 days 00:00:38.856635,0.526281539458465,0.0010739099350460734,10,1,211,0.012445974613815407,0.2869052029575224,0.8665482922941617,medium,COMPLETE
271,-0.00014056420276553627,2025-12-08 00:15:34.416714,2025-12-08 00:16:22.075457,0 days 00:00:47.658743,0.5491606860441353,0.0010844836385508155,10,1,276,0.0015551317658022215,0.24895790410639226,0.8260901078472997,medium,COMPLETE
272,0.000268152584729157,2025-12-08 00:16:22.077204,2025-12-08 00:16:57.801616,0 days 00:00:35.724412,0.5479411723423344,0.0010802478456302977,9,1,268,0.003727484864759104,0.2470866057535914,0.8253617971822006,medium,COMPLETE
273,-2.5350078040794106e-05,2025-12-08 00:16:57.802866,2025-12-08 00:17:35.500859,0 days 00:00:37.697993,0.5401673093494843,0.0010765072154128687,9,1,267,0.012745214275697697,0.24556325620260971,0.8245419849103369,medium,COMPLETE
274,-0.0004549746229083329,2025-12-08 00:17:35.500859,2025-12-08 00:18:16.287223,0 days 00:00:40.786364,0.5506495659176649,0.0010834508750764854,9,1,211,0.07757434806706542,0.27003304110036824,0.8196391558559614,medium,COMPLETE
275,-0.03451609196553266,2025-12-08 00:18:16.287559,2025-12-08 00:26:47.121027,0 days 00:08:30.833468,0.5356720429785045,0.0010888750811711776,9,1,2624,0.010841757257408692,0.3117087144562369,0.8193388814691812,medium,COMPLETE
276,-5.477893031772633e-05,2025-12-08 00:26:47.123454,2025-12-08 00:27:21.132052,0 days 00:00:34.008598,0.5501077042899246,0.0010020545282256844,9,1,257,0.00024022675965598705,0.2729987622496458,0.803257363470973,medium,COMPLETE
277,-0.00023825697971783613,2025-12-08 00:27:21.134731,2025-12-08 00:28:08.508895,0 days 00:00:47.374164,0.5214533304964647,0.001095086804731789,9,1,258,0.08798511609304069,0.266948796079821,0.7988286632169322,medium,COMPLETE
278,0.0007740820870732653,2025-12-08 00:28:08.508895,2025-12-08 00:28:35.297609,0 days 00:00:26.788714,0.5301341559362085,0.0011129253626065182,9,1,206,0.0010604637344836655,0.29256404267186514,0.7991611873126107,medium,COMPLETE
279,-0.0003937014342451084,2025-12-08 00:28:35.298614,2025-12-08 00:29:13.718973,0 days 00:00:38.420359,0.5204216482512195,0.001119146351924379,9,1,203,0.10254205956470658,0.3040366768157325,0.7988709226134996,medium,COMPLETE
280,0.0001029595065853058,2025-12-08 00:29:13.718973,2025-12-08 00:30:02.884206,0 days 00:00:49.165233,0.5181736408006651,0.0011183341558463626,9,1,262,0.09771305580991509,0.3035959925518229,0.7959040265250349,medium,COMPLETE
281,-0.00033492975723644253,2025-12-08 00:30:02.885282,2025-12-08 00:30:40.412383,0 days 00:00:37.527101,0.5204673702560346,0.0011235218690438518,9,1,203,0.10979417626810858,0.26965441210248725,0.8006421008210893,medium,COMPLETE
282,-0.00024167737368433842,2025-12-08 00:30:40.413388,2025-12-08 00:31:16.257511,0 days 00:00:35.844123,0.5194304913191887,0.001134252001133988,9,1,202,0.12225455259314405,0.2830782197007384,0.7945406708711281,medium,COMPLETE
283,-0.0016559721404409238,2025-12-08 00:31:16.259056,2025-12-08 00:31:18.801801,0 days 00:00:02.542745,0.5159647977503894,0.0011357202487425556,9,1,209,4.6230576804835515,0.2854826629565345,0.798816609513334,medium,COMPLETE
284,-0.00018807358680983377,2025-12-08 00:31:18.804109,2025-12-08 00:32:06.663394,0 days 00:00:47.859285,0.5258921274283594,0.0011342399838914158,9,1,259,0.10828484735697104,0.3252237580673919,0.7801490093997808,medium,COMPLETE
285,-0.00024260233755749963,2025-12-08 00:32:06.665655,2025-12-08 00:32:49.935942,0 days 00:00:43.270287,0.5262417419224441,0.0011395599851365648,9,1,247,0.12778866242126394,0.32142569549590544,0.7769502237373656,medium,COMPLETE
286,-0.07924823880953517,2025-12-08 00:32:49.936943,2025-12-08 00:33:42.327711,0 days 00:00:52.390768,0.5309527990672533,0.019977840490063105,9,1,270,0.003981622508533539,0.3338621742569065,0.7716703646163331,medium,COMPLETE
287,-0.0006181430454411663,2025-12-08 00:33:42.328713,2025-12-08 00:34:30.462493,0 days 00:00:48.133780,0.5277859520305174,0.0011450571547285508,9,1,267,0.12865646241949136,0.3188238459400015,0.8335063696902302,medium,COMPLETE
288,-0.0016559721404409238,2025-12-08 00:34:30.462998,2025-12-08 00:34:33.009035,0 days 00:00:02.546037,0.5155504945373056,0.0011220603008493357,9,1,205,3.8398137200442872,0.36992862562505624,0.78283475295847,medium,COMPLETE
289,-0.0006348019249926932,2025-12-08 00:34:33.011382,2025-12-08 00:35:10.895951,0 days 00:00:37.884569,0.5338949797343984,0.0011512892929195892,9,1,272,0.22979965535892283,0.29834236201647685,0.8077658827833464,medium,COMPLETE
290,-0.09353706452507882,2025-12-08 00:35:10.897453,2025-12-08 00:35:50.699411,0 days 00:00:39.801958,0.5258236593647032,0.03196095471217434,9,1,205,0.00161020077017196,0.2863155509705168,0.8777113368416641,medium,COMPLETE
291,-0.0016559721404409238,2025-12-08 00:35:50.700224,2025-12-08 00:35:53.779075,0 days 00:00:03.078851,0.5422306752932552,0.0010789041173872218,9,1,264,2.3698077640055066,0.3381841531705679,0.8345724088247218,medium,COMPLETE
292,-0.01285182539169035,2025-12-08 00:35:53.781035,2025-12-08 00:41:29.856517,0 days 00:05:36.075482,0.5134214793267086,0.001161908304966434,9,1,2878,0.23089313897725688,0.25697553403326123,0.7843311945641828,medium,COMPLETE
293,-0.0005867594448251875,2025-12-08 00:41:29.857517,2025-12-08 00:42:08.054007,0 days 00:00:38.196490,0.5491512202104626,0.0010879341016882228,9,1,200,0.11733989044953302,0.2516850067220889,0.8375505443923819,medium,COMPLETE
294,-0.0007130625255273489,2025-12-08 00:42:08.054007,2025-12-08 00:42:57.268009,0 days 00:00:49.214002,0.5322169536328858,0.0010865463740187978,9,1,271,0.1324197760990121,0.3043197910351255,0.8099461436873239,medium,COMPLETE
295,-0.0007166061650428398,2025-12-08 00:42:57.269062,2025-12-08 00:43:53.133105,0 days 00:00:55.864043,0.536546017060615,0.0011519045232111736,9,1,395,0.2312574849742276,0.2823361556120068,0.8237861149804757,medium,COMPLETE
296,-0.00047619541376801394,2025-12-08 00:43:53.133105,2025-12-08 00:44:40.997484,0 days 00:00:47.864379,0.5215159812880624,0.001003418774584398,9,1,263,0.11842990835106375,0.25282006964094345,0.7922954876667668,medium,COMPLETE
297,-0.0016559721404409238,2025-12-08 00:44:40.997484,2025-12-08 00:44:45.059119,0 days 00:00:04.061635,0.5481926442892369,0.0010796615245024137,9,1,282,2.917408474032872,0.34479841897514774,0.8352576617333065,medium,COMPLETE
298,-0.000910574673334219,2025-12-08 00:44:45.061301,2025-12-08 00:45:30.663439,0 days 00:00:45.602138,0.5138217919824014,0.0010021676222057925,9,2,380,0.004601860708194691,0.22968425703051223,0.8800340397742352,medium,COMPLETE
299,-0.0003671055354250348,2025-12-08 00:45:30.666018,2025-12-08 00:46:09.063106,0 days 00:00:38.397088,0.5374158075175669,0.0011698978259896508,9,1,275,0.2289473287914733,0.3111310406466623,0.804686437211694,medium,COMPLETE
