number,value,datetime_start,datetime_complete,duration,params_enet_alpha,params_enet_l1_ratio,params_selector__k,user_attrs_feature_level,user_attrs_top_k_features,state
0,-0.015083003934141895,2025-12-07 02:11:29.348590,2025-12-07 02:11:30.875950,0 days 00:00:01.527360,0.00031489116479568613,0.9507143064099162,366,extensive,366,COMPLETE
1,-0.0033688407647629224,2025-12-07 02:11:30.875950,2025-12-07 02:11:32.302892,0 days 00:00:01.426942,0.0024810409748678114,0.15601864044243652,78,extensive,78,COMPLETE
2,-4.576441707169973,2025-12-07 02:11:32.302892,2025-12-07 02:11:34.505417,0 days 00:00:02.202525,1.7073967431528103e-05,0.8661761457749352,301,extensive,301,COMPLETE
3,-0.2743812254476412,2025-12-07 02:11:34.506420,2025-12-07 02:11:36.378339,0 days 00:00:01.871919,0.006796578090758156,0.020584494295802447,485,extensive,485,COMPLETE
4,-0.0016559721242364045,2025-12-07 02:11:36.379341,2025-12-07 02:11:37.827719,0 days 00:00:01.448378,0.021368329072358756,0.21233911067827616,91,extensive,91,COMPLETE
5,-3.8832627895238363,2025-12-07 02:11:37.828290,2025-12-07 02:11:39.625539,0 days 00:00:01.797249,5.415244119402538e-05,0.3042422429595377,263,extensive,263,COMPLETE
6,-0.21596979993850707,2025-12-07 02:11:39.626542,2025-12-07 02:11:41.309012,0 days 00:00:01.682470,0.0005342937261279777,0.2912291401980419,306,extensive,306,COMPLETE
7,-27.457940802856573,2025-12-07 02:11:41.310016,2025-12-07 02:11:42.966693,0 days 00:00:01.656677,3.613894271216525e-05,0.29214464853521815,184,extensive,184,COMPLETE
8,0.00019577938937898054,2025-12-07 02:11:42.967737,2025-12-07 02:11:44.430814,0 days 00:00:01.463077,0.0006672367170464204,0.7851759613930136,100,extensive,100,COMPLETE
9,7.722615641048147e-05,2025-12-07 02:11:44.431817,2025-12-07 02:11:45.914055,0 days 00:00:01.482238,0.0011400863701127321,0.5924145688620425,24,extensive,24,COMPLETE
10,-0.0016559721242364045,2025-12-07 02:11:45.916559,2025-12-07 02:11:47.387208,0 days 00:00:01.470649,0.06033178530661212,0.6998750099215972,160,extensive,160,COMPLETE
11,-0.03152403422026425,2025-12-07 02:11:47.389211,2025-12-07 02:11:48.802778,0 days 00:00:01.413567,0.00024400771927662236,0.5806112213279113,20,extensive,20,COMPLETE
12,-0.0016559721242364045,2025-12-07 02:11:48.804281,2025-12-07 02:11:50.248219,0 days 00:00:01.443938,0.002086433350183063,0.7471522741026703,20,extensive,20,COMPLETE
13,-0.00011025035094662054,2025-12-07 02:11:50.248723,2025-12-07 02:11:51.860749,0 days 00:00:01.612026,0.001119628107170992,0.5605434198776816,152,extensive,152,COMPLETE
14,-0.3094318107621184,2025-12-07 02:11:51.861753,2025-12-07 02:11:53.496858,0 days 00:00:01.635105,0.00012469878332736528,0.44337392182465307,88,extensive,88,COMPLETE
15,-0.0016559721242364045,2025-12-07 02:11:53.497858,2025-12-07 02:11:54.968307,0 days 00:00:01.470449,0.004664334752212163,0.7241282880805195,3,extensive,3,COMPLETE
16,-0.0016559721242364045,2025-12-07 02:11:54.970305,2025-12-07 02:11:56.402294,0 days 00:00:01.431989,0.01613236140622209,0.8448132833248991,206,extensive,206,COMPLETE
17,-0.0025364415889289984,2025-12-07 02:11:56.403294,2025-12-07 02:11:57.816428,0 days 00:00:01.413134,0.0008767173462676456,0.4687052188878422,115,extensive,115,COMPLETE
18,-0.18836456053979497,2025-12-07 02:11:57.817432,2025-12-07 02:11:59.284585,0 days 00:00:01.467153,9.869080008263714e-05,0.5932491601636256,64,extensive,64,COMPLETE
19,-0.0016559721242364045,2025-12-07 02:11:59.285591,2025-12-07 02:12:00.710560,0 days 00:00:01.424969,0.0016317854542245661,0.9784918861527186,229,extensive,229,COMPLETE
20,-0.007485572510969078,2025-12-07 02:12:00.712562,2025-12-07 02:12:02.118346,0 days 00:00:01.405784,0.00041283868765970637,0.798628552196908,133,extensive,133,COMPLETE
21,0.00032726012547109235,2025-12-07 02:12:02.119346,2025-12-07 02:12:03.545385,0 days 00:00:01.426039,0.000967027202604225,0.584251104659444,147,extensive,147,COMPLETE
22,-0.0016559721242364045,2025-12-07 02:12:03.546385,2025-12-07 02:12:05.101479,0 days 00:00:01.555094,0.004732883792472494,0.6604884639123376,59,extensive,59,COMPLETE
23,-0.01195950630212513,2025-12-07 02:12:05.102478,2025-12-07 02:12:06.527065,0 days 00:00:01.424587,0.0006481583453180494,0.4134140996927128,40,extensive,40,COMPLETE
24,-0.13701017291181694,2025-12-07 02:12:06.528070,2025-12-07 02:12:08.012357,0 days 00:00:01.484287,0.00019482009603461462,0.629540378885119,121,extensive,121,COMPLETE
25,-0.0016559721242364045,2025-12-07 02:12:08.013358,2025-12-07 02:12:09.487562,0 days 00:00:01.474204,0.01078684574031435,0.8981021237333798,184,extensive,184,COMPLETE
26,-0.0016559721242364045,2025-12-07 02:12:09.487562,2025-12-07 02:12:10.961416,0 days 00:00:01.473854,0.002740135239244435,0.5230811666263426,107,extensive,107,COMPLETE
27,-0.0006095876281211702,2025-12-07 02:12:10.962416,2025-12-07 02:12:12.468212,0 days 00:00:01.505796,0.0009344028792207697,0.7752971979631718,489,extensive,489,COMPLETE
28,-0.15156129608332605,2025-12-07 02:12:12.469216,2025-12-07 02:12:13.937751,0 days 00:00:01.468535,0.00011998744990366973,0.6559336999226163,53,extensive,53,COMPLETE
29,-0.2897414022599521,2025-12-07 02:12:13.937751,2025-12-07 02:12:15.457823,0 days 00:00:01.520072,0.0002607692897602122,0.507958944077588,430,extensive,430,COMPLETE
30,-0.06802781392026218,2025-12-07 02:12:15.458829,2025-12-07 02:12:16.960423,0 days 00:00:01.501594,0.0004252182465719529,0.38652818628228397,147,extensive,147,COMPLETE
31,-0.001206716819096861,2025-12-07 02:12:16.960423,2025-12-07 02:12:18.448989,0 days 00:00:01.488566,0.0014464488684100465,0.6181347758798162,178,extensive,178,COMPLETE
32,-0.0002463935399757977,2025-12-07 02:12:18.449991,2025-12-07 02:12:19.955008,0 days 00:00:01.505017,0.001163290389572176,0.5492194440779159,257,extensive,257,COMPLETE
33,-0.0016559721242364045,2025-12-07 02:12:19.956765,2025-12-07 02:12:21.433447,0 days 00:00:01.476682,0.003233547957550215,0.9278562070256168,149,extensive,149,COMPLETE
34,-0.016121807360498137,2025-12-07 02:12:21.434451,2025-12-07 02:12:22.868166,0 days 00:00:01.433715,0.00071952252278394,0.3606791970055566,84,extensive,84,COMPLETE
35,-5.37357469927989,2025-12-07 02:12:22.869209,2025-12-07 02:12:25.653651,0 days 00:00:02.784442,1.1019135879803625e-05,0.8190673762345009,296,extensive,296,COMPLETE
36,-0.0016559721242364045,2025-12-07 02:12:25.655155,2025-12-07 02:12:27.122751,0 days 00:00:01.467596,0.00798310544045975,0.6920571959131409,218,extensive,218,COMPLETE
37,-0.005140095034495085,2025-12-07 02:12:27.124255,2025-12-07 02:12:28.561278,0 days 00:00:01.437023,0.0018045983207648406,0.20510434077962475,34,extensive,34,COMPLETE
38,-3.6309393346126098,2025-12-07 02:12:28.562278,2025-12-07 02:12:30.733148,0 days 00:00:02.170870,0.00040409608987820845,0.07415463393802796,374,extensive,374,COMPLETE
39,-0.0016559721242364045,2025-12-07 02:12:30.734152,2025-12-07 02:12:32.305068,0 days 00:00:01.570916,0.003704225152663227,0.5608695789767884,80,extensive,80,COMPLETE
40,-0.0016559721242364045,2025-12-07 02:12:32.306432,2025-12-07 02:12:33.859765,0 days 00:00:01.553333,0.06592318760277426,0.4994118184635419,105,extensive,105,COMPLETE
41,-0.00035070431121223916,2025-12-07 02:12:33.860770,2025-12-07 02:12:35.555817,0 days 00:00:01.695047,0.0011710993536795844,0.5687702274318368,284,extensive,284,COMPLETE
42,-0.00018247352173047146,2025-12-07 02:12:35.556560,2025-12-07 02:12:37.172875,0 days 00:00:01.616315,0.001158473144752436,0.5390587161097659,253,extensive,253,COMPLETE
43,-0.018642988674253774,2025-12-07 02:12:37.174384,2025-12-07 02:12:38.768344,0 days 00:00:01.593960,0.0006060060803951704,0.46829163776109944,338,extensive,338,COMPLETE
44,-0.0016559721242364045,2025-12-07 02:12:38.769353,2025-12-07 02:12:40.283896,0 days 00:00:01.514543,0.002633651019266868,0.6802969222106963,231,extensive,231,COMPLETE
45,-0.5278073186335273,2025-12-07 02:12:40.284905,2025-12-07 02:12:41.780187,0 days 00:00:01.495282,0.0001684978853280907,0.33376624231413754,170,extensive,170,COMPLETE
46,-1.5024865960248546,2025-12-07 02:12:41.783190,2025-12-07 02:12:43.361749,0 days 00:00:01.578559,5.6762084031947575e-05,0.4208212594085001,197,extensive,197,COMPLETE
47,-0.016647040881180335,2025-12-07 02:12:43.362754,2025-12-07 02:12:44.842621,0 days 00:00:01.479867,0.0003617032181818098,0.7286548480108613,149,extensive,149,COMPLETE
48,-0.0016559721242364045,2025-12-07 02:12:44.844631,2025-12-07 02:12:46.457445,0 days 00:00:01.612814,0.0018182918304615308,0.6212904036835191,333,extensive,333,COMPLETE
49,-3.533890734737829e-05,2025-12-07 02:12:46.457970,2025-12-07 02:12:47.946024,0 days 00:00:01.488054,0.0009204721200910774,0.7470875994109166,14,extensive,14,COMPLETE
50,-0.0016559721242364045,2025-12-07 02:12:47.948344,2025-12-07 02:12:49.402081,0 days 00:00:01.453737,0.041241463974962964,0.8665846744276403,30,extensive,30,COMPLETE
51,-4.681167263613043e-05,2025-12-07 02:12:49.403355,2025-12-07 02:12:50.872875,0 days 00:00:01.469520,0.0009329831785222048,0.7383796096346008,10,extensive,10,COMPLETE
52,0.0008346651715180157,2025-12-07 02:12:50.874387,2025-12-07 02:12:52.298558,0 days 00:00:01.424171,0.0007640791390996363,0.7713554994200068,3,extensive,3,COMPLETE
53,0.0017077940528148854,2025-12-07 02:12:52.298558,2025-12-07 02:12:53.811102,0 days 00:00:01.512544,0.0006432840622187364,0.7717330177529054,5,extensive,5,COMPLETE
54,0.002367499524464689,2025-12-07 02:12:53.812109,2025-12-07 02:12:55.418601,0 days 00:00:01.606492,0.0005007857708093212,0.7795099710783802,4,extensive,4,COMPLETE
55,0.002727557290357526,2025-12-07 02:12:55.419611,2025-12-07 02:12:56.924595,0 days 00:00:01.504984,0.00026567949118264697,0.7897708918819227,3,extensive,3,COMPLETE
56,0.0009659929922407976,2025-12-07 02:12:56.926816,2025-12-07 02:12:58.422836,0 days 00:00:01.496020,0.00025416425992505324,0.7949045058528944,1,extensive,1,COMPLETE
57,0.0005093860202881606,2025-12-07 02:12:58.424719,2025-12-07 02:12:59.917152,0 days 00:00:01.492433,8.114373802154194e-05,0.8579394312234414,1,extensive,1,COMPLETE
58,0.0013256194743156424,2025-12-07 02:12:59.917152,2025-12-07 02:13:01.393105,0 days 00:00:01.475953,7.216853669655477e-05,0.8500875609635441,2,extensive,2,COMPLETE
59,-0.30615410821606276,2025-12-07 02:13:01.394114,2025-12-07 02:13:02.864128,0 days 00:00:01.470014,2.5276873233028953e-05,0.9727703549304635,52,extensive,52,COMPLETE
60,-0.05789440895454856,2025-12-07 02:13:02.865132,2025-12-07 02:13:04.341692,0 days 00:00:01.476560,0.00018625761548849036,0.8941508130396353,66,extensive,66,COMPLETE
61,0.0004000266290067704,2025-12-07 02:13:04.342683,2025-12-07 02:13:05.762788,0 days 00:00:01.420105,5.761801342342719e-05,0.8217440418211363,1,extensive,1,COMPLETE
62,-0.1330744897100611,2025-12-07 02:13:05.763791,2025-12-07 02:13:07.190007,0 days 00:00:01.426216,7.577759819593085e-05,0.7877333506108488,39,extensive,39,COMPLETE
63,0.002163008077868881,2025-12-07 02:13:07.191010,2025-12-07 02:13:08.610201,0 days 00:00:01.419191,0.00027609898203002816,0.8611680459534576,2,extensive,2,COMPLETE
64,-0.010797093269386085,2025-12-07 02:13:08.611204,2025-12-07 02:13:10.035739,0 days 00:00:01.424535,0.00027494376052367023,0.9362748089921131,20,extensive,20,COMPLETE
65,-0.05861575819832565,2025-12-07 02:13:10.036742,2025-12-07 02:13:11.465770,0 days 00:00:01.429028,0.00014027194167556123,0.8935400331485727,44,extensive,44,COMPLETE
66,-0.11416129708869786,2025-12-07 02:13:11.466769,2025-12-07 02:13:12.771027,0 days 00:00:01.304258,2.943796135389867e-05,0.8266637988988842,24,extensive,24,COMPLETE
67,-0.003621994327206927,2025-12-07 02:13:12.772027,2025-12-07 02:13:14.270143,0 days 00:00:01.498116,0.0005132403933527148,0.768077213511563,71,extensive,71,COMPLETE
68,-0.009251109551594175,2025-12-07 02:13:14.271140,2025-12-07 02:13:15.673089,0 days 00:00:01.401949,0.00033534845825920523,0.8079929756416424,19,extensive,19,COMPLETE
69,-0.020794970337043583,2025-12-07 02:13:15.674592,2025-12-07 02:13:17.102404,0 days 00:00:01.427812,0.00022935365577139824,0.8675838879303823,48,extensive,48,COMPLETE
70,0.0021553623352481934,2025-12-07 02:13:17.103404,2025-12-07 02:13:18.572265,0 days 00:00:01.468861,0.0005127883725107987,0.7015614574850177,2,extensive,2,COMPLETE
71,0.0027454926692700443,2025-12-07 02:13:18.573272,2025-12-07 02:13:19.994988,0 days 00:00:01.421716,0.0003104617730487974,0.7149315543919139,3,extensive,3,COMPLETE
72,-0.012325070437505822,2025-12-07 02:13:19.995988,2025-12-07 02:13:21.473714,0 days 00:00:01.477726,0.00031358332711897815,0.7178700030256876,32,extensive,32,COMPLETE
73,0.00198663468875108,2025-12-07 02:13:21.474718,2025-12-07 02:13:22.900167,0 days 00:00:01.425449,0.0005186520975864009,0.8465510518034152,13,extensive,13,COMPLETE
74,-0.0004862300425264217,2025-12-07 02:13:22.901167,2025-12-07 02:13:24.332402,0 days 00:00:01.431235,0.0005466699928244087,0.916841274381806,59,extensive,59,COMPLETE
75,-0.000873239018719385,2025-12-07 02:13:24.333406,2025-12-07 02:13:25.749061,0 days 00:00:01.415655,0.00047345412238084504,0.9636734495441686,24,extensive,24,COMPLETE
76,-0.05306790463432479,2025-12-07 02:13:25.750061,2025-12-07 02:13:27.153049,0 days 00:00:01.402988,0.000154146386880438,0.854184270669152,38,extensive,38,COMPLETE
77,-0.10117761539542702,2025-12-07 02:13:27.154048,2025-12-07 02:13:28.604441,0 days 00:00:01.450393,0.00020032769838935346,0.6622635795342496,95,extensive,95,COMPLETE
78,0.0015883009542666156,2025-12-07 02:13:28.605441,2025-12-07 02:13:30.070886,0 days 00:00:01.465445,0.0006993467584168425,0.715022989095711,14,extensive,14,COMPLETE
79,0.0014928859078452799,2025-12-07 02:13:30.071891,2025-12-07 02:13:31.522049,0 days 00:00:01.450158,0.0006743944278471173,0.7592252588695143,16,extensive,16,COMPLETE
80,-0.011791408877407964,2025-12-07 02:13:31.523046,2025-12-07 02:13:33.046683,0 days 00:00:01.523637,0.0004177325922497103,0.7041304378766697,49,extensive,49,COMPLETE
81,0.00010069023678619764,2025-12-07 02:13:33.047683,2025-12-07 02:13:34.566701,0 days 00:00:01.519018,0.0006748002811695315,0.997098193259883,24,extensive,24,COMPLETE
82,0.00030734663967827797,2025-12-07 02:13:34.567204,2025-12-07 02:13:36.088926,0 days 00:00:01.521722,0.0003139623904501465,0.7617765863473083,15,extensive,15,COMPLETE
83,-0.00716114235035729,2025-12-07 02:13:36.089933,2025-12-07 02:13:37.634063,0 days 00:00:01.544130,0.0005224716976008759,0.6405900285993076,67,extensive,67,COMPLETE
84,-0.0015845992884657711,2025-12-07 02:13:37.634063,2025-12-07 02:13:39.173909,0 days 00:00:01.539846,0.0015390426683598924,0.6832879240009752,15,extensive,15,COMPLETE
85,-0.11184100582697047,2025-12-07 02:13:39.174916,2025-12-07 02:13:40.672079,0 days 00:00:01.497163,0.0001039421270219391,0.718529116777484,39,extensive,39,COMPLETE
86,-0.00018737520659739548,2025-12-07 02:13:40.672079,2025-12-07 02:13:42.095870,0 days 00:00:01.423791,0.0007806111655480456,0.822744140330133,79,extensive,79,COMPLETE
87,-0.001441574984037371,2025-12-07 02:13:42.096867,2025-12-07 02:13:43.675563,0 days 00:00:01.578696,0.001318813475006582,0.7539987988618737,455,extensive,455,COMPLETE
88,-0.0006225957874929448,2025-12-07 02:13:43.676569,2025-12-07 02:13:45.093333,0 days 00:00:01.416764,0.00058809706457494,0.7966201971316776,29,extensive,29,COMPLETE
89,0.0020698009540388584,2025-12-07 02:13:45.094340,2025-12-07 02:13:46.503838,0 days 00:00:01.409498,0.00039781819620102193,0.8764743625826608,11,extensive,11,COMPLETE
90,-0.029559519842551008,2025-12-07 02:13:46.504842,2025-12-07 02:13:47.904703,0 days 00:00:01.399861,0.00023291394246362283,0.8895240311459022,59,extensive,59,COMPLETE
91,0.001563671327660554,2025-12-07 02:13:47.905702,2025-12-07 02:13:49.346490,0 days 00:00:01.440788,0.00037636295363223805,0.8358612259668111,11,extensive,11,COMPLETE
92,0.0017399019266469324,2025-12-07 02:13:49.347496,2025-12-07 02:13:50.767947,0 days 00:00:01.420451,0.0003875392048991394,0.8429667530777527,10,extensive,10,COMPLETE
93,-0.002126020070931508,2025-12-07 02:13:50.768958,2025-12-07 02:13:52.222090,0 days 00:00:01.453132,0.00046082921271561157,0.9210975612093735,33,extensive,33,COMPLETE
94,0.0010363273576407723,2025-12-07 02:13:52.223099,2025-12-07 02:13:53.649055,0 days 00:00:01.425956,0.0003234886015955428,0.872876414715084,11,extensive,11,COMPLETE
95,-0.0332488542628141,2025-12-07 02:13:53.650055,2025-12-07 02:13:55.081950,0 days 00:00:01.431895,0.00020264586107808218,0.7865602185214775,46,extensive,46,COMPLETE
96,-0.013320683661249647,2025-12-07 02:13:55.082948,2025-12-07 02:13:56.566235,0 days 00:00:01.483287,0.0002752595471213759,0.8387281178656882,27,extensive,27,COMPLETE
97,-0.0016559721242364045,2025-12-07 02:13:56.567242,2025-12-07 02:13:58.123057,0 days 00:00:01.555815,0.0021337079613555224,0.9418477888838634,1,extensive,1,COMPLETE
98,0.0005034521170031262,2025-12-07 02:13:58.124068,2025-12-07 02:13:59.567053,0 days 00:00:01.442985,0.0008874838432197217,0.7033511722469189,14,extensive,14,COMPLETE
99,-0.010719615506928756,2025-12-07 02:13:59.568300,2025-12-07 02:14:00.998651,0 days 00:00:01.430351,0.00038410807492755795,0.7379248331311853,43,extensive,43,COMPLETE
100,-0.08226788120391353,2025-12-07 02:14:00.999651,2025-12-07 02:14:02.407102,0 days 00:00:01.407451,0.0001267868702726597,0.8057110814125094,31,extensive,31,COMPLETE
101,0.0017386823969025207,2025-12-07 02:14:02.407640,2025-12-07 02:14:03.795550,0 days 00:00:01.387910,0.0003876557155293816,0.8425208141758193,10,extensive,10,COMPLETE
102,0.001487740889819918,2025-12-07 02:14:03.796550,2025-12-07 02:14:05.188325,0 days 00:00:01.391775,0.0005825255359218871,0.8790703594892787,10,extensive,10,COMPLETE
103,-0.002481783560266293,2025-12-07 02:14:05.189325,2025-12-07 02:14:06.620801,0 days 00:00:01.431476,0.00047568762831972413,0.9151758358869051,55,extensive,55,COMPLETE
104,-0.0022960459758692986,2025-12-07 02:14:06.621807,2025-12-07 02:14:08.048721,0 days 00:00:01.426914,0.00027883621920291035,0.5982105056696398,8,extensive,8,COMPLETE
105,0.000490344404741531,2025-12-07 02:14:08.048721,2025-12-07 02:14:09.482855,0 days 00:00:01.434134,0.0007997611372277894,0.7826591036568946,24,extensive,24,COMPLETE
106,-0.001306376285428475,2025-12-07 02:14:09.483857,2025-12-07 02:14:10.975644,0 days 00:00:01.491787,0.0011103203110745853,0.84214579328342,73,extensive,73,COMPLETE
107,-0.035972821901652664,2025-12-07 02:14:10.976647,2025-12-07 02:14:12.458551,0 days 00:00:01.481904,0.00022584512025585675,0.6679362817560093,34,extensive,34,COMPLETE
108,-0.03908615967137311,2025-12-07 02:14:12.463554,2025-12-07 02:14:13.922836,0 days 00:00:01.459282,0.0001729440596577116,0.808652090840431,23,extensive,23,COMPLETE
109,0.0012038863224084206,2025-12-07 02:14:13.923836,2025-12-07 02:14:15.390786,0 days 00:00:01.466950,0.00040775062233814024,0.7353798453984356,9,extensive,9,COMPLETE
110,0.00013788880774756596,2025-12-07 02:14:15.392790,2025-12-07 02:14:16.904811,0 days 00:00:01.512021,0.0006645894597789106,0.8550266228457436,384,extensive,384,COMPLETE
111,0.0013373885384827533,2025-12-07 02:14:16.904811,2025-12-07 02:14:18.335851,0 days 00:00:01.431040,0.00036119888168629236,0.8309088524099888,10,extensive,10,COMPLETE
112,0.0010830876717075795,2025-12-07 02:14:18.336852,2025-12-07 02:14:19.762997,0 days 00:00:01.426145,0.0003681888766078671,0.7744208603717998,1,extensive,1,COMPLETE
113,0.0007897908669620701,2025-12-07 02:14:19.762997,2025-12-07 02:14:21.192379,0 days 00:00:01.429382,0.0002907617999358736,0.8346626611775028,17,extensive,17,COMPLETE
114,-0.0037365779833467005,2025-12-07 02:14:21.193382,2025-12-07 02:14:22.607963,0 days 00:00:01.414581,0.0004519898080838764,0.8930721320692505,43,extensive,43,COMPLETE
115,-0.0007868461825819203,2025-12-07 02:14:22.608964,2025-12-07 02:14:24.008022,0 days 00:00:01.399058,0.0005668383262795952,0.8098809345059236,24,extensive,24,COMPLETE
116,-0.0012883321370446381,2025-12-07 02:14:24.009534,2025-12-07 02:14:25.417593,0 days 00:00:01.408059,0.0010267031294920897,0.9025673945156055,36,extensive,36,COMPLETE
117,0.0015416932195930395,2025-12-07 02:14:25.418597,2025-12-07 02:14:26.830837,0 days 00:00:01.412240,0.00034381314578455017,0.9535194695089583,13,extensive,13,COMPLETE
118,0.0009657383855471066,2025-12-07 02:14:26.831842,2025-12-07 02:14:28.334061,0 days 00:00:01.502219,0.00023204165679319014,0.8702706783483416,1,extensive,1,COMPLETE
119,-0.0005282710675676242,2025-12-07 02:14:28.335065,2025-12-07 02:14:29.738588,0 days 00:00:01.403523,0.0007024744779282642,0.7109522001047444,60,extensive,60,COMPLETE
120,-0.09043817984220918,2025-12-07 02:14:29.739696,2025-12-07 02:14:31.193272,0 days 00:00:01.453576,0.0004677723616174949,0.2578817570227954,51,extensive,51,COMPLETE
121,0.0020030002865625653,2025-12-07 02:14:31.194325,2025-12-07 02:14:32.601518,0 days 00:00:01.407193,0.0003326622307646901,0.9536043693842055,17,extensive,17,COMPLETE
122,-0.0016559721242364045,2025-12-07 02:14:32.602517,2025-12-07 02:14:34.036967,0 days 00:00:01.434450,0.09735348182003772,0.9892733236470277,19,extensive,19,COMPLETE
123,-0.007580930337638292,2025-12-07 02:14:34.037620,2025-12-07 02:14:35.478261,0 days 00:00:01.440641,0.00038923968358715356,0.792251297353132,29,extensive,29,COMPLETE
124,-0.004367987176427168,2025-12-07 02:14:35.480431,2025-12-07 02:14:36.908094,0 days 00:00:01.427663,0.0001499521359746827,0.7560629714854226,9,extensive,9,COMPLETE
125,-0.002033475348150645,2025-12-07 02:14:36.908094,2025-12-07 02:14:38.361910,0 days 00:00:01.453816,0.0005284038315629864,0.8476103909270196,38,extensive,38,COMPLETE
126,0.001257762140623749,2025-12-07 02:14:38.362914,2025-12-07 02:14:39.816365,0 days 00:00:01.453451,0.0002833589842542836,0.931455903636908,16,extensive,16,COMPLETE
127,0.0008889893846852903,2025-12-07 02:14:39.817368,2025-12-07 02:14:41.224477,0 days 00:00:01.407109,0.0002067563316506961,0.8275097346321142,1,extensive,1,COMPLETE
128,-0.014070478712337797,2025-12-07 02:14:41.225479,2025-12-07 02:14:42.689907,0 days 00:00:01.464428,0.00032432163420791565,0.690052020955034,24,extensive,24,COMPLETE
129,-0.0005662282884556872,2025-12-07 02:14:42.691412,2025-12-07 02:14:44.101127,0 days 00:00:01.409715,0.0008217612722915494,0.8744499161798495,45,extensive,45,COMPLETE
130,0.0008093230338406254,2025-12-07 02:14:44.101127,2025-12-07 02:14:45.567626,0 days 00:00:01.466499,0.0006189835839868257,0.9525706800040722,10,extensive,10,COMPLETE
131,-0.005591667973405527,2025-12-07 02:14:45.568629,2025-12-07 02:14:47.149190,0 days 00:00:01.580561,0.00036006338261190205,0.9646388685199302,20,extensive,20,COMPLETE
132,-0.013178698752394006,2025-12-07 02:14:47.149190,2025-12-07 02:14:48.827130,0 days 00:00:01.677940,0.0002547414590757083,0.9009027390763397,31,extensive,31,COMPLETE
133,-0.002034697027692952,2025-12-07 02:14:48.828134,2025-12-07 02:14:50.525349,0 days 00:00:01.697215,0.00044337879495084937,0.9585713173109426,133,extensive,133,COMPLETE
134,0.00042969795588635823,2025-12-07 02:14:50.525349,2025-12-07 02:14:52.030198,0 days 00:00:01.504849,0.0003362660013189728,0.7758489238447133,8,extensive,8,COMPLETE
135,-0.0014687029708416732,2025-12-07 02:14:52.031204,2025-12-07 02:14:53.554722,0 days 00:00:01.523518,0.00018119836567676034,0.915687180771258,16,extensive,16,COMPLETE
136,-0.0046579318489886985,2025-12-07 02:14:53.556226,2025-12-07 02:14:55.012006,0 days 00:00:01.455780,0.000518572016820866,0.7388966515794767,35,extensive,35,COMPLETE
137,0.0018977273390625715,2025-12-07 02:14:55.014011,2025-12-07 02:14:56.471338,0 days 00:00:01.457327,0.0004141948080623643,0.812961610286562,11,extensive,11,COMPLETE
138,0.0005869860578865774,2025-12-07 02:14:56.472330,2025-12-07 02:14:57.993334,0 days 00:00:01.521004,0.0006427232928560535,0.812247253758719,25,extensive,25,COMPLETE
139,0.0010847271556239102,2025-12-07 02:14:57.994334,2025-12-07 02:14:59.519076,0 days 00:00:01.524742,0.0004097925503211583,0.8497820062513896,1,extensive,1,COMPLETE
140,-0.03421247490380094,2025-12-07 02:14:59.520081,2025-12-07 02:15:00.968269,0 days 00:00:01.448188,0.00025041647670983165,0.7567436368773803,50,extensive,50,COMPLETE
141,0.0007788275984765466,2025-12-07 02:15:00.969317,2025-12-07 02:15:02.369403,0 days 00:00:01.400086,0.000327085843962339,0.8649323480603258,13,extensive,13,COMPLETE
142,0.0021341909814951063,2025-12-07 02:15:02.370566,2025-12-07 02:15:03.859710,0 days 00:00:01.489144,0.0005079067206948394,0.7939577627296897,10,extensive,10,COMPLETE
143,-0.002490896552777788,2025-12-07 02:15:03.860716,2025-12-07 02:15:05.297827,0 days 00:00:01.437111,0.0005161521503955898,0.7970023680750533,21,extensive,21,COMPLETE
144,0.00020030548133716705,2025-12-07 02:15:05.298824,2025-12-07 02:15:06.726185,0 days 00:00:01.427361,0.000758568159831321,0.8243993539727968,1,extensive,1,COMPLETE
145,-0.006496698285145652,2025-12-07 02:15:06.727258,2025-12-07 02:15:08.141493,0 days 00:00:01.414235,0.00041063552177753054,0.7794000616244922,33,extensive,33,COMPLETE
146,-0.0016936920519356284,2025-12-07 02:15:08.142498,2025-12-07 02:15:09.660581,0 days 00:00:01.518083,0.0002847650005683329,0.6473220012149679,9,extensive,9,COMPLETE
147,-3.3197772334718025e-05,2025-12-07 02:15:09.661586,2025-12-07 02:15:11.163245,0 days 00:00:01.501659,0.0009594885635241977,0.7164658390303811,26,extensive,26,COMPLETE
148,-0.0016099593082787116,2025-12-07 02:15:11.164250,2025-12-07 02:15:12.644674,0 days 00:00:01.480424,0.0013111298228278756,0.8094331639369466,41,extensive,41,COMPLETE
149,0.0018701706199059827,2025-12-07 02:15:12.645430,2025-12-07 02:15:14.056870,0 days 00:00:01.411440,0.0005548538084317519,0.835793889592254,16,extensive,16,COMPLETE
150,-0.0035074660896120178,2025-12-07 02:15:14.057967,2025-12-07 02:15:15.646940,0 days 00:00:01.588973,0.0005539989968767361,0.7322051937762125,269,extensive,269,COMPLETE
151,0.002225883823124497,2025-12-07 02:15:15.648015,2025-12-07 02:15:17.127941,0 days 00:00:01.479926,0.0004466449903548707,0.8451480378841698,15,extensive,15,COMPLETE
152,-0.028398395780337243,2025-12-07 02:15:17.128966,2025-12-07 02:15:18.543457,0 days 00:00:01.414491,0.0006848649075923617,0.07575072117652787,18,extensive,18,COMPLETE
153,0.002126317938584347,2025-12-07 02:15:18.544457,2025-12-07 02:15:19.882604,0 days 00:00:01.338147,0.0004619732413490262,0.8781278800643015,10,extensive,10,COMPLETE
154,0.0009967066518025887,2025-12-07 02:15:19.883604,2025-12-07 02:15:21.387197,0 days 00:00:01.503593,0.0004785402354471328,0.875904089942699,1,extensive,1,COMPLETE
155,-0.0032985255863978713,2025-12-07 02:15:21.388410,2025-12-07 02:15:22.969047,0 days 00:00:01.580637,0.00044450754587993,0.8883686259662664,29,extensive,29,COMPLETE
156,0.0016030053132079687,2025-12-07 02:15:22.970048,2025-12-07 02:15:24.450194,0 days 00:00:01.480146,0.0005872086823134219,0.849990526926084,18,extensive,18,COMPLETE
157,-0.0016513540077431887,2025-12-07 02:15:24.452196,2025-12-07 02:15:26.038152,0 days 00:00:01.585956,0.00022528217645960416,0.8239526994507704,9,extensive,9,COMPLETE
158,-0.011713396361743586,2025-12-07 02:15:26.040153,2025-12-07 02:15:27.504590,0 days 00:00:01.464437,0.00030679451391755813,0.7980027429055084,37,extensive,37,COMPLETE
159,-0.00019817935697941103,2025-12-07 02:15:27.505590,2025-12-07 02:15:28.927514,0 days 00:00:01.421924,0.0008053909330794713,0.8537785813266744,1,extensive,1,COMPLETE
160,-0.006914841531940848,2025-12-07 02:15:28.927514,2025-12-07 02:15:30.415888,0 days 00:00:01.488374,0.00038611565099141846,0.8360149881483195,23,extensive,23,COMPLETE
161,0.0018741817283029298,2025-12-07 02:15:30.416890,2025-12-07 02:15:31.830320,0 days 00:00:01.413430,0.000543858010633743,0.8516659563460246,18,extensive,18,COMPLETE
162,0.001908140922652124,2025-12-07 02:15:31.831328,2025-12-07 02:15:33.271173,0 days 00:00:01.439845,0.0004975807240640958,0.9117717484070732,12,extensive,12,COMPLETE
163,0.002055352646209226,2025-12-07 02:15:33.272180,2025-12-07 02:15:34.782529,0 days 00:00:01.510349,0.00046648207506330745,0.9095393144982729,15,extensive,15,COMPLETE
164,0.0001943758621821464,2025-12-07 02:15:34.783533,2025-12-07 02:15:36.318643,0 days 00:00:01.535110,0.000545184051487218,0.9177825792468394,31,extensive,31,COMPLETE
165,-0.0010912495148244956,2025-12-07 02:15:36.319648,2025-12-07 02:15:37.842799,0 days 00:00:01.523151,0.000495362766288479,0.9071752872883487,20,extensive,20,COMPLETE
166,-0.012303934061390853,2025-12-07 02:15:37.843798,2025-12-07 02:15:39.281607,0 days 00:00:01.437809,0.00028210841551410434,0.934586684193939,46,extensive,46,COMPLETE
167,0.0021709835590553914,2025-12-07 02:15:39.282615,2025-12-07 02:15:40.823818,0 days 00:00:01.541203,0.0004434330704535344,0.8810343100073332,13,extensive,13,COMPLETE
168,-0.002797767495115696,2025-12-07 02:15:40.824822,2025-12-07 02:15:42.284193,0 days 00:00:01.459371,0.0004571691658204805,0.8900376782284937,27,extensive,27,COMPLETE
169,0.0010024787762995535,2025-12-07 02:15:42.285198,2025-12-07 02:15:43.666683,0 days 00:00:01.381485,0.0006448233767816125,0.8754185074175289,16,extensive,16,COMPLETE
170,-0.007878645564800927,2025-12-07 02:15:43.667968,2025-12-07 02:15:45.052223,0 days 00:00:01.384255,0.0003338459855631431,0.9378638848623245,36,extensive,36,COMPLETE
171,0.00209345426255525,2025-12-07 02:15:45.053219,2025-12-07 02:15:46.527966,0 days 00:00:01.474747,0.00041004554733640444,0.8647748168845437,9,extensive,9,COMPLETE
172,0.0010341080367168114,2025-12-07 02:15:46.529042,2025-12-07 02:15:47.928384,0 days 00:00:01.399342,0.0004393577844939689,0.9040766543811292,1,extensive,1,COMPLETE
173,0.0016741041457054573,2025-12-07 02:15:47.928384,2025-12-07 02:15:49.338541,0 days 00:00:01.410157,0.0005606687562857365,0.8722399737342105,12,extensive,12,COMPLETE
174,-0.009400937974775111,2025-12-07 02:15:49.339542,2025-12-07 02:15:50.744354,0 days 00:00:01.404812,0.0003128895660848345,0.8895610130129319,23,extensive,23,COMPLETE
175,0.001960729246479276,2025-12-07 02:15:50.745354,2025-12-07 02:15:52.154392,0 days 00:00:01.409038,0.0003987093860832658,0.8551658258900728,11,extensive,11,COMPLETE
176,-0.0001530995940445997,2025-12-07 02:15:52.154392,2025-12-07 02:15:53.624312,0 days 00:00:01.469920,0.00025934938099933676,0.9129360049049875,8,extensive,8,COMPLETE
177,-0.02919127733096612,2025-12-07 02:15:53.625317,2025-12-07 02:15:55.065505,0 days 00:00:01.440188,0.00019722723782378368,0.8623737795273534,28,extensive,28,COMPLETE
178,-0.0016559721242364045,2025-12-07 02:15:55.066597,2025-12-07 02:15:56.533639,0 days 00:00:01.467042,0.025223765517269677,0.8652524101301138,9,extensive,9,COMPLETE
179,0.0010916166620125918,2025-12-07 02:15:56.534644,2025-12-07 02:15:57.958058,0 days 00:00:01.423414,0.000354624906966477,0.9347877712288812,1,extensive,1,COMPLETE
180,-0.00576808736702646,2025-12-07 02:15:57.959274,2025-12-07 02:15:59.415117,0 days 00:00:01.455843,0.00043950273253162003,0.8122536335932341,41,extensive,41,COMPLETE
181,0.0018916401883789513,2025-12-07 02:15:59.416123,2025-12-07 02:16:00.843612,0 days 00:00:01.427489,0.00051865629383935,0.8883088911638833,17,extensive,17,COMPLETE
182,-0.005843682672947918,2025-12-07 02:16:00.845609,2025-12-07 02:16:02.258341,0 days 00:00:01.412732,0.00038625937725166666,0.8870718935983366,20,extensive,20,COMPLETE
183,-0.0007068632926262216,2025-12-07 02:16:02.258341,2025-12-07 02:16:03.668969,0 days 00:00:01.410628,0.000784703301131842,0.9796507558852517,13,extensive,13,COMPLETE
184,-0.0030505620920069365,2025-12-07 02:16:03.669972,2025-12-07 02:16:05.096716,0 days 00:00:01.426744,0.00046745124861372197,0.8572453081929131,30,extensive,30,COMPLETE
185,0.0008978438686960318,2025-12-07 02:16:05.097716,2025-12-07 02:16:06.549630,0 days 00:00:01.451914,0.000615927037477333,0.8975920351731441,19,extensive,19,COMPLETE
186,0.0010171943337561329,2025-12-07 02:16:06.549630,2025-12-07 02:16:08.013722,0 days 00:00:01.464092,0.00024750354952671227,0.922728006021619,1,extensive,1,COMPLETE
187,0.001184328549895956,2025-12-07 02:16:08.013722,2025-12-07 02:16:09.460774,0 days 00:00:01.447052,0.00032926104677549967,0.8831598244650785,10,extensive,10,COMPLETE
188,-0.0024566555575743867,2025-12-07 02:16:09.461781,2025-12-07 02:16:10.862084,0 days 00:00:01.400303,0.0005008037626765624,0.823129445383217,23,extensive,23,COMPLETE
189,0.0019162139538575855,2025-12-07 02:16:10.863089,2025-12-07 02:16:12.257791,0 days 00:00:01.394702,0.0003954216663472553,0.8546608346534711,10,extensive,10,COMPLETE
190,0.0006282756840167991,2025-12-07 02:16:12.258301,2025-12-07 02:16:13.671488,0 days 00:00:01.413187,0.0002965297046603555,0.910393492864116,8,extensive,8,COMPLETE
191,0.0022178813220257165,2025-12-07 02:16:13.672492,2025-12-07 02:16:15.075616,0 days 00:00:01.403124,0.00039393354823380813,0.8528868937420206,17,extensive,17,COMPLETE
192,0.002033274883023443,2025-12-07 02:16:15.076617,2025-12-07 02:16:16.578939,0 days 00:00:01.502322,0.00039547625841435217,0.8749863983480966,11,extensive,11,COMPLETE
193,-0.006086376756913407,2025-12-07 02:16:16.580448,2025-12-07 02:16:18.105583,0 days 00:00:01.525135,0.0003805702858315665,0.8625858925304004,32,extensive,32,COMPLETE
194,0.0010816310962223168,2025-12-07 02:16:18.109702,2025-12-07 02:16:19.658447,0 days 00:00:01.548745,0.00042539963814780063,0.8303855150152584,1,extensive,1,COMPLETE
195,-0.05928547786582646,2025-12-07 02:16:19.658952,2025-12-07 02:16:21.234594,0 days 00:00:01.575642,0.0002752313988803042,0.7959768502553072,331,extensive,331,COMPLETE
196,0.0009522285696747698,2025-12-07 02:16:21.235600,2025-12-07 02:16:22.745921,0 days 00:00:01.510321,0.0003299713993406133,0.8418932035079959,10,extensive,10,COMPLETE
197,-0.021476792952852986,2025-12-07 02:16:22.747922,2025-12-07 02:16:24.232248,0 days 00:00:01.484326,0.00021798744596080802,0.8679997765306509,26,extensive,26,COMPLETE
198,0.001093330896525709,2025-12-07 02:16:24.233248,2025-12-07 02:16:25.745558,0 days 00:00:01.512310,0.00038989670690809904,0.8173351330634179,1,extensive,1,COMPLETE
199,0.002093963732439493,2025-12-07 02:16:25.747559,2025-12-07 02:16:27.175237,0 days 00:00:01.427678,0.0004364623069978791,0.9502152844276986,13,extensive,13,COMPLETE
200,-0.0002377492513485254,2025-12-07 02:16:27.175237,2025-12-07 02:16:28.645427,0 days 00:00:01.470190,0.0006687099638879783,0.9523733393354563,406,extensive,406,COMPLETE
201,0.0020598249179044257,2025-12-07 02:16:28.646432,2025-12-07 02:16:30.053557,0 days 00:00:01.407125,0.00037425081565377555,0.9297153892491512,12,extensive,12,COMPLETE
202,0.002073327103433442,2025-12-07 02:16:30.055558,2025-12-07 02:16:31.444866,0 days 00:00:01.389308,0.00034163175332210365,0.9470033702690541,17,extensive,17,COMPLETE
203,-0.008158757525068783,2025-12-07 02:16:31.445869,2025-12-07 02:16:32.857525,0 days 00:00:01.411656,0.0003025573934732656,0.9934221149077908,22,extensive,22,COMPLETE
204,-0.013096737438585082,2025-12-07 02:16:32.859451,2025-12-07 02:16:34.281182,0 days 00:00:01.421731,0.0002464490639956221,0.9682854397529913,34,extensive,34,COMPLETE
205,0.0022930038181363153,2025-12-07 02:16:34.282186,2025-12-07 02:16:35.678360,0 days 00:00:01.396174,0.0003625096431361809,0.9444083977166158,17,extensive,17,COMPLETE
206,-0.005808261533540156,2025-12-07 02:16:35.679365,2025-12-07 02:16:37.089912,0 days 00:00:01.410547,0.0003619417031147982,0.9485618847022945,22,extensive,22,COMPLETE
207,-0.031519584428493154,2025-12-07 02:16:37.090918,2025-12-07 02:16:38.499689,0 days 00:00:01.408771,0.00017266518600157527,0.9781392448760499,40,extensive,40,COMPLETE
208,0.0014040545196947196,2025-12-07 02:16:38.501689,2025-12-07 02:16:39.989928,0 days 00:00:01.488239,0.00029471930661731914,0.9234551701666115,16,extensive,16,COMPLETE
209,-0.007152139495790706,2025-12-07 02:16:39.990933,2025-12-07 02:16:41.484338,0 days 00:00:01.493405,0.00033662975213051707,0.9378798093944847,28,extensive,28,COMPLETE
210,0.0009450915330578477,2025-12-07 02:16:41.484338,2025-12-07 02:16:43.010264,0 days 00:00:01.525926,0.0004598305348450233,0.9640250174081051,1,extensive,1,COMPLETE
211,0.002253128182737263,2025-12-07 02:16:43.011271,2025-12-07 02:16:44.425265,0 days 00:00:01.413994,0.0003866337710118491,0.9333107513978711,14,extensive,14,COMPLETE
212,0.00016296238310028097,2025-12-07 02:16:44.426773,2025-12-07 02:16:45.849283,0 days 00:00:01.422510,0.0002520676470791236,0.9269055512469945,15,extensive,15,COMPLETE
213,0.0023645301920443376,2025-12-07 02:16:45.851284,2025-12-07 02:16:47.296088,0 days 00:00:01.444804,0.00042581468775641654,0.9583158975723791,9,extensive,9,COMPLETE
214,-0.006863384410248585,2025-12-07 02:16:47.298090,2025-12-07 02:16:48.720187,0 days 00:00:01.422097,0.0003426058305719201,0.9450062725132728,22,extensive,22,COMPLETE
215,0.0022078116058285024,2025-12-07 02:16:48.721192,2025-12-07 02:16:50.163689,0 days 00:00:01.442497,0.0004556517466836166,0.9561550416482899,8,extensive,8,COMPLETE
216,0.0009824539775470005,2025-12-07 02:16:50.164693,2025-12-07 02:16:51.543214,0 days 00:00:01.378521,0.00043561940924971397,0.9787622812961615,1,extensive,1,COMPLETE
217,0.0008772284500525954,2025-12-07 02:16:51.544214,2025-12-07 02:16:52.945419,0 days 00:00:01.401205,0.0002865338265056106,0.9557303552176942,11,extensive,11,COMPLETE
218,0.000994574159337532,2025-12-07 02:16:52.945419,2025-12-07 02:16:54.344139,0 days 00:00:01.398720,0.0005680168045707262,0.9957612137229707,31,extensive,31,COMPLETE
219,-0.017094589114543018,2025-12-07 02:16:54.345142,2025-12-07 02:16:55.730918,0 days 00:00:01.385776,0.00021949249076817044,0.9385840206283294,21,extensive,21,COMPLETE
220,0.001092832945397341,2025-12-07 02:16:55.732358,2025-12-07 02:16:57.106208,0 days 00:00:01.373850,0.00035927395253995616,0.9053441777692366,1,extensive,1,COMPLETE
221,0.0019097476938355247,2025-12-07 02:16:57.106208,2025-12-07 02:16:58.513188,0 days 00:00:01.406980,0.0004694274198287192,0.9658757691794054,11,extensive,11,COMPLETE
222,0.0020004042770704147,2025-12-07 02:16:58.514194,2025-12-07 02:16:59.890446,0 days 00:00:01.376252,0.00048144043263791635,0.9227974365464146,16,extensive,16,COMPLETE
223,-0.0027136766545719317,2025-12-07 02:16:59.891451,2025-12-07 02:17:01.348441,0 days 00:00:01.456990,0.00043229010854849294,0.9286592362275355,19,extensive,19,COMPLETE
224,0.0006573524388288806,2025-12-07 02:17:01.349440,2025-12-07 02:17:02.801354,0 days 00:00:01.451914,0.0006349044216392786,0.9566079308213554,10,extensive,10,COMPLETE
225,-0.007683622863154567,2025-12-07 02:17:02.803355,2025-12-07 02:17:04.255047,0 days 00:00:01.451692,0.0003371150888473057,0.9096382685042869,27,extensive,27,COMPLETE
226,0.0017422646934439252,2025-12-07 02:17:04.255047,2025-12-07 02:17:05.766853,0 days 00:00:01.511806,0.0005096282055224517,0.9412052227579434,10,extensive,10,COMPLETE
227,-0.004039098024452274,2025-12-07 02:17:05.767857,2025-12-07 02:17:07.404971,0 days 00:00:01.637114,0.00040085581137627426,0.9758981050781148,474,extensive,474,COMPLETE
228,-0.017093129203915963,2025-12-07 02:17:07.405971,2025-12-07 02:17:08.865556,0 days 00:00:01.459585,0.0002974900863140895,0.8912494807484977,203,extensive,203,COMPLETE
229,-0.0023455352302329535,2025-12-07 02:17:08.866560,2025-12-07 02:17:10.394022,0 days 00:00:01.527462,0.0004749993696024259,0.925037222710442,38,extensive,38,COMPLETE
230,0.0007601232372420238,2025-12-07 02:17:10.395027,2025-12-07 02:17:11.921693,0 days 00:00:01.526666,0.0005939425660188382,0.9033842229467286,19,extensive,19,COMPLETE
231,-0.012078997547657103,2025-12-07 02:17:11.921693,2025-12-07 02:17:13.450573,0 days 00:00:01.528880,0.0003730983845197625,0.8770153277909092,240,extensive,240,COMPLETE
232,0.001715223921704497,2025-12-07 02:17:13.451573,2025-12-07 02:17:14.866980,0 days 00:00:01.415407,0.0005121802931504809,0.9439259135122537,11,extensive,11,COMPLETE
233,0.0010104405380001087,2025-12-07 02:17:14.867983,2025-12-07 02:17:16.314252,0 days 00:00:01.446269,0.00044790606019560705,0.9191708435055909,1,extensive,1,COMPLETE
234,-0.005926762793578806,2025-12-07 02:17:16.315259,2025-12-07 02:17:17.795696,0 days 00:00:01.480437,0.00035543245235650575,0.9596009249310593,20,extensive,20,COMPLETE
235,0.00046601310522302136,2025-12-07 02:17:17.796696,2025-12-07 02:17:19.232376,0 days 00:00:01.435680,0.0007108872470088139,0.8849622837779163,30,extensive,30,COMPLETE
236,0.001314376484180461,2025-12-07 02:17:19.232376,2025-12-07 02:17:20.670867,0 days 00:00:01.438491,0.0005827176009101633,0.9238792744830795,8,extensive,8,COMPLETE
237,0.0013044260328688069,2025-12-07 02:17:20.671871,2025-12-07 02:17:22.228651,0 days 00:00:01.556780,0.0002673380940119613,0.9968049954300173,17,extensive,17,COMPLETE
238,-0.003836430666708542,2025-12-07 02:17:22.229654,2025-12-07 02:17:23.716744,0 days 00:00:01.487090,0.00043257334667054736,0.8818514924839886,26,extensive,26,COMPLETE
239,0.0010823717821354384,2025-12-07 02:17:23.716744,2025-12-07 02:17:25.114626,0 days 00:00:01.397882,0.00031498811737741376,0.9018252999684323,1,extensive,1,COMPLETE
240,0.002184728554794161,2025-12-07 02:17:25.115626,2025-12-07 02:17:26.522002,0 days 00:00:01.406376,0.0004055559981945097,0.9493099579976226,13,extensive,13,COMPLETE
241,0.0021944951655281653,2025-12-07 02:17:26.523009,2025-12-07 02:17:27.971074,0 days 00:00:01.448065,0.0003898777134935583,0.9757455959077639,12,extensive,12,COMPLETE
242,0.002217139781316472,2025-12-07 02:17:27.972081,2025-12-07 02:17:29.389392,0 days 00:00:01.417311,0.0003831160001157385,0.9570243988244511,12,extensive,12,COMPLETE
243,0.002351695429280672,2025-12-07 02:17:29.390397,2025-12-07 02:17:30.850148,0 days 00:00:01.459751,0.00037933043767652793,0.9771173192001931,8,extensive,8,COMPLETE
244,0.0023992654742546193,2025-12-07 02:17:30.851148,2025-12-07 02:17:32.324016,0 days 00:00:01.472868,0.000408866724797704,0.9806075105626513,8,extensive,8,COMPLETE
245,0.002234865771945723,2025-12-07 02:17:32.325018,2025-12-07 02:17:33.816855,0 days 00:00:01.491837,0.0003704343488160646,0.9802825173945751,8,extensive,8,COMPLETE
246,0.0017738597482602758,2025-12-07 02:17:33.817856,2025-12-07 02:17:35.368123,0 days 00:00:01.550267,0.0003404073520282654,0.9814852461345445,7,extensive,7,COMPLETE
247,0.001062043507606229,2025-12-07 02:17:35.369233,2025-12-07 02:17:36.883979,0 days 00:00:01.514746,0.00026590628889076,0.9800618930206612,1,extensive,1,COMPLETE
248,0.0022675645336308983,2025-12-07 02:17:36.887988,2025-12-07 02:17:38.324146,0 days 00:00:01.436158,0.0003756195177861962,0.9722340504780612,8,extensive,8,COMPLETE
249,0.0010916170079082743,2025-12-07 02:17:38.325152,2025-12-07 02:17:39.820474,0 days 00:00:01.495322,0.0003055358345433316,0.99737322305461,1,extensive,1,COMPLETE
250,-0.0041578253871084785,2025-12-07 02:17:39.821119,2025-12-07 02:17:41.288659,0 days 00:00:01.467540,0.0003867543184527325,0.9714924657499346,28,extensive,28,COMPLETE
251,-0.00288539575422971,2025-12-07 02:17:41.289667,2025-12-07 02:17:42.749383,0 days 00:00:01.459716,0.00041453509668662583,0.9695487379065029,22,extensive,22,COMPLETE
252,5.66268550592867e-05,2025-12-07 02:17:42.750384,2025-12-07 02:17:44.132167,0 days 00:00:01.381783,0.00023714666259595234,0.9954700721786311,10,extensive,10,COMPLETE
253,0.0013518097651054421,2025-12-07 02:17:44.133168,2025-12-07 02:17:45.566074,0 days 00:00:01.432906,0.00032129118934054967,0.9599814287242874,9,extensive,9,COMPLETE
254,0.000605223619854045,2025-12-07 02:17:45.567078,2025-12-07 02:17:46.971320,0 days 00:00:01.404242,0.0005581111807111653,0.9770038839822277,1,extensive,1,COMPLETE
255,-0.003691270189173368,2025-12-07 02:17:46.972325,2025-12-07 02:17:48.456900,0 days 00:00:01.484575,0.000399591972454308,0.962078198425298,22,extensive,22,COMPLETE
256,0.001626402336777133,2025-12-07 02:17:48.456900,2025-12-07 02:17:49.867172,0 days 00:00:01.410272,0.00028647769199996855,0.9994958155543495,18,extensive,18,COMPLETE
257,0.0017204632804323678,2025-12-07 02:17:49.868172,2025-12-07 02:17:51.293503,0 days 00:00:01.425331,0.0005082776567743545,0.9497437369464624,10,extensive,10,COMPLETE
258,-0.005638228094803595,2025-12-07 02:17:51.294509,2025-12-07 02:17:52.712855,0 days 00:00:01.418346,0.000348738076705156,0.9776961824121122,31,extensive,31,COMPLETE
259,-0.002658051934151399,2025-12-07 02:17:52.713859,2025-12-07 02:17:54.139659,0 days 00:00:01.425800,0.0004310170686603811,0.9462429646284743,167,extensive,167,COMPLETE
260,0.0010744735774004255,2025-12-07 02:17:54.140666,2025-12-07 02:17:55.575146,0 days 00:00:01.434480,0.00026175660539329163,0.970904620339332,18,extensive,18,COMPLETE
261,0.0008990956838135963,2025-12-07 02:17:55.577155,2025-12-07 02:17:57.017184,0 days 00:00:01.440029,0.00048045564041993515,0.9603415583590391,1,extensive,1,COMPLETE
262,-0.07768393772412867,2025-12-07 02:17:57.018189,2025-12-07 02:17:58.459968,0 days 00:00:01.441779,0.00020432598517775656,0.46521715842316225,36,extensive,36,COMPLETE
263,0.001986949725800269,2025-12-07 02:17:58.460779,2025-12-07 02:17:59.892656,0 days 00:00:01.431877,0.0003633490555125424,0.943354853437651,10,extensive,10,COMPLETE
264,0.0005302873145136925,2025-12-07 02:17:59.895191,2025-12-07 02:18:01.408832,0 days 00:00:01.513641,0.0006305399635702906,0.9844050759949471,26,extensive,26,COMPLETE
265,0.0016718301124974226,2025-12-07 02:18:01.409345,2025-12-07 02:18:02.959103,0 days 00:00:01.549758,0.00030568737735719537,0.947290927608373,17,extensive,17,COMPLETE
266,0.002375070208551988,2025-12-07 02:18:02.960198,2025-12-07 02:18:04.469338,0 days 00:00:01.509140,0.00041669161842146775,0.9742290379137566,9,extensive,9,COMPLETE
267,0.0014270792483735602,2025-12-07 02:18:04.470909,2025-12-07 02:18:05.994549,0 days 00:00:01.523640,0.0005283501673078754,0.9821664010460944,10,extensive,10,COMPLETE
268,0.00022585424967865494,2025-12-07 02:18:05.995554,2025-12-07 02:18:07.480330,0 days 00:00:01.484776,1.5829532808138664e-05,0.963367581786732,1,extensive,1,COMPLETE
269,-0.0015229481706954262,2025-12-07 02:18:07.481336,2025-12-07 02:18:09.031989,0 days 00:00:01.550653,0.0004389830989734811,0.9948441353270026,24,extensive,24,COMPLETE
270,0.0015109997055064994,2025-12-07 02:18:09.032993,2025-12-07 02:18:10.524008,0 days 00:00:01.491015,0.0003632553309704023,0.7671669003150974,17,extensive,17,COMPLETE
271,-0.016551388237833864,2025-12-07 02:18:10.525013,2025-12-07 02:18:12.022533,0 days 00:00:01.497520,0.00023881193715178392,0.9467380826741346,42,extensive,42,COMPLETE
272,0.0022196371127498984,2025-12-07 02:18:12.023534,2025-12-07 02:18:13.443461,0 days 00:00:01.419927,0.00044751215545226744,0.9693335381886848,9,extensive,9,COMPLETE
273,0.0009818920558395765,2025-12-07 02:18:13.444466,2025-12-07 02:18:14.939012,0 days 00:00:01.494546,0.0005886586135434229,0.9726547684977511,8,extensive,8,COMPLETE
274,-0.00025603883157517454,2025-12-07 02:18:14.939012,2025-12-07 02:18:16.451177,0 days 00:00:01.512165,0.0007069190977446149,0.9843098854049979,1,extensive,1,COMPLETE
275,-0.0009065499988144543,2025-12-07 02:18:16.452181,2025-12-07 02:18:17.916552,0 days 00:00:01.464371,0.00045976239024594673,0.998826684440218,29,extensive,29,COMPLETE
276,0.0017683618192212425,2025-12-07 02:18:17.918553,2025-12-07 02:18:19.321254,0 days 00:00:01.402701,0.0005331216067708033,0.6160899406055284,10,extensive,10,COMPLETE
277,-0.0016559721242364045,2025-12-07 02:18:19.322261,2025-12-07 02:18:20.765170,0 days 00:00:01.442909,0.006158289724487693,0.9645930294192506,22,extensive,22,COMPLETE
278,0.0021677889439640032,2025-12-07 02:18:20.766176,2025-12-07 02:18:22.180647,0 days 00:00:01.414471,0.0004164468961149876,0.9410738696214119,10,extensive,10,COMPLETE
279,-0.004521428699343614,2025-12-07 02:18:22.181646,2025-12-07 02:18:23.626621,0 days 00:00:01.444975,0.0004131450632266218,0.9345798983695036,36,extensive,36,COMPLETE
280,0.0010868081459720254,2025-12-07 02:18:23.627627,2025-12-07 02:18:25.115096,0 days 00:00:01.487469,0.0003046520789029773,0.9580535596860047,1,extensive,1,COMPLETE
281,0.0016324322536165337,2025-12-07 02:18:25.115096,2025-12-07 02:18:26.553258,0 days 00:00:01.438162,0.0005079940147366807,0.9754065974623582,17,extensive,17,COMPLETE
282,-0.0006486242905766973,2025-12-07 02:18:26.554260,2025-12-07 02:18:28.143748,0 days 00:00:01.589488,0.0007973757058171566,0.9410444408449175,27,extensive,27,COMPLETE
283,0.0008252921615312289,2025-12-07 02:18:28.143748,2025-12-07 02:18:29.698415,0 days 00:00:01.554667,0.0006091463521031718,0.9647484265774139,10,extensive,10,COMPLETE
284,-0.026074953356476877,2025-12-07 02:18:29.698415,2025-12-07 02:18:31.186261,0 days 00:00:01.487846,0.00041945632629902834,0.5203943107653444,121,extensive,121,COMPLETE
285,-0.0336449128106574,2025-12-07 02:18:31.187264,2025-12-07 02:18:32.815348,0 days 00:00:01.628084,0.0003438064343311337,0.7489609353731139,320,extensive,320,COMPLETE
286,0.0010578624252829034,2025-12-07 02:18:32.816353,2025-12-07 02:18:34.292925,0 days 00:00:01.476572,0.00027363438957026133,0.9387339815349696,1,extensive,1,COMPLETE
287,0.0022843176889071706,2025-12-07 02:18:34.293924,2025-12-07 02:18:35.775606,0 days 00:00:01.481682,0.0005028817651700916,0.7810262212763724,18,extensive,18,COMPLETE
288,-0.0006657088811424794,2025-12-07 02:18:35.776606,2025-12-07 02:18:37.231960,0 days 00:00:01.455354,0.0006682156156496348,0.7387215172349463,52,extensive,52,COMPLETE
289,-0.017761107748924216,2025-12-07 02:18:37.231960,2025-12-07 02:18:38.900465,0 days 00:00:01.668505,0.0005158987061711276,0.39324127785152074,23,extensive,23,COMPLETE
290,-0.009194525677920526,2025-12-07 02:18:38.901467,2025-12-07 02:18:40.505373,0 days 00:00:01.603906,0.00038248040706297554,0.7724116871008783,34,extensive,34,COMPLETE
291,-4.065536411105667e-05,2025-12-07 02:18:40.506376,2025-12-07 02:18:42.071172,0 days 00:00:01.564796,0.0008713781006932537,0.7898356306503629,16,extensive,16,COMPLETE
292,0.0018549602766009254,2025-12-07 02:18:42.072718,2025-12-07 02:18:43.529972,0 days 00:00:01.457254,0.0004916460033887673,0.9829576407907331,9,extensive,9,COMPLETE
293,-0.027659460456003464,2025-12-07 02:18:43.531478,2025-12-07 02:18:44.968892,0 days 00:00:01.437414,0.00021356308529099272,0.7918135686211113,24,extensive,24,COMPLETE
294,-0.010833447557581791,2025-12-07 02:18:44.969899,2025-12-07 02:18:46.374665,0 days 00:00:01.404766,0.0003192171603618056,0.006845917608453156,9,extensive,9,COMPLETE
295,0.0011689670711763078,2025-12-07 02:18:46.375670,2025-12-07 02:18:47.782714,0 days 00:00:01.407044,0.0005888061967768477,0.9266982236273288,18,extensive,18,COMPLETE
296,-0.020536388124137567,2025-12-07 02:18:47.782714,2025-12-07 02:18:49.214455,0 days 00:00:01.431741,0.0003745358437912543,0.6901598344233575,188,extensive,188,COMPLETE
297,-0.014755049448327099,2025-12-07 02:18:49.215972,2025-12-07 02:18:50.651434,0 days 00:00:01.435462,0.0002831043029783681,0.7602191932847256,36,extensive,36,COMPLETE
298,0.000924185826339056,2025-12-07 02:18:50.652432,2025-12-07 02:18:52.120238,0 days 00:00:01.467806,0.00046239656287549823,0.9771426586034612,1,extensive,1,COMPLETE
299,-0.004832594563157026,2025-12-07 02:18:52.120829,2025-12-07 02:18:53.585822,0 days 00:00:01.464993,0.0003620117690991994,0.996520381515292,27,extensive,27,COMPLETE
