number,value,datetime_start,datetime_complete,duration,params_lasso_alpha,params_selector__k,user_attrs_feature_level,user_attrs_top_k_features,state
0,-0.0016559721242364045,2025-12-07 02:04:00.796911,2025-12-07 02:04:02.470504,0 days 00:00:01.673593,0.0074593432857265485,476,extensive,476,COMPLETE
1,-0.0016559721242364045,2025-12-07 02:04:02.471638,2025-12-07 02:04:04.106303,0 days 00:00:01.634665,0.4570563099801455,300,extensive,300,COMPLETE
2,3.751736436567269e-05,2025-12-07 02:04:04.107410,2025-12-07 02:04:05.606218,0 days 00:00:01.498808,0.0006026889128682511,78,extensive,78,COMPLETE
3,-0.09124693247282467,2025-12-07 02:04:05.606855,2025-12-07 02:04:07.220512,0 days 00:00:01.613657,0.00019517224641449495,434,extensive,434,COMPLETE
4,-0.0016559721242364045,2025-12-07 02:04:07.220512,2025-12-07 02:04:08.787775,0 days 00:00:01.567263,0.10129197956845731,355,extensive,355,COMPLETE
5,-0.4064191461306712,2025-12-07 02:04:08.788794,2025-12-07 02:04:10.490406,0 days 00:00:01.701612,0.00012674255898937226,485,extensive,485,COMPLETE
6,-0.0016559721242364045,2025-12-07 02:04:10.491542,2025-12-07 02:04:11.990149,0 days 00:00:01.498607,1.452824663751602,107,extensive,107,COMPLETE
7,-0.000854890122013785,2025-12-07 02:04:11.991207,2025-12-07 02:04:13.636533,0 days 00:00:01.645326,0.0008111941985431928,92,extensive,92,COMPLETE
8,-0.0016559721242364045,2025-12-07 02:04:13.636533,2025-12-07 02:04:15.252540,0 days 00:00:01.616007,0.0033205591037519565,263,extensive,263,COMPLETE
9,-0.0016559721242364045,2025-12-07 02:04:15.252540,2025-12-07 02:04:16.807138,0 days 00:00:01.554598,0.01444525102276306,146,extensive,146,COMPLETE
10,-0.0016559721242364045,2025-12-07 02:04:16.808221,2025-12-07 02:04:18.417857,0 days 00:00:01.609636,5.3171966339820935,3,extensive,3,COMPLETE
11,-0.0016559721242364045,2025-12-07 02:04:18.419362,2025-12-07 02:04:20.035744,0 days 00:00:01.616382,0.001198382948700739,128,extensive,128,COMPLETE
12,-0.00012471734638141996,2025-12-07 02:04:20.036745,2025-12-07 02:04:21.591778,0 days 00:00:01.555033,0.0006971123012897838,20,extensive,20,COMPLETE
13,-0.0016559721242364045,2025-12-07 02:04:21.592839,2025-12-07 02:04:23.121414,0 days 00:00:01.528575,0.05449280398972806,6,extensive,6,COMPLETE
14,-0.0005434058940596564,2025-12-07 02:04:23.122692,2025-12-07 02:04:24.707469,0 days 00:00:01.584777,0.0007147877527105637,190,extensive,190,COMPLETE
15,-0.0016559721242364045,2025-12-07 02:04:24.708568,2025-12-07 02:04:26.252757,0 days 00:00:01.544189,0.00312128163854902,63,extensive,63,COMPLETE
16,-0.007445946985068101,2025-12-07 02:04:26.252757,2025-12-07 02:04:27.887101,0 days 00:00:01.634344,0.0003366138487257742,198,extensive,198,COMPLETE
17,-0.0016559721242364045,2025-12-07 02:04:27.888106,2025-12-07 02:04:29.488523,0 days 00:00:01.600417,0.019469311432399997,44,extensive,44,COMPLETE
18,-0.0016559721242364045,2025-12-07 02:04:29.490786,2025-12-07 02:04:31.158900,0 days 00:00:01.668114,0.003149892123404186,155,extensive,155,COMPLETE
19,-0.0016559721242364045,2025-12-07 02:04:31.160017,2025-12-07 02:04:32.871918,0 days 00:00:01.711901,0.15849892041439206,51,extensive,51,COMPLETE
20,-0.0027550791104542873,2025-12-07 02:04:32.873033,2025-12-07 02:04:34.675234,0 days 00:00:01.802201,0.00041067172757338575,229,extensive,229,COMPLETE
21,-0.000998201750343893,2025-12-07 02:04:34.677385,2025-12-07 02:04:36.408786,0 days 00:00:01.731401,0.0008473988695690193,189,extensive,189,COMPLETE
22,-0.0016559721242364045,2025-12-07 02:04:36.410912,2025-12-07 02:04:38.056236,0 days 00:00:01.645324,0.0022792358458954007,91,extensive,91,COMPLETE
23,-0.21489387265219503,2025-12-07 02:04:38.057241,2025-12-07 02:04:39.762543,0 days 00:00:01.705302,0.0001075891866241094,172,extensive,172,COMPLETE
24,0.00020457715034220372,2025-12-07 02:04:39.764549,2025-12-07 02:04:41.508321,0 days 00:00:01.743772,0.0005128936898979924,331,extensive,331,COMPLETE
25,-0.0016559721242364045,2025-12-07 02:04:41.509367,2025-12-07 02:04:43.192175,0 days 00:00:01.682808,0.006257039211104601,352,extensive,352,COMPLETE
26,-0.012495282463217036,2025-12-07 02:04:43.194244,2025-12-07 02:04:44.774707,0 days 00:00:01.580463,0.000313563037793817,339,extensive,339,COMPLETE
27,-0.0016559721242364045,2025-12-07 02:04:44.776041,2025-12-07 02:04:46.264833,0 days 00:00:01.488792,0.001548356331563737,397,extensive,397,COMPLETE
28,-0.0016559721242364045,2025-12-07 02:04:46.265837,2025-12-07 02:04:47.773494,0 days 00:00:01.507657,0.008835962045044336,273,extensive,273,COMPLETE
29,-0.0017500640987817562,2025-12-07 02:04:47.774498,2025-12-07 02:04:49.391826,0 days 00:00:01.617328,0.0004290587936284601,440,extensive,440,COMPLETE
30,-0.0016559721242364045,2025-12-07 02:04:49.392426,2025-12-07 02:04:50.888738,0 days 00:00:01.496312,0.005761611537614148,36,extensive,36,COMPLETE
31,-0.0004934398984701346,2025-12-07 02:04:50.889547,2025-12-07 02:04:52.391529,0 days 00:00:01.501982,0.0007023510700179702,304,extensive,304,COMPLETE
32,-0.08536660996208852,2025-12-07 02:04:52.392354,2025-12-07 02:04:53.953723,0 days 00:00:01.561369,0.00019924416371594348,287,extensive,287,COMPLETE
33,-0.0016559721242364045,2025-12-07 02:04:53.955728,2025-12-07 02:04:55.506501,0 days 00:00:01.550773,0.0013944004491341655,306,extensive,306,COMPLETE
34,9.2461212867249e-05,2025-12-07 02:04:55.508739,2025-12-07 02:04:56.956998,0 days 00:00:01.448259,0.0005785964669070151,391,extensive,391,COMPLETE
35,-0.11059685424255557,2025-12-07 02:04:56.959200,2025-12-07 02:04:58.440006,0 days 00:00:01.480806,0.00017771162547991268,398,extensive,398,COMPLETE
36,-0.024174034606664674,2025-12-07 02:04:58.441306,2025-12-07 02:05:00.023385,0 days 00:00:01.582079,0.00026622215196149166,397,extensive,397,COMPLETE
37,-0.35098781685198593,2025-12-07 02:05:00.025567,2025-12-07 02:05:01.527295,0 days 00:00:01.501728,0.0001026326660653328,235,extensive,235,COMPLETE
38,-0.0016559721242364045,2025-12-07 02:05:01.528433,2025-12-07 02:05:03.041184,0 days 00:00:01.512751,0.695916179578944,373,extensive,373,COMPLETE
39,-0.00018955089161358055,2025-12-07 02:05:03.042505,2025-12-07 02:05:04.526683,0 days 00:00:01.484178,0.0006258343804329926,464,extensive,464,COMPLETE
40,-0.0016559721242364045,2025-12-07 02:05:04.527727,2025-12-07 02:05:06.042382,0 days 00:00:01.514655,0.0018087395400840183,334,extensive,334,COMPLETE
41,0.00030520316263375297,2025-12-07 02:05:06.042939,2025-12-07 02:05:07.592921,0 days 00:00:01.549982,0.0005126057944045506,458,extensive,458,COMPLETE
42,0.00020955676730290604,2025-12-07 02:05:07.594023,2025-12-07 02:05:09.157973,0 days 00:00:01.563950,0.00055617980642199,450,extensive,450,COMPLETE
43,-0.07593905197926983,2025-12-07 02:05:09.158979,2025-12-07 02:05:10.707503,0 days 00:00:01.548524,0.00020686045688354254,460,extensive,460,COMPLETE
44,-0.00014735889378765984,2025-12-07 02:05:10.709519,2025-12-07 02:05:12.276372,0 days 00:00:01.566853,0.0004862790490780443,486,extensive,486,COMPLETE
45,-0.0014569122957110252,2025-12-07 02:05:12.277397,2025-12-07 02:05:13.792771,0 days 00:00:01.515374,0.0010007925588511944,426,extensive,426,COMPLETE
46,-0.0016559721242364045,2025-12-07 02:05:13.794035,2025-12-07 02:05:15.270502,0 days 00:00:01.476467,0.004287662963748843,424,extensive,424,COMPLETE
47,-0.0016559721242364045,2025-12-07 02:05:15.270828,2025-12-07 02:05:16.890785,0 days 00:00:01.619957,0.002202819216862927,452,extensive,452,COMPLETE
48,-0.0016559721242364045,2025-12-07 02:05:16.890785,2025-12-07 02:05:18.458232,0 days 00:00:01.567447,0.0437149312649795,374,extensive,374,COMPLETE
49,-0.0016559721242364045,2025-12-07 02:05:18.459237,2025-12-07 02:05:20.024450,0 days 00:00:01.565213,4.307394492246533,412,extensive,412,COMPLETE
50,-0.0016559721242364045,2025-12-07 02:05:20.025566,2025-12-07 02:05:21.577488,0 days 00:00:01.551922,0.011178815417152174,496,extensive,496,COMPLETE
51,-0.0014051878927936468,2025-12-07 02:05:21.578491,2025-12-07 02:05:23.041049,0 days 00:00:01.462558,0.000979005971902719,26,extensive,26,COMPLETE
52,8.761275853859847e-05,2025-12-07 02:05:23.042120,2025-12-07 02:05:24.525750,0 days 00:00:01.483630,0.000547446469919902,75,extensive,75,COMPLETE
53,-0.06325217716201736,2025-12-07 02:05:24.526750,2025-12-07 02:05:26.025471,0 days 00:00:01.498721,0.00016085211315268217,84,extensive,84,COMPLETE
54,-2.7857978137979522e-05,2025-12-07 02:05:26.026475,2025-12-07 02:05:27.560092,0 days 00:00:01.533617,0.0004925383224698617,472,extensive,472,COMPLETE
55,-0.023185685313142284,2025-12-07 02:05:27.561764,2025-12-07 02:05:29.110670,0 days 00:00:01.548906,0.0002676360605786245,376,extensive,376,COMPLETE
56,-0.0016559721242364045,2025-12-07 02:05:29.111800,2025-12-07 02:05:30.627455,0 days 00:00:01.515655,0.0012462354259297527,320,extensive,320,COMPLETE
57,0.0003174647395681,2025-12-07 02:05:30.628528,2025-12-07 02:05:32.110370,0 days 00:00:01.481842,0.0005670656473621571,113,extensive,113,COMPLETE
58,-0.0016559721242364045,2025-12-07 02:05:32.111920,2025-12-07 02:05:33.426397,0 days 00:00:01.314477,0.002714611084552874,109,extensive,109,COMPLETE
59,-0.004215462505204807,2025-12-07 02:05:33.428061,2025-12-07 02:05:34.827166,0 days 00:00:01.399105,0.0003724261710127598,125,extensive,125,COMPLETE
60,-0.0016559721242364045,2025-12-07 02:05:34.828385,2025-12-07 02:05:36.208451,0 days 00:00:01.380066,0.26488505526127226,65,extensive,65,COMPLETE
61,0.0003059674708709714,2025-12-07 02:05:36.208451,2025-12-07 02:05:37.611005,0 days 00:00:01.402554,0.0005469103793136245,77,extensive,77,COMPLETE
62,-0.00044461958965250997,2025-12-07 02:05:37.612523,2025-12-07 02:05:39.142032,0 days 00:00:01.529509,0.0006970771871843332,104,extensive,104,COMPLETE
63,-0.01810346964492619,2025-12-07 02:05:39.143239,2025-12-07 02:05:40.825758,0 days 00:00:01.682519,0.0002871712628545467,440,extensive,440,COMPLETE
64,-0.0916882237609616,2025-12-07 02:05:40.826760,2025-12-07 02:05:42.342236,0 days 00:00:01.515476,0.00014137588475919167,67,extensive,67,COMPLETE
65,-0.0002291853565821178,2025-12-07 02:05:42.343338,2025-12-07 02:05:43.776749,0 days 00:00:01.433411,0.0004867022445310298,144,extensive,144,COMPLETE
66,-0.0016286363337232324,2025-12-07 02:05:43.777658,2025-12-07 02:05:45.225736,0 days 00:00:01.448078,0.0010683014026309343,210,extensive,210,COMPLETE
67,-0.0016559721242364045,2025-12-07 02:05:45.225736,2025-12-07 02:05:46.692348,0 days 00:00:01.466612,0.02123843428931311,51,extensive,51,COMPLETE
68,-0.0016559721242364045,2025-12-07 02:05:46.693440,2025-12-07 02:05:48.255642,0 days 00:00:01.562202,0.004080183433830355,415,extensive,415,COMPLETE
69,-0.0016559721242364045,2025-12-07 02:05:48.256646,2025-12-07 02:05:49.677772,0 days 00:00:01.421126,0.0014522496839187338,15,extensive,15,COMPLETE
70,-0.0495110715592364,2025-12-07 02:05:49.678934,2025-12-07 02:05:51.192678,0 days 00:00:01.513744,0.0002243210913656023,355,extensive,355,COMPLETE
71,0.00010402281363501113,2025-12-07 02:05:51.193679,2025-12-07 02:05:52.678925,0 days 00:00:01.485246,0.000592802939525339,96,extensive,96,COMPLETE
72,4.0450710149686486e-05,2025-12-07 02:05:52.680023,2025-12-07 02:05:54.209245,0 days 00:00:01.529222,0.0006084233673296557,115,extensive,115,COMPLETE
73,-0.005020924264532119,2025-12-07 02:05:54.209604,2025-12-07 02:05:55.594837,0 days 00:00:01.385233,0.00035735228443401884,139,extensive,139,COMPLETE
74,-0.0010448745667205699,2025-12-07 02:05:55.594837,2025-12-07 02:05:57.042852,0 days 00:00:01.448015,0.0008583958714161857,159,extensive,159,COMPLETE
75,-0.0016559721242364045,2025-12-07 02:05:57.044014,2025-12-07 02:05:58.546506,0 days 00:00:01.502492,0.0018740635482651093,99,extensive,99,COMPLETE
76,0.0002474548325090605,2025-12-07 02:05:58.547501,2025-12-07 02:06:00.026012,0 days 00:00:01.478511,0.0005292773529667787,81,extensive,81,COMPLETE
77,-0.3137895476109258,2025-12-07 02:06:00.026471,2025-12-07 02:06:01.463341,0 days 00:00:01.436870,0.0001345203178291561,253,extensive,253,COMPLETE
78,-0.0045316347756671664,2025-12-07 02:06:01.464345,2025-12-07 02:06:02.924818,0 days 00:00:01.460473,0.000365092792722033,87,extensive,87,COMPLETE
79,-0.0016559721242364045,2025-12-07 02:06:02.924818,2025-12-07 02:06:04.525685,0 days 00:00:01.600867,0.0012618096135032855,450,extensive,450,COMPLETE
80,-0.0007487219395633978,2025-12-07 02:06:04.526647,2025-12-07 02:06:06.027625,0 days 00:00:01.500978,0.0007477033593438152,39,extensive,39,COMPLETE
81,-0.017240359037295632,2025-12-07 02:06:06.028630,2025-12-07 02:06:07.463123,0 days 00:00:01.434493,0.0002596589584693814,69,extensive,69,COMPLETE
82,-0.00021732139739068698,2025-12-07 02:06:07.464129,2025-12-07 02:06:08.865000,0 days 00:00:01.400871,0.0005130829800690132,76,extensive,76,COMPLETE
83,0.0002921899865839424,2025-12-07 02:06:08.866226,2025-12-07 02:06:10.310368,0 days 00:00:01.444142,0.000571972312103621,123,extensive,123,COMPLETE
84,-0.0012513711880986673,2025-12-07 02:06:10.312524,2025-12-07 02:06:11.793552,0 days 00:00:01.481028,0.0009090886163814056,166,extensive,166,COMPLETE
85,-0.00290905196848823,2025-12-07 02:06:11.795787,2025-12-07 02:06:13.313610,0 days 00:00:01.517823,0.0004014957925929708,127,extensive,127,COMPLETE
86,-0.0016559721242364045,2025-12-07 02:06:13.314614,2025-12-07 02:06:14.726037,0 days 00:00:01.411423,0.0016648916054394817,116,extensive,116,COMPLETE
87,-0.09717564021469653,2025-12-07 02:06:14.727042,2025-12-07 02:06:16.241688,0 days 00:00:01.514646,0.00018286532475073235,390,extensive,390,COMPLETE
88,-0.00022102999563074674,2025-12-07 02:06:16.241688,2025-12-07 02:06:17.796912,0 days 00:00:01.555224,0.000644139865713973,53,extensive,53,COMPLETE
89,-0.0016559721242364045,2025-12-07 02:06:17.797953,2025-12-07 02:06:19.445433,0 days 00:00:01.647480,0.002208534856699555,483,extensive,483,COMPLETE
90,-0.019248237772611903,2025-12-07 02:06:19.446434,2025-12-07 02:06:21.077516,0 days 00:00:01.631082,0.0002981125439327769,287,extensive,287,COMPLETE
91,0.0002412054000000182,2025-12-07 02:06:21.078784,2025-12-07 02:06:22.580115,0 days 00:00:01.501331,0.0005608678722445409,97,extensive,97,COMPLETE
92,-0.0012836287006915044,2025-12-07 02:06:22.582211,2025-12-07 02:06:24.080427,0 days 00:00:01.498216,0.0009244755921268204,179,extensive,179,COMPLETE
93,-0.0025929512882794845,2025-12-07 02:06:24.081549,2025-12-07 02:06:25.564510,0 days 00:00:01.482961,0.00041437560986184985,89,extensive,89,COMPLETE
94,8.96142723189423e-05,2025-12-07 02:06:25.565515,2025-12-07 02:06:27.078552,0 days 00:00:01.513037,0.0005952907029504683,101,extensive,101,COMPLETE
95,-0.022583860318312943,2025-12-07 02:06:27.079556,2025-12-07 02:06:28.562185,0 days 00:00:01.482629,0.00023856968374722437,131,extensive,131,COMPLETE
96,-0.0016559721242364045,2025-12-07 02:06:28.563284,2025-12-07 02:06:30.078251,0 days 00:00:01.514967,0.0011657605854920336,95,extensive,95,COMPLETE
97,-0.0016559721242364045,2025-12-07 02:06:30.079323,2025-12-07 02:06:31.597531,0 days 00:00:01.518208,0.09376513089390097,59,extensive,59,COMPLETE
98,-0.011687288683760752,2025-12-07 02:06:31.598611,2025-12-07 02:06:33.061539,0 days 00:00:01.462928,0.00031905675042466546,432,extensive,432,COMPLETE
99,-0.0007421441835162949,2025-12-07 02:06:33.064527,2025-12-07 02:06:34.512272,0 days 00:00:01.447745,0.0004645110386766049,30,extensive,30,COMPLETE
100,-0.0007500202817657028,2025-12-07 02:06:34.513276,2025-12-07 02:06:35.995030,0 days 00:00:01.481754,0.0007527269189102151,497,extensive,497,COMPLETE
101,-9.099820476573169e-05,2025-12-07 02:06:35.996169,2025-12-07 02:06:37.445043,0 days 00:00:01.448874,0.0006246729508416095,112,extensive,112,COMPLETE
102,-1.8326129233618243e-05,2025-12-07 02:06:37.446284,2025-12-07 02:06:38.941747,0 days 00:00:01.495463,0.0006152448573868126,102,extensive,102,COMPLETE
103,-0.0009562072908201694,2025-12-07 02:06:38.941747,2025-12-07 02:06:40.446199,0 days 00:00:01.504452,0.0008371956147232097,353,extensive,353,COMPLETE
104,0.0002631644626440351,2025-12-07 02:06:40.447238,2025-12-07 02:06:41.862654,0 days 00:00:01.415416,0.0005301756506655367,78,extensive,78,COMPLETE
105,-0.0016315087093371854,2025-12-07 02:06:41.864471,2025-12-07 02:06:43.329104,0 days 00:00:01.464633,0.0010693755986894255,325,extensive,325,COMPLETE
106,-0.0005552092784526877,2025-12-07 02:06:43.330105,2025-12-07 02:06:44.779114,0 days 00:00:01.449009,0.0004813963520324726,83,extensive,83,COMPLETE
107,-0.06082768903307648,2025-12-07 02:06:44.780126,2025-12-07 02:06:46.345587,0 days 00:00:01.565461,0.00021137460181085247,409,extensive,409,COMPLETE
108,-0.0016559721242364045,2025-12-07 02:06:46.346801,2025-12-07 02:06:47.979158,0 days 00:00:01.632357,0.001478049591459539,467,extensive,467,COMPLETE
109,-0.004026987645228057,2025-12-07 02:06:47.981279,2025-12-07 02:06:49.280240,0 days 00:00:01.298961,0.0003969648418615528,41,extensive,41,COMPLETE
110,-0.08285575386221895,2025-12-07 02:06:49.281108,2025-12-07 02:06:50.697618,0 days 00:00:01.416510,0.00014893713115084225,121,extensive,121,COMPLETE
111,0.00045936872751254726,2025-12-07 02:06:50.698800,2025-12-07 02:06:52.079910,0 days 00:00:01.381110,0.000542912349519744,136,extensive,136,COMPLETE
112,-0.008985922602665175,2025-12-07 02:06:52.080914,2025-12-07 02:06:53.498354,0 days 00:00:01.417440,0.000313155976163075,132,extensive,132,COMPLETE
113,0.00037767966394671354,2025-12-07 02:06:53.499642,2025-12-07 02:06:54.958351,0 days 00:00:01.458709,0.0005262712198677662,149,extensive,149,COMPLETE
114,-0.000741128713544074,2025-12-07 02:06:54.958855,2025-12-07 02:06:56.479294,0 days 00:00:01.520439,0.0007719699530797482,153,extensive,153,COMPLETE
115,-0.0068545601966493175,2025-12-07 02:06:56.481021,2025-12-07 02:06:57.996589,0 days 00:00:01.515568,0.0003426430988314699,211,extensive,211,COMPLETE
116,-0.0016559721242364045,2025-12-07 02:06:57.997668,2025-12-07 02:06:59.432173,0 days 00:00:01.434505,0.0010938362081813501,74,extensive,74,COMPLETE
117,-0.0016559721242364045,2025-12-07 02:06:59.433279,2025-12-07 02:07:00.881625,0 days 00:00:01.448346,2.1669404737809566,139,extensive,139,COMPLETE
118,0.00027513804175294254,2025-12-07 02:07:00.882773,2025-12-07 02:07:02.314803,0 days 00:00:01.432030,0.0005321978218621103,94,extensive,94,COMPLETE
119,-0.15415102268570538,2025-12-07 02:07:02.315951,2025-12-07 02:07:03.729785,0 days 00:00:01.413834,0.00011395097770563628,149,extensive,149,COMPLETE
120,-0.0013740521219907098,2025-12-07 02:07:03.731768,2025-12-07 02:07:05.196486,0 days 00:00:01.464718,0.0004450145811738703,108,extensive,108,COMPLETE
121,0.0003453969809111464,2025-12-07 02:07:05.198559,2025-12-07 02:07:06.680577,0 days 00:00:01.482018,0.0005398505154880315,90,extensive,90,COMPLETE
122,-0.02037303251708722,2025-12-07 02:07:06.682097,2025-12-07 02:07:08.169981,0 days 00:00:01.487884,0.0002342654106549787,85,extensive,85,COMPLETE
123,-0.0007811732509319658,2025-12-07 02:07:08.172090,2025-12-07 02:07:09.676072,0 days 00:00:01.503982,0.0004888655215886226,62,extensive,62,COMPLETE
124,-0.0007669844637594458,2025-12-07 02:07:09.676574,2025-12-07 02:07:11.205620,0 days 00:00:01.529046,0.0007867146420706623,78,extensive,78,COMPLETE
125,-0.005468579730958896,2025-12-07 02:07:11.206620,2025-12-07 02:07:12.649664,0 days 00:00:01.443044,0.00035194251290994466,119,extensive,119,COMPLETE
126,-0.040448063990310056,2025-12-07 02:07:12.651665,2025-12-07 02:07:14.211179,0 days 00:00:01.559514,0.0001856189902761682,93,extensive,93,COMPLETE
127,-0.010573600919559278,2025-12-07 02:07:14.212692,2025-12-07 02:07:15.836588,0 days 00:00:01.623896,0.0002845830979893204,47,extensive,47,COMPLETE
128,-0.0013239942842007135,2025-12-07 02:07:15.837592,2025-12-07 02:07:17.380263,0 days 00:00:01.542671,0.0009431537466293091,180,extensive,180,COMPLETE
129,-0.0016559721242364045,2025-12-07 02:07:17.380263,2025-12-07 02:07:18.789050,0 days 00:00:01.408787,0.0013360647710512297,137,extensive,137,COMPLETE
130,0.0002251589011109297,2025-12-07 02:07:18.790015,2025-12-07 02:07:20.246745,0 days 00:00:01.456730,0.0005837216441948216,108,extensive,108,COMPLETE
131,-0.0002475132670114825,2025-12-07 02:07:20.247253,2025-12-07 02:07:21.673486,0 days 00:00:01.426233,0.0006532313329231609,110,extensive,110,COMPLETE
132,0.0004773038117668789,2025-12-07 02:07:21.675768,2025-12-07 02:07:23.128521,0 days 00:00:01.452753,0.0005401217727349512,119,extensive,119,COMPLETE
133,-0.003530522099270702,2025-12-07 02:07:23.129526,2025-12-07 02:07:24.634357,0 days 00:00:01.504831,0.0003868530520927503,124,extensive,124,COMPLETE
134,0.0001346667925434438,2025-12-07 02:07:24.635281,2025-12-07 02:07:26.083334,0 days 00:00:01.448053,0.0005052849804446205,161,extensive,161,COMPLETE
135,-0.00046978504373595964,2025-12-07 02:07:26.084403,2025-12-07 02:07:27.510335,0 days 00:00:01.425932,0.0007017996596807526,101,extensive,101,COMPLETE
136,-0.00012285007233669987,2025-12-07 02:07:27.511338,2025-12-07 02:07:28.918687,0 days 00:00:01.407349,0.0005016128635253776,89,extensive,89,COMPLETE
137,-0.0013138284015714596,2025-12-07 02:07:28.919691,2025-12-07 02:07:30.371987,0 days 00:00:01.452296,0.0009385070383238321,144,extensive,144,COMPLETE
138,-0.0016559721242364045,2025-12-07 02:07:30.372987,2025-12-07 02:07:31.760670,0 days 00:00:01.387683,0.001830651598445438,60,extensive,60,COMPLETE
139,-0.016472140305558252,2025-12-07 02:07:31.761674,2025-12-07 02:07:33.178388,0 days 00:00:01.416714,0.00026417899297444177,71,extensive,71,COMPLETE
140,0.0003477065551069636,2025-12-07 02:07:33.179392,2025-12-07 02:07:34.588741,0 days 00:00:01.409349,0.0005606623999496776,121,extensive,121,COMPLETE
141,0.0004595038157089171,2025-12-07 02:07:34.588741,2025-12-07 02:07:36.002891,0 days 00:00:01.414150,0.0005363083925159667,116,extensive,116,COMPLETE
142,-0.002963994640869864,2025-12-07 02:07:36.004899,2025-12-07 02:07:37.439501,0 days 00:00:01.434602,0.00040013387236079157,116,extensive,116,COMPLETE
143,-0.0007027314751180865,2025-12-07 02:07:37.440506,2025-12-07 02:07:38.882247,0 days 00:00:01.441741,0.0007397025211323887,129,extensive,129,COMPLETE
144,0.00032100100234141077,2025-12-07 02:07:38.883256,2025-12-07 02:07:40.292241,0 days 00:00:01.408985,0.0005663528648222406,107,extensive,107,COMPLETE
145,-0.0016559721242364045,2025-12-07 02:07:40.294245,2025-12-07 02:07:41.695680,0 days 00:00:01.401435,0.001196338383594085,95,extensive,95,COMPLETE
146,-0.009268887701032033,2025-12-07 02:07:41.699680,2025-12-07 02:07:43.225792,0 days 00:00:01.526112,0.00031065440700859306,80,extensive,80,COMPLETE
147,-0.002157551418601892,2025-12-07 02:07:43.226799,2025-12-07 02:07:44.665768,0 days 00:00:01.438969,0.0004214109056247979,121,extensive,121,COMPLETE
148,0.00044463609999930337,2025-12-07 02:07:44.666773,2025-12-07 02:07:46.104864,0 days 00:00:01.438091,0.0005451502020226757,102,extensive,102,COMPLETE
149,-0.001077275645931704,2025-12-07 02:07:46.105869,2025-12-07 02:07:47.521509,0 days 00:00:01.415640,0.0008658345582750342,133,extensive,133,COMPLETE
150,-0.0005611124981481271,2025-12-07 02:07:47.523056,2025-12-07 02:07:48.969414,0 days 00:00:01.446358,0.0007177516531249088,149,extensive,149,COMPLETE
151,0.0002826361125061183,2025-12-07 02:07:48.970424,2025-12-07 02:07:50.402756,0 days 00:00:01.432332,0.0005161059447213581,102,extensive,102,COMPLETE
152,0.00020835236516703048,2025-12-07 02:07:50.404197,2025-12-07 02:07:51.811181,0 days 00:00:01.406984,0.0005101292199233612,106,extensive,106,COMPLETE
153,-0.006024626248329408,2025-12-07 02:07:51.812384,2025-12-07 02:07:53.214535,0 days 00:00:01.402151,0.0003454385351545096,115,extensive,115,COMPLETE
154,0.00021122923171135177,2025-12-07 02:07:53.215540,2025-12-07 02:07:54.629801,0 days 00:00:01.414261,0.0005695989437606437,87,extensive,87,COMPLETE
155,-0.0023387188661162885,2025-12-07 02:07:54.631801,2025-12-07 02:07:56.037242,0 days 00:00:01.405441,0.0004163115903573523,102,extensive,102,COMPLETE
156,-0.0014488834657234346,2025-12-07 02:07:56.037876,2025-12-07 02:07:57.442759,0 days 00:00:01.404883,0.0009974599698615969,76,extensive,76,COMPLETE
157,-0.00036208724040757517,2025-12-07 02:07:57.443759,2025-12-07 02:07:58.765905,0 days 00:00:01.322146,0.0006802907442973023,124,extensive,124,COMPLETE
158,-0.0016559721242364045,2025-12-07 02:07:58.766903,2025-12-07 02:08:00.197960,0 days 00:00:01.431057,0.460643134852807,137,extensive,137,COMPLETE
159,-0.017811682742285135,2025-12-07 02:08:00.198967,2025-12-07 02:08:01.696435,0 days 00:00:01.497468,0.00024817545773070816,91,extensive,91,COMPLETE
160,-0.0013115450681432754,2025-12-07 02:08:01.697437,2025-12-07 02:08:03.180588,0 days 00:00:01.483151,0.00044702062067690865,114,extensive,114,COMPLETE
161,0.00022362999564318198,2025-12-07 02:08:03.181593,2025-12-07 02:08:04.665393,0 days 00:00:01.483800,0.0005661903517042515,95,extensive,95,COMPLETE
162,-0.0009570316524739978,2025-12-07 02:08:04.667543,2025-12-07 02:08:06.148294,0 days 00:00:01.480751,0.0008373988973379188,68,extensive,68,COMPLETE
163,0.00025143396348081826,2025-12-07 02:08:06.150295,2025-12-07 02:08:07.605214,0 days 00:00:01.454919,0.000579305434188974,104,extensive,104,COMPLETE
164,-0.003805456422161013,2025-12-07 02:08:07.606217,2025-12-07 02:08:09.042219,0 days 00:00:01.436002,0.0003809110909884615,106,extensive,106,COMPLETE
165,1.5417115113399344e-05,2025-12-07 02:08:09.043723,2025-12-07 02:08:10.468595,0 days 00:00:01.424872,0.0006071314620391886,81,extensive,81,COMPLETE
166,-0.008282948395881062,2025-12-07 02:08:10.469598,2025-12-07 02:08:11.898031,0 days 00:00:01.428433,0.0003200928968966188,129,extensive,129,COMPLETE
167,-0.00027929463576374197,2025-12-07 02:08:11.899033,2025-12-07 02:08:13.347956,0 days 00:00:01.448923,0.0004843624258640012,120,extensive,120,COMPLETE
168,-0.0016559721242364045,2025-12-07 02:08:13.348958,2025-12-07 02:08:14.818322,0 days 00:00:01.469364,0.0011241349938084719,168,extensive,168,COMPLETE
169,-0.0007421025281818538,2025-12-07 02:08:14.818322,2025-12-07 02:08:16.281940,0 days 00:00:01.463618,0.0007684903725422669,103,extensive,103,COMPLETE
170,-0.0002568545562591599,2025-12-07 02:08:16.282947,2025-12-07 02:08:17.717290,0 days 00:00:01.434343,0.0006546444252611127,54,extensive,54,COMPLETE
171,-0.0005072738163433751,2025-12-07 02:08:17.718293,2025-12-07 02:08:19.166523,0 days 00:00:01.448230,0.0004834369256872253,99,extensive,99,COMPLETE
172,0.0003350677004923715,2025-12-07 02:08:19.167526,2025-12-07 02:08:20.627458,0 days 00:00:01.459932,0.0005383382866931181,88,extensive,88,COMPLETE
173,-0.003982769469238552,2025-12-07 02:08:20.628458,2025-12-07 02:08:22.046301,0 days 00:00:01.417843,0.00037223778492167945,79,extensive,79,COMPLETE
174,-0.001090202355070809,2025-12-07 02:08:22.046301,2025-12-07 02:08:23.508164,0 days 00:00:01.461863,0.0008687601463218885,89,extensive,89,COMPLETE
175,0.0003487975348847779,2025-12-07 02:08:23.509167,2025-12-07 02:08:24.925265,0 days 00:00:01.416098,0.0005604190872305211,111,extensive,111,COMPLETE
176,-0.010046233291471548,2025-12-07 02:08:24.925265,2025-12-07 02:08:26.350656,0 days 00:00:01.425391,0.0003031595143225498,115,extensive,115,COMPLETE
177,4.698666506249468e-05,2025-12-07 02:08:26.352351,2025-12-07 02:08:27.790587,0 days 00:00:01.438236,0.000607644998232771,143,extensive,143,COMPLETE
178,-0.0016559721242364045,2025-12-07 02:08:27.791587,2025-12-07 02:08:29.218488,0 days 00:00:01.426901,9.67028693748875,110,extensive,110,COMPLETE
179,-0.0018304043144592812,2025-12-07 02:08:29.219491,2025-12-07 02:08:30.639594,0 days 00:00:01.420103,0.0004311781455494232,129,extensive,129,COMPLETE
180,-0.03129578431941493,2025-12-07 02:08:30.640597,2025-12-07 02:08:32.091089,0 days 00:00:01.450492,0.0002109364198464726,155,extensive,155,COMPLETE
181,-0.0004844662651128928,2025-12-07 02:08:32.092076,2025-12-07 02:08:33.498113,0 days 00:00:01.406037,0.0004992728975511147,68,extensive,68,COMPLETE
182,-0.0003477681467245475,2025-12-07 02:08:33.501112,2025-12-07 02:08:34.918156,0 days 00:00:01.417044,0.0006771328150477017,96,extensive,96,COMPLETE
183,0.0002818388074111722,2025-12-07 02:08:34.919156,2025-12-07 02:08:36.361579,0 days 00:00:01.442423,0.0005515895486042938,87,extensive,87,COMPLETE
184,-0.0008230344988052382,2025-12-07 02:08:36.362579,2025-12-07 02:08:37.824158,0 days 00:00:01.461579,0.0008025539230890088,107,extensive,107,COMPLETE
185,0.00030502850341932824,2025-12-07 02:08:37.824158,2025-12-07 02:08:39.261615,0 days 00:00:01.437457,0.0005695189214100472,119,extensive,119,COMPLETE
186,-0.003305878417327176,2025-12-07 02:08:39.263618,2025-12-07 02:08:40.704198,0 days 00:00:01.440580,0.00039194165954080796,122,extensive,122,COMPLETE
187,-0.001413726081275657,2025-12-07 02:08:40.705201,2025-12-07 02:08:42.177771,0 days 00:00:01.472570,0.000982655247548587,136,extensive,136,COMPLETE
188,-0.012847747201232385,2025-12-07 02:08:42.179779,2025-12-07 02:08:43.676180,0 days 00:00:01.496401,0.00027829509539378767,87,extensive,87,COMPLETE
189,-0.000748184255904912,2025-12-07 02:08:43.677182,2025-12-07 02:08:45.147137,0 days 00:00:01.469955,0.0007554428939757752,118,extensive,118,COMPLETE
190,-0.0006162511557064413,2025-12-07 02:08:45.148137,2025-12-07 02:08:46.570104,0 days 00:00:01.421967,0.0004703631064336343,112,extensive,112,COMPLETE
191,0.0001931539056087006,2025-12-07 02:08:46.571609,2025-12-07 02:08:47.978663,0 days 00:00:01.407054,0.0005742556601138045,94,extensive,94,COMPLETE
192,6.924457042930172e-05,2025-12-07 02:08:47.980166,2025-12-07 02:08:49.383403,0 days 00:00:01.403237,0.0005987020949310865,99,extensive,99,COMPLETE
193,-0.005388063170575386,2025-12-07 02:08:49.383910,2025-12-07 02:08:50.792118,0 days 00:00:01.408208,0.0003528968104116912,106,extensive,106,COMPLETE
194,9.020337039300497e-05,2025-12-07 02:08:50.795118,2025-12-07 02:08:52.216902,0 days 00:00:01.421784,0.000502848450625105,127,extensive,127,COMPLETE
195,-0.0016559721242364045,2025-12-07 02:08:52.217901,2025-12-07 02:08:53.634518,0 days 00:00:01.416617,0.03190835756753903,83,extensive,83,COMPLETE
196,-0.0003926987396639288,2025-12-07 02:08:53.635020,2025-12-07 02:08:55.050821,0 days 00:00:01.415801,0.0006867773465993849,74,extensive,74,COMPLETE
197,-0.0020792061621948132,2025-12-07 02:08:55.051858,2025-12-07 02:08:56.462175,0 days 00:00:01.410317,0.00042369360951345647,142,extensive,142,COMPLETE
198,-0.0016559721242364045,2025-12-07 02:08:56.462175,2025-12-07 02:08:57.875107,0 days 00:00:01.412932,0.0014311815215970088,115,extensive,115,COMPLETE
199,-0.0013341476140441195,2025-12-07 02:08:57.875613,2025-12-07 02:08:59.304150,0 days 00:00:01.428537,0.000947757745185542,101,extensive,101,COMPLETE
200,0.00033342622572973823,2025-12-07 02:08:59.305153,2025-12-07 02:09:00.856469,0 days 00:00:01.551316,0.0005637634987548948,127,extensive,127,COMPLETE
201,0.00029651950073972255,2025-12-07 02:09:00.857472,2025-12-07 02:09:02.411810,0 days 00:00:01.554338,0.0005711534440682737,124,extensive,124,COMPLETE
202,-0.0004100007307339393,2025-12-07 02:09:02.412813,2025-12-07 02:09:04.055490,0 days 00:00:01.642677,0.0006903004232948555,130,extensive,130,COMPLETE
203,-0.001760749930583394,2025-12-07 02:09:04.056493,2025-12-07 02:09:05.618321,0 days 00:00:01.561828,0.00043333798150040656,124,extensive,124,COMPLETE
204,0.00036338568160472945,2025-12-07 02:09:05.619324,2025-12-07 02:09:07.135755,0 days 00:00:01.516431,0.0005569493411441368,146,extensive,146,COMPLETE
205,-0.007929934906083328,2025-12-07 02:09:07.136760,2025-12-07 02:09:08.616604,0 days 00:00:01.479844,0.0003252273287954045,156,extensive,156,COMPLETE
206,-0.0008868776656994667,2025-12-07 02:09:08.617608,2025-12-07 02:09:10.058538,0 days 00:00:01.440930,0.0008196335632725862,145,extensive,145,COMPLETE
207,0.0004758759422902603,2025-12-07 02:09:10.059544,2025-12-07 02:09:11.480152,0 days 00:00:01.420608,0.000540344164739958,135,extensive,135,COMPLETE
208,-0.0003365277172917569,2025-12-07 02:09:11.481154,2025-12-07 02:09:12.934423,0 days 00:00:01.453269,0.000674592670521555,132,extensive,132,COMPLETE
209,-0.0016559721242364045,2025-12-07 02:09:12.934423,2025-12-07 02:09:14.408804,0 days 00:00:01.474381,0.008201449991142681,138,extensive,138,COMPLETE
210,-0.0016559721242364045,2025-12-07 02:09:14.409812,2025-12-07 02:09:15.828982,0 days 00:00:01.419170,0.0011395362095919252,150,extensive,150,COMPLETE
211,0.00042788390506764973,2025-12-07 02:09:15.829986,2025-12-07 02:09:17.297543,0 days 00:00:01.467557,0.0005326440587507161,117,extensive,117,COMPLETE
212,0.00042106722212361297,2025-12-07 02:09:17.299544,2025-12-07 02:09:18.810241,0 days 00:00:01.510697,0.0005318852058358716,124,extensive,124,COMPLETE
213,-0.001839538806771716,2025-12-07 02:09:18.811250,2025-12-07 02:09:20.249370,0 days 00:00:01.438120,0.000430898377242612,122,extensive,122,COMPLETE
214,-0.0052990638108524335,2025-12-07 02:09:20.249370,2025-12-07 02:09:21.764541,0 days 00:00:01.515171,0.0003539606116663886,139,extensive,139,COMPLETE
215,0.00023965490094994082,2025-12-07 02:09:21.765546,2025-12-07 02:09:23.260938,0 days 00:00:01.495392,0.0005813121978279935,120,extensive,120,COMPLETE
216,-0.0007574039841654242,2025-12-07 02:09:23.261943,2025-12-07 02:09:24.743575,0 days 00:00:01.481632,0.0007839181149011928,134,extensive,134,COMPLETE
217,-0.0009733894091522218,2025-12-07 02:09:24.744579,2025-12-07 02:09:26.246988,0 days 00:00:01.502409,0.0004567114781113543,230,extensive,230,COMPLETE
218,-0.00039802422230002704,2025-12-07 02:09:26.246988,2025-12-07 02:09:27.731942,0 days 00:00:01.484954,0.0006878721108152869,112,extensive,112,COMPLETE
219,0.00027169465977927576,2025-12-07 02:09:27.732945,2025-12-07 02:09:29.282840,0 days 00:00:01.549895,0.0005151151009947552,161,extensive,161,COMPLETE
220,-0.004047196416273491,2025-12-07 02:09:29.283844,2025-12-07 02:09:30.673780,0 days 00:00:01.389936,0.00037580961453288135,125,extensive,125,COMPLETE
221,0.0003636201682268118,2025-12-07 02:09:30.674878,2025-12-07 02:09:32.167164,0 days 00:00:01.492286,0.0005568918169706973,116,extensive,116,COMPLETE
222,0.00019290696626953854,2025-12-07 02:09:32.168168,2025-12-07 02:09:33.665229,0 days 00:00:01.497061,0.0005885018882349833,112,extensive,112,COMPLETE
223,-0.0016559721242364045,2025-12-07 02:09:33.666229,2025-12-07 02:09:35.146617,0 days 00:00:01.480388,0.07899893296889243,129,extensive,129,COMPLETE
224,-0.0012108098943297192,2025-12-07 02:09:35.147619,2025-12-07 02:09:36.497239,0 days 00:00:01.349620,0.00045014003399699686,149,extensive,149,COMPLETE
225,-0.0012319774052085286,2025-12-07 02:09:36.498239,2025-12-07 02:09:38.006361,0 days 00:00:01.508122,0.0008996246363861047,114,extensive,114,COMPLETE
226,-0.000306267424920903,2025-12-07 02:09:38.007364,2025-12-07 02:09:39.463361,0 days 00:00:01.455997,0.0006674551711628534,121,extensive,121,COMPLETE
227,0.00038528995558147666,2025-12-07 02:09:39.464366,2025-12-07 02:09:40.881962,0 days 00:00:01.417596,0.0005272269714181932,137,extensive,137,COMPLETE
228,-0.023432988470959575,2025-12-07 02:09:40.882967,2025-12-07 02:09:42.380971,0 days 00:00:01.498004,0.00028450751760376603,271,extensive,271,COMPLETE
229,-0.0030570047818649915,2025-12-07 02:09:42.381975,2025-12-07 02:09:43.882037,0 days 00:00:01.500062,0.00039786207361268145,138,extensive,138,COMPLETE
230,-0.0007498111226965642,2025-12-07 02:09:43.883036,2025-12-07 02:09:45.387488,0 days 00:00:01.504452,0.0007530222378685685,130,extensive,130,COMPLETE
231,0.00048130407344959547,2025-12-07 02:09:45.388491,2025-12-07 02:09:46.816217,0 days 00:00:01.427726,0.0005394980832170571,107,extensive,107,COMPLETE
232,0.0003491171331685046,2025-12-07 02:09:46.816217,2025-12-07 02:09:48.292728,0 days 00:00:01.476511,0.0005603455573924892,119,extensive,119,COMPLETE
233,0.0004044889988910801,2025-12-07 02:09:48.293727,2025-12-07 02:09:49.783955,0 days 00:00:01.490228,0.000529773056071781,175,extensive,175,COMPLETE
234,-0.0009682913681696714,2025-12-07 02:09:49.784956,2025-12-07 02:09:51.232170,0 days 00:00:01.447214,0.00045785071680383714,151,extensive,151,COMPLETE
235,0.0004622547247461843,2025-12-07 02:09:51.233173,2025-12-07 02:09:52.753575,0 days 00:00:01.520402,0.000536648117703224,182,extensive,182,COMPLETE
236,-0.005727239803809773,2025-12-07 02:09:52.754578,2025-12-07 02:09:54.263880,0 days 00:00:01.509302,0.0003547327618726563,212,extensive,212,COMPLETE
237,-0.00043882732948245334,2025-12-07 02:09:54.264388,2025-12-07 02:09:55.737378,0 days 00:00:01.472990,0.00047736250204188024,144,extensive,144,COMPLETE
238,-0.00056315917731146,2025-12-07 02:09:55.738382,2025-12-07 02:09:57.197770,0 days 00:00:01.459388,0.0007180906534418443,178,extensive,178,COMPLETE
239,3.358737290152606e-05,2025-12-07 02:09:57.198774,2025-12-07 02:09:58.661988,0 days 00:00:01.463214,0.0006092362807064088,171,extensive,171,COMPLETE
240,-0.0010547778770283827,2025-12-07 02:09:58.662993,2025-12-07 02:10:00.106151,0 days 00:00:01.443158,0.0008606858756607607,161,extensive,161,COMPLETE
241,0.00044231110644728694,2025-12-07 02:10:00.108150,2025-12-07 02:10:01.542283,0 days 00:00:01.434133,0.0005342681262310905,202,extensive,202,COMPLETE
242,-0.00016703837058903068,2025-12-07 02:10:01.543340,2025-12-07 02:10:03.006251,0 days 00:00:01.462911,0.0004896978372503125,193,extensive,193,COMPLETE
243,-0.0033615800750038303,2025-12-07 02:10:03.008255,2025-12-07 02:10:04.473666,0 days 00:00:01.465411,0.0004011582081761823,220,extensive,220,COMPLETE
244,-7.016834063444666e-05,2025-12-07 02:10:04.474670,2025-12-07 02:10:05.927012,0 days 00:00:01.452342,0.0006213867428523737,172,extensive,172,COMPLETE
245,0.00021965308734898473,2025-12-07 02:10:05.927012,2025-12-07 02:10:07.359848,0 days 00:00:01.432836,0.0005109837575721749,191,extensive,191,COMPLETE
246,-0.0016559721242364045,2025-12-07 02:10:07.360858,2025-12-07 02:10:08.786218,0 days 00:00:01.425360,0.014157474636817312,185,extensive,185,COMPLETE
247,-0.008102322367351977,2025-12-07 02:10:08.786218,2025-12-07 02:10:10.224897,0 days 00:00:01.438679,0.00033020005628301173,200,extensive,200,COMPLETE
248,-0.0005173760906902469,2025-12-07 02:10:10.226406,2025-12-07 02:10:11.689966,0 days 00:00:01.463560,0.0007072685368582811,249,extensive,249,COMPLETE
249,-0.0016559721242364045,2025-12-07 02:10:11.690965,2025-12-07 02:10:13.102052,0 days 00:00:01.411087,0.2079416105272174,110,extensive,110,COMPLETE
250,-0.0009142799960827711,2025-12-07 02:10:13.105656,2025-12-07 02:10:14.556540,0 days 00:00:01.450884,0.000459678226849643,137,extensive,137,COMPLETE
251,-0.00010208042790064524,2025-12-07 02:10:14.557713,2025-12-07 02:10:16.017562,0 days 00:00:01.459849,0.0006263856202390915,164,extensive,164,COMPLETE
252,-0.0011098622772574747,2025-12-07 02:10:16.018563,2025-12-07 02:10:17.609724,0 days 00:00:01.591161,0.0008731653548273553,107,extensive,107,COMPLETE
253,-0.0034390956424254306,2025-12-07 02:10:17.610730,2025-12-07 02:10:19.106600,0 days 00:00:01.495870,0.00039539819260878557,199,extensive,199,COMPLETE
254,0.00045879269833433894,2025-12-07 02:10:19.106600,2025-12-07 02:10:20.619449,0 days 00:00:01.512849,0.0005362214578572972,131,extensive,131,COMPLETE
255,0.0004422129051427544,2025-12-07 02:10:20.620454,2025-12-07 02:10:22.110384,0 days 00:00:01.489930,0.0005342568204055973,144,extensive,144,COMPLETE
256,0.00048191066865147886,2025-12-07 02:10:22.111381,2025-12-07 02:10:23.573742,0 days 00:00:01.462361,0.0005394030249454191,152,extensive,152,COMPLETE
257,-0.0016559721242364045,2025-12-07 02:10:23.574748,2025-12-07 02:10:25.041756,0 days 00:00:01.467008,1.1704234008187284,143,extensive,143,COMPLETE
258,0.00028443105551959985,2025-12-07 02:10:25.042760,2025-12-07 02:10:26.473212,0 days 00:00:01.430452,0.0005162754922451634,153,extensive,153,COMPLETE
259,-0.009335689400715016,2025-12-07 02:10:26.474217,2025-12-07 02:10:27.891509,0 days 00:00:01.417292,0.00031154692036598135,153,extensive,153,COMPLETE
260,-0.00014010101257233565,2025-12-07 02:10:27.892509,2025-12-07 02:10:29.309940,0 days 00:00:01.417431,0.0006332572926485918,137,extensive,137,COMPLETE
261,-0.0028215003163838404,2025-12-07 02:10:29.310947,2025-12-07 02:10:30.769807,0 days 00:00:01.458860,0.00040369810638402634,146,extensive,146,COMPLETE
262,-0.001545393407416255,2025-12-07 02:10:30.770811,2025-12-07 02:10:32.195892,0 days 00:00:01.425081,0.0010364246320964856,171,extensive,171,COMPLETE
263,-0.0006503132058676883,2025-12-07 02:10:32.196889,2025-12-07 02:10:33.680096,0 days 00:00:01.483207,0.0007319055774816871,160,extensive,160,COMPLETE
264,-0.00035693225644783944,2025-12-07 02:10:33.681601,2025-12-07 02:10:35.169126,0 days 00:00:01.487525,0.00048087322711849387,131,extensive,131,COMPLETE
265,-0.0008285643835098296,2025-12-07 02:10:35.170109,2025-12-07 02:10:36.602226,0 days 00:00:01.432117,0.0008040715568815584,131,extensive,131,COMPLETE
266,0.00040923626081664405,2025-12-07 02:10:36.603736,2025-12-07 02:10:38.051696,0 days 00:00:01.447960,0.0005503057054605972,118,extensive,118,COMPLETE
267,-0.0026216622958287936,2025-12-07 02:10:38.052692,2025-12-07 02:10:39.515448,0 days 00:00:01.462756,0.0004087849815104457,182,extensive,182,COMPLETE
268,-0.013941712773216505,2025-12-07 02:10:39.516712,2025-12-07 02:10:40.927908,0 days 00:00:01.411196,0.00027436907887478003,120,extensive,120,COMPLETE
269,0.0002842651580356644,2025-12-07 02:10:40.927908,2025-12-07 02:10:42.436859,0 days 00:00:01.508951,0.0005734498993642986,142,extensive,142,COMPLETE
270,-0.0043348158579152125,2025-12-07 02:10:42.437869,2025-12-07 02:10:43.898649,0 days 00:00:01.460780,0.00036995450530058065,127,extensive,127,COMPLETE
271,-0.0006010472806342962,2025-12-07 02:10:43.899647,2025-12-07 02:10:45.371497,0 days 00:00:01.471850,0.0007242395716244357,156,extensive,156,COMPLETE
272,-1.7815082829386597e-05,2025-12-07 02:10:45.371497,2025-12-07 02:10:46.837052,0 days 00:00:01.465555,0.0004972973581957956,136,extensive,136,COMPLETE
273,6.855580703442794e-05,2025-12-07 02:10:46.839071,2025-12-07 02:10:48.344921,0 days 00:00:01.505850,0.0006050461711630987,117,extensive,117,COMPLETE
274,-0.0015571704464879914,2025-12-07 02:10:48.345919,2025-12-07 02:10:49.772928,0 days 00:00:01.427009,0.0010410257626767702,149,extensive,149,COMPLETE
275,-0.0016559721242364045,2025-12-07 02:10:49.776076,2025-12-07 02:10:51.100018,0 days 00:00:01.323942,0.004913508880674945,166,extensive,166,COMPLETE
276,-0.0015786340642807521,2025-12-07 02:10:51.101017,2025-12-07 02:10:52.568021,0 days 00:00:01.467004,0.0004387189719613198,121,extensive,121,COMPLETE
277,-0.008565284162616371,2025-12-07 02:10:52.569027,2025-12-07 02:10:53.983194,0 days 00:00:01.414167,0.00031708990943537396,131,extensive,131,COMPLETE
278,-0.0008379878308173438,2025-12-07 02:10:53.984202,2025-12-07 02:10:55.390552,0 days 00:00:01.406350,0.0008066403078462027,146,extensive,146,COMPLETE
279,0.0004456010691558099,2025-12-07 02:10:55.391559,2025-12-07 02:10:56.808066,0 days 00:00:01.416507,0.000534649070121847,111,extensive,111,COMPLETE
280,-0.0012999958506414444,2025-12-07 02:10:56.809072,2025-12-07 02:10:58.242910,0 days 00:00:01.433838,0.0004546782803330914,98,extensive,98,COMPLETE
281,-0.0216010572651939,2025-12-07 02:10:58.242910,2025-12-07 02:10:59.836467,0 days 00:00:01.593557,0.000233943809034682,109,extensive,109,COMPLETE
282,-0.00031504205439662297,2025-12-07 02:10:59.837475,2025-12-07 02:11:01.477550,0 days 00:00:01.640075,0.0006695729044627176,111,extensive,111,COMPLETE
283,-0.003532738814864822,2025-12-07 02:11:01.478554,2025-12-07 02:11:02.975072,0 days 00:00:01.496518,0.00038680402163039076,174,extensive,174,COMPLETE
284,0.00041029177073189277,2025-12-07 02:11:02.976073,2025-12-07 02:11:04.502778,0 days 00:00:01.526705,0.0005501561378500019,118,extensive,118,COMPLETE
285,-0.0012717740827989192,2025-12-07 02:11:04.502778,2025-12-07 02:11:06.034208,0 days 00:00:01.531430,0.0009188705564691154,120,extensive,120,COMPLETE
286,-0.0004781251267190756,2025-12-07 02:11:06.035211,2025-12-07 02:11:07.633002,0 days 00:00:01.597791,0.0007033303076019193,137,extensive,137,COMPLETE
287,-0.006246650961809652,2025-12-07 02:11:07.634002,2025-12-07 02:11:09.188301,0 days 00:00:01.554299,0.000342901573257744,115,extensive,115,COMPLETE
288,0.0003105259273830467,2025-12-07 02:11:09.189672,2025-12-07 02:11:10.713619,0 days 00:00:01.523947,0.0005188211483108219,103,extensive,103,COMPLETE
289,4.4341429286739085e-05,2025-12-07 02:11:10.715327,2025-12-07 02:11:12.332118,0 days 00:00:01.616791,0.0006079605219463952,128,extensive,128,COMPLETE
290,-0.00143070122690984,2025-12-07 02:11:12.332118,2025-12-07 02:11:13.836792,0 days 00:00:01.504674,0.00044323146892698935,143,extensive,143,COMPLETE
291,-0.0010282821793650883,2025-12-07 02:11:13.837791,2025-12-07 02:11:15.310410,0 days 00:00:01.472619,0.000854525734767799,158,extensive,158,COMPLETE
292,-0.0016559721242364045,2025-12-07 02:11:15.312413,2025-12-07 02:11:16.731456,0 days 00:00:01.419043,0.0012631359154650949,119,extensive,119,COMPLETE
293,0.00023158918962022193,2025-12-07 02:11:16.732962,2025-12-07 02:11:18.251726,0 days 00:00:01.518764,0.0005119018318573249,131,extensive,131,COMPLETE
294,-0.007461231525472141,2025-12-07 02:11:18.251726,2025-12-07 02:11:19.713500,0 days 00:00:01.461774,0.00032895885260494646,110,extensive,110,COMPLETE
295,-0.00022561279909316667,2025-12-07 02:11:19.714505,2025-12-07 02:11:21.268854,0 days 00:00:01.554349,0.0006493392355311805,103,extensive,103,COMPLETE
296,-0.00246558221331894,2025-12-07 02:11:21.269859,2025-12-07 02:11:22.796893,0 days 00:00:01.527034,0.0004128757369852877,122,extensive,122,COMPLETE
297,-0.0007208830209014158,2025-12-07 02:11:22.797893,2025-12-07 02:11:24.291621,0 days 00:00:01.493728,0.0007423245810630109,136,extensive,136,COMPLETE
298,-0.016083570790028645,2025-12-07 02:11:24.292624,2025-12-07 02:11:25.766501,0 days 00:00:01.473877,0.0002696722705456814,185,extensive,185,COMPLETE
299,0.00042597274485959663,2025-12-07 02:11:25.767501,2025-12-07 02:11:27.228796,0 days 00:00:01.461295,0.0005324345089208561,147,extensive,147,COMPLETE
