number,value,datetime_start,datetime_complete,duration,params_lgbm_colsample_bytree,params_lgbm_learning_rate,params_lgbm_max_depth,params_lgbm_min_child_samples,params_lgbm_n_estimators,params_lgbm_num_leaves,params_lgbm_reg_alpha,params_lgbm_reg_lambda,params_lgbm_subsample,params_selector__k,user_attrs_feature_level,user_attrs_top_k_features,state
0,-0.0016559720935109083,2025-12-07 02:19:24.018612,2025-12-07 02:19:27.830397,0 days 00:00:03.811785,0.5779972601681014,0.044803926826840625,12,64,420,88,4.330880728874676,2.416482602989751,0.5780093202212182,355,extensive,355,COMPLETE
1,-0.0016559720935109083,2025-12-07 02:19:27.831396,2025-12-07 02:19:31.089744,0 days 00:00:03.258348,0.5917022549267169,0.060534484680010825,12,29,1356,65,2.6237821581611893,0.9860942908083906,0.5909124836035503,146,extensive,146,COMPLETE
2,-0.0016559720935109083,2025-12-07 02:19:31.090748,2025-12-07 02:19:34.006684,0 days 00:00:02.915936,0.8925879806965068,0.011996621453406362,4,43,958,103,2.571172192068058,2.3076168040117313,0.728034992108518,24,extensive,24,COMPLETE
3,-0.012996496055266427,2025-12-07 02:19:34.007682,2025-12-07 02:19:38.399873,0 days 00:00:04.392191,0.9041986740582306,0.0060758085133366885,4,96,1357,103,0.48836057003191935,3.753537145233125,0.9828160165372797,221,extensive,221,COMPLETE
4,-0.0016559720935109083,2025-12-07 02:19:38.400873,2025-12-07 02:19:41.491722,0 days 00:00:03.090849,0.831261142176991,0.005542561258655853,7,92,1384,71,2.600340105889054,1.811326544803338,0.6293899908000085,93,extensive,93,COMPLETE
5,-0.001701094820123113,2025-12-07 02:19:41.492722,2025-12-07 02:19:44.072493,0 days 00:00:02.579771,0.9609371175115584,0.08342309693146736,10,91,536,127,0.979914312095726,0.12707770074499689,0.7989499894055425,163,extensive,163,COMPLETE
6,-0.0016559720935109083,2025-12-07 02:19:44.074499,2025-12-07 02:19:46.246616,0 days 00:00:02.172117,0.7713480415791243,0.05986629236379361,5,42,735,89,4.010984903770199,0.14843737558790304,0.6404672548436904,494,extensive,494,COMPLETE
7,-0.024886400350695632,2025-12-07 02:19:46.247616,2025-12-07 02:19:49.289212,0 days 00:00:03.041596,0.8645035840204937,0.0050834018700114374,4,84,3131,114,0.3702232586704518,0.6680983417211186,0.8534286719238086,58,extensive,58,COMPLETE
8,-0.0016559720935109083,2025-12-07 02:19:49.290216,2025-12-07 02:19:51.978653,0 days 00:00:02.688437,0.6625916610133735,0.013473432786208842,9,15,2973,120,3.1877873567760657,11.00279783199859,0.6554911608578311,237,extensive,237,COMPLETE
9,-0.0016559720935109083,2025-12-07 02:19:51.980163,2025-12-07 02:19:53.834600,0 days 00:00:01.854437,0.7468977981821954,0.04883983328839159,10,61,2186,71,2.137705091792748,0.11441689901040722,0.8854835899772805,54,extensive,54,COMPLETE
10,-0.0016559720935109083,2025-12-07 02:19:53.836607,2025-12-07 02:19:57.282813,0 days 00:00:03.446206,0.5193625999805915,0.029488577315088194,12,68,3848,84,4.880699499289976,15.100373251274021,0.5076838686640521,370,extensive,370,COMPLETE
11,-0.0016559720935109083,2025-12-07 02:19:57.283821,2025-12-07 02:19:59.040380,0 days 00:00:01.756559,0.5472666635128242,0.03288419832556901,12,15,226,64,4.970201868150516,0.5296727963138952,0.5168163024120214,363,extensive,363,COMPLETE
12,-0.0016559720935109083,2025-12-07 02:19:59.041389,2025-12-07 02:20:01.560331,0 days 00:00:02.518942,0.609303657185796,0.09846956706550422,12,34,1949,83,3.711737673685114,0.6625563338858239,0.573934948755293,338,extensive,338,COMPLETE
13,-0.0016559720935109083,2025-12-07 02:20:01.561335,2025-12-07 02:20:04.306156,0 days 00:00:02.744821,0.6511020710303068,0.04666293894010466,8,73,1457,76,1.6585907103179687,5.559263683495038,0.7052548278984161,447,extensive,447,COMPLETE
14,-0.0016559720935109083,2025-12-07 02:20:04.307150,2025-12-07 02:20:06.125339,0 days 00:00:01.818189,0.5785932138359383,0.019833400102206335,11,52,249,96,3.9732268205604444,0.9863830920479993,0.559834872154931,146,extensive,146,COMPLETE
15,-0.0016559720935109083,2025-12-07 02:20:06.126385,2025-12-07 02:20:08.555716,0 days 00:00:02.429331,0.6966713259977332,0.06707300933147195,7,27,2042,93,3.3663589538233,0.38627265695119706,0.5813833144057525,289,extensive,289,COMPLETE
16,-0.0016559720935109083,2025-12-07 02:20:08.556716,2025-12-07 02:20:10.407814,0 days 00:00:01.851098,0.511847705752916,0.03682585715727364,10,57,967,64,1.9483226210357247,4.450427631644385,0.6818008844279342,161,extensive,161,COMPLETE
17,-0.0016559720935109083,2025-12-07 02:20:10.409319,2025-12-07 02:20:12.660697,0 days 00:00:02.251378,0.6123467940735869,0.019328032076393976,11,23,1628,80,4.47802461852368,0.2560776809869462,0.7752847229001597,296,extensive,296,COMPLETE
18,-0.0015540236996034462,2025-12-07 02:20:12.660697,2025-12-07 02:20:15.914355,0 days 00:00:03.253658,0.7201273557961427,0.026031579901507326,8,76,2406,104,1.207917130883944,1.3570721616839772,0.6091330191487017,431,extensive,431,COMPLETE
19,-0.0016879223229284701,2025-12-07 02:20:15.916361,2025-12-07 02:20:19.861172,0 days 00:00:03.944811,0.7225162029677038,0.013326315863783744,6,77,2649,105,1.2034707908980098,2.8291558022432195,0.6105004095182173,435,extensive,435,COMPLETE
20,-0.14330371933560695,2025-12-07 02:20:19.862177,2025-12-07 02:20:32.824482,0 days 00:00:12.962305,0.8108166063095041,0.023605527314014923,8,64,2496,111,0.08417801423658267,1.4013430560436444,0.5425113679869669,426,extensive,426,COMPLETE
21,-0.0016559720935109083,2025-12-07 02:20:32.825486,2025-12-07 02:20:36.779722,0 days 00:00:03.954236,0.6599732671349234,0.04088680183951777,11,50,3478,90,3.0793830215868208,1.1725863321255532,0.5986691241176779,387,extensive,387,COMPLETE
22,-0.001798366597213293,2025-12-07 02:20:36.780728,2025-12-07 02:20:39.853485,0 days 00:00:03.072757,0.5770570987170855,0.05684399079968932,9,82,1776,99,1.3271750135604417,8.072347584346828,0.6700188345463167,497,extensive,497,COMPLETE
23,-0.0016559720935109083,2025-12-07 02:20:39.854484,2025-12-07 02:20:42.750423,0 days 00:00:02.895939,0.5974027371364075,0.026511838535776183,3,70,2507,112,2.235127000842062,1.8941126885102668,0.531866196903666,308,extensive,308,COMPLETE
24,-0.005899596288092039,2025-12-07 02:20:42.752419,2025-12-07 02:20:44.968379,0 days 00:00:02.215960,0.6870081785315927,0.07497469248268379,9,44,1066,72,0.7783622114006487,0.864580909847836,0.6134436465725459,400,extensive,400,COMPLETE
25,-0.0016559720935109083,2025-12-07 02:20:44.969389,2025-12-07 02:20:46.912543,0 days 00:00:01.943154,0.6296780913561227,0.044619507015858054,11,32,615,87,1.7168212266693592,2.785876665087952,0.730847561732929,206,extensive,206,COMPLETE
26,-0.0016559720935109083,2025-12-07 02:20:46.913650,2025-12-07 02:20:49.193650,0 days 00:00:02.280000,0.5429390946150754,0.016698990413621297,12,81,2903,77,3.0307011848758743,0.32548261779795246,0.5006225393284622,113,extensive,113,COMPLETE
27,-0.0016559720935109083,2025-12-07 02:20:49.194657,2025-12-07 02:20:52.012007,0 days 00:00:02.817350,0.7523268455889267,0.00849809293171998,6,62,2245,99,2.773922714091569,1.2410080319258276,0.5718847466539504,268,extensive,268,COMPLETE
28,-0.0016559720935109083,2025-12-07 02:20:52.013009,2025-12-07 02:20:54.529055,0 days 00:00:02.516046,0.7949866834933749,0.031660492958997574,10,100,1173,108,4.35018788020834,7.426895507653528,0.6494765150306268,338,extensive,338,COMPLETE
29,-0.0016559720935109083,2025-12-07 02:20:54.530062,2025-12-07 02:20:57.681243,0 days 00:00:03.151181,0.5592820864601283,0.05558558636173503,11,42,1680,119,3.642573464455381,2.1731602677515873,0.7013804755099171,470,extensive,470,COMPLETE
30,-0.0016559720935109083,2025-12-07 02:20:57.683249,2025-12-07 02:20:59.546107,0 days 00:00:01.862858,0.5027292876886567,0.03602060931208424,6,48,817,98,2.4244866462771038,3.409326301384133,0.7552592851571649,21,extensive,21,COMPLETE
31,-0.0016559720935109083,2025-12-07 02:20:59.547106,2025-12-07 02:21:01.515063,0 days 00:00:01.967957,0.9303037842964204,0.007700249100644129,3,37,436,103,2.7557396026400314,1.880985872705129,0.9924055697102568,197,extensive,197,COMPLETE
32,-0.0016559720935109083,2025-12-07 02:21:01.516064,2025-12-07 02:21:03.284734,0 days 00:00:01.768670,0.8451045430933406,0.01170266948043778,4,21,1262,106,1.706119708298533,4.19633024193403,0.8213881075058282,2,extensive,2,COMPLETE
33,-0.0016559720935109083,2025-12-07 02:21:03.286736,2025-12-07 02:21:05.266738,0 days 00:00:01.980002,0.9808681070675658,0.024654559762926177,5,88,869,103,2.4713266565961476,2.5819888561242976,0.9443096783813314,114,extensive,114,COMPLETE
34,-0.008370620688453548,2025-12-07 02:21:05.266738,2025-12-07 02:21:07.710881,0 days 00:00:02.444143,0.9253455407697825,0.009088543189555041,7,57,1436,94,0.642172125113806,1.6441710612878973,0.6206471153180871,57,extensive,57,COMPLETE
35,-0.001415750380590275,2025-12-07 02:21:07.711420,2025-12-07 02:21:09.601772,0 days 00:00:01.890352,0.880756309721835,0.0069263515950771844,5,37,521,118,1.3033178290456129,0.9193384428864869,0.5487699206821544,86,extensive,86,COMPLETE
36,-0.0009388350734534182,2025-12-07 02:21:09.602772,2025-12-07 02:21:11.457821,0 days 00:00:01.855049,0.8817517161332135,0.08481314136612901,5,28,443,127,1.1977241229729623,0.6998572711012381,0.545697598126929,89,extensive,89,COMPLETE
37,-0.001005327461621075,2025-12-07 02:21:11.458828,2025-12-07 02:21:13.321771,0 days 00:00:01.862943,0.8726078929261007,0.09923781306765046,5,10,442,126,1.2318494836817964,0.7121837084916826,0.5411371072670893,91,extensive,91,COMPLETE
38,-0.0013812660958683054,2025-12-07 02:21:13.323776,2025-12-07 02:21:15.319857,0 days 00:00:01.996081,0.8646788367553955,0.09092165173750687,5,11,630,127,1.2819839675685225,0.21130834128637632,0.544342710511336,82,extensive,82,COMPLETE
39,-0.0016559720935109083,2025-12-07 02:21:15.321360,2025-12-07 02:21:17.235250,0 days 00:00:01.913890,0.8782859848946553,0.09888514600697054,5,10,647,128,1.513119908506296,0.21270128685718567,0.5449418378284688,91,extensive,91,COMPLETE
40,-0.00042564927010694625,2025-12-07 02:21:17.235250,2025-12-07 02:21:19.405149,0 days 00:00:02.169899,0.9163158331075091,0.08031211572121975,5,10,422,123,1.01688950311422,0.4677239398257403,0.5290307111828817,85,extensive,85,COMPLETE
41,-0.000577119401862225,2025-12-07 02:21:19.406148,2025-12-07 02:21:21.461908,0 days 00:00:02.055760,0.9043854616426825,0.0820110084596413,5,10,405,123,0.9119832459999784,0.44096046408778344,0.5315062084771387,82,extensive,82,COMPLETE
42,-0.001660763245919165,2025-12-07 02:21:21.463911,2025-12-07 02:21:23.449601,0 days 00:00:01.985690,0.913371977533779,0.08573849365974875,4,10,364,124,0.9617246621843906,0.4416470075429207,0.5259409491727434,139,extensive,139,COMPLETE
43,-0.02569772969567415,2025-12-07 02:21:23.450601,2025-12-07 02:21:25.466270,0 days 00:00:02.015669,0.9506403136559338,0.07501938484239729,6,16,739,124,0.40331710289263345,0.19010700978834177,0.5031028031195932,35,extensive,35,COMPLETE
44,-0.000763777800638743,2025-12-07 02:21:25.467274,2025-12-07 02:21:27.374058,0 days 00:00:01.906784,0.9994632583633389,0.08466139445816029,5,18,219,123,0.9726338185712915,0.6240845236771758,0.5874122076962677,76,extensive,76,COMPLETE
45,-0.2522593611032376,2025-12-07 02:21:27.375062,2025-12-07 02:21:29.864015,0 days 00:00:02.488953,0.9955796597899239,0.06865064001133617,4,19,358,123,0.01875023206704851,0.5891614722054808,0.5911167852341151,184,extensive,184,COMPLETE
46,-0.0003261860722115391,2025-12-07 02:21:29.865520,2025-12-07 02:21:31.798946,0 days 00:00:01.933426,0.9564753571414405,0.07915680381215139,6,25,217,117,0.8322186343790845,0.7615116066977257,0.5590929477095643,114,extensive,114,COMPLETE
47,-0.0017623860073877617,2025-12-07 02:21:31.799945,2025-12-07 02:21:33.716530,0 days 00:00:01.916585,0.9568084167113375,0.07821249700509081,6,25,277,115,0.857807392810911,0.31672864007473234,0.5666424099684811,123,extensive,123,COMPLETE
48,-0.006148384022298596,2025-12-07 02:21:33.716530,2025-12-07 02:21:35.686982,0 days 00:00:01.970452,0.8993686827648072,0.05317320511785511,4,30,1028,121,0.6794343412521215,0.5114325893944319,0.5240375870395001,65,extensive,65,COMPLETE
49,-0.07830452347330907,2025-12-07 02:21:35.688985,2025-12-07 02:21:37.608153,0 days 00:00:01.919168,0.9379162269762534,0.067148845800007,7,18,203,116,0.30592341160409553,0.7599481370832901,0.6337798955224937,39,extensive,39,COMPLETE
50,-0.0018197320233341863,2025-12-07 02:21:37.609153,2025-12-07 02:21:39.523210,0 days 00:00:01.914057,0.9866478648915809,0.06220431362012118,5,27,461,122,1.0206261158968202,0.46284611069693576,0.5848648371210169,168,extensive,168,COMPLETE
51,-0.005148330127724347,2025-12-07 02:21:39.524214,2025-12-07 02:21:41.411992,0 days 00:00:01.887778,0.9624668189783285,0.08611655016093961,5,14,485,125,0.5388671664943123,0.6745249927971978,0.5637684539497506,104,extensive,104,COMPLETE
52,-0.0004534087794172785,2025-12-07 02:21:41.412996,2025-12-07 02:21:43.242154,0 days 00:00:01.829158,0.8362797128625074,0.09345179917625368,6,22,842,117,1.0136879568982438,0.3651991401019321,0.5207025993063903,74,extensive,74,COMPLETE
53,-0.0013402913405515433,2025-12-07 02:21:43.242154,2025-12-07 02:21:45.247634,0 days 00:00:02.005480,0.8379895904057042,0.07695403218589722,6,23,806,117,1.0553959236062334,0.3473171236406931,0.522104160935984,134,extensive,134,COMPLETE
54,-0.08983169088335015,2025-12-07 02:21:45.248641,2025-12-07 02:21:47.320001,0 days 00:00:02.071360,0.9136821113544852,0.06407582297740232,7,14,607,120,0.23798443300387018,0.4121702521482126,0.5604645979123752,61,extensive,61,COMPLETE
55,-0.0016559720935109083,2025-12-07 02:21:47.321512,2025-12-07 02:21:48.972051,0 days 00:00:01.650539,0.9719038655507289,0.09063846463307286,6,20,200,112,1.9066332783414635,0.2663121036729986,0.5004186366092125,2,extensive,2,COMPLETE
56,-0.0016559720935109083,2025-12-07 02:21:48.973054,2025-12-07 02:21:50.779500,0 days 00:00:01.806446,0.8944125700767395,0.07220536514396414,5,24,352,109,1.5000169658867148,0.551616825414434,0.587299462903327,74,extensive,74,COMPLETE
57,-0.0023922647193699667,2025-12-07 02:21:50.781509,2025-12-07 02:21:52.707441,0 days 00:00:01.925932,0.8159460678505578,0.05170654586972395,3,17,914,128,0.8105890960312608,0.1454834183609155,0.5227896486602732,41,extensive,41,COMPLETE
58,-0.002204142621884323,2025-12-07 02:21:52.709442,2025-12-07 02:21:54.526941,0 days 00:00:01.817499,0.8486261215054209,0.08137100306895621,4,27,712,121,0.5120358294446617,0.27355593423808433,0.5989423937378495,22,extensive,22,COMPLETE
59,-0.0016559720935109083,2025-12-07 02:21:54.528945,2025-12-07 02:21:56.605976,0 days 00:00:02.077031,0.942124040815587,0.05792984260733222,6,35,1118,118,1.9605384928553387,1.0658317813742009,0.5569368735339275,165,extensive,165,COMPLETE
60,-0.0016559720935109083,2025-12-07 02:21:56.606976,2025-12-07 02:21:58.483493,0 days 00:00:01.876517,0.7847533034622507,0.08547999686325457,7,30,556,114,1.4723164738378238,0.779642324627623,0.5183927318363305,127,extensive,127,COMPLETE
61,-0.0007143778406567177,2025-12-07 02:21:58.484014,2025-12-07 02:22:00.334046,0 days 00:00:01.850032,0.8734282714285819,0.0963937523684844,5,13,409,126,1.1053703755581559,0.38173223081648266,0.5385960026030049,104,extensive,104,COMPLETE
62,-0.0006431523119668029,2025-12-07 02:22:00.335050,2025-12-07 02:22:02.286399,0 days 00:00:01.951349,0.9196404814031727,0.0932399445105316,5,13,343,125,1.103111134348137,0.3797863412058404,0.5326170069483919,103,extensive,103,COMPLETE
63,-0.0012872010175702941,2025-12-07 02:22:02.287398,2025-12-07 02:22:04.219130,0 days 00:00:01.931732,0.9165056193583073,0.09990703660887029,6,13,320,123,1.06640904301159,0.3751512070916032,0.574341696223626,149,extensive,149,COMPLETE
64,-0.002368233076067816,2025-12-07 02:22:04.220127,2025-12-07 02:22:06.142876,0 days 00:00:01.922749,0.8560355564768733,0.07099319641113604,5,20,203,125,0.6663100564806285,0.48379280116628465,0.5336998112179219,105,extensive,105,COMPLETE
65,-0.00231179853505481,2025-12-07 02:22:06.144881,2025-12-07 02:22:08.480654,0 days 00:00:02.335773,0.9969247858076077,0.09087380388759991,4,13,721,121,0.963603168295109,0.5946802443238686,0.5156581917276791,241,extensive,241,COMPLETE
66,-0.18365012106088993,2025-12-07 02:22:08.482658,2025-12-07 02:22:10.737530,0 days 00:00:02.254872,0.9714339351792117,0.0627775829126184,5,17,547,114,0.16278007428309704,0.30243936601682503,0.603406360053373,71,extensive,71,COMPLETE
67,-0.002745061960896041,2025-12-07 02:22:10.738529,2025-12-07 02:22:12.609187,0 days 00:00:01.870658,0.903318059438313,0.07816860548229251,6,13,315,119,0.8389147311600107,0.3913332691255952,0.5744079758428032,48,extensive,48,COMPLETE
68,-0.0016559720935109083,2025-12-07 02:22:12.611695,2025-12-07 02:22:15.303508,0 days 00:00:02.691813,0.818374242756869,0.042654961619772135,4,21,3943,125,1.4777845522541024,0.2127445523659696,0.5557247751157176,105,extensive,105,COMPLETE
69,-0.007387853689202843,2025-12-07 02:22:15.304506,2025-12-07 02:22:17.414022,0 days 00:00:02.109516,0.9472921060688426,0.09239997850258688,6,16,927,116,0.5034140794064784,0.2421580606664332,0.8662255823702268,152,extensive,152,COMPLETE
70,-0.0008777231809221631,2025-12-07 02:22:17.415025,2025-12-07 02:22:19.362390,0 days 00:00:01.947365,0.9232619259989834,0.07177101560659108,7,24,386,122,1.1118783665106435,0.10152718593488082,0.5341895659659416,115,extensive,115,COMPLETE
71,-0.0008383244457057515,2025-12-07 02:22:19.363394,2025-12-07 02:22:21.331217,0 days 00:00:01.967823,0.9294417974958257,0.06951501414452237,7,18,378,122,1.1018714594587953,0.16328402598552544,0.5352581631879333,74,extensive,74,COMPLETE
72,-0.0014508282340551422,2025-12-07 02:22:21.332217,2025-12-07 02:22:23.336040,0 days 00:00:02.003823,0.9383808055825507,0.0823089950237058,7,12,554,120,1.3744403175693887,0.16520309863640728,0.5110314336042374,74,extensive,74,COMPLETE
73,-0.0014538644970350696,2025-12-07 02:22:23.337042,2025-12-07 02:22:25.387586,0 days 00:00:02.050544,0.889428429941294,0.04825971195084404,6,22,788,126,0.8802612184297502,0.8572412982171899,0.5340965286380494,54,extensive,54,COMPLETE
74,-0.0016559720935109083,2025-12-07 02:22:25.389591,2025-12-07 02:22:27.350982,0 days 00:00:01.961391,0.9751340353378306,0.05961527545575076,8,18,315,118,1.6693485169626887,0.5807333918827499,0.5547384447665182,99,extensive,99,COMPLETE
75,-0.004566065942731901,2025-12-07 02:22:27.351982,2025-12-07 02:22:29.222199,0 days 00:00:01.870217,0.9611578557150806,0.09112469521183506,5,16,648,123,0.7721442672026866,0.1362954157184563,0.6180620793918715,28,extensive,28,COMPLETE
76,-0.0009289240114128683,2025-12-07 02:22:29.223713,2025-12-07 02:22:31.273654,0 days 00:00:02.049941,0.8630985566598567,0.06684439423913623,5,12,432,128,1.1254211679154584,0.16576274307840086,0.9473175742903664,125,extensive,125,COMPLETE
77,-0.006576817264995223,2025-12-07 02:22:31.274652,2025-12-07 02:22:33.424095,0 days 00:00:02.149443,0.9270250939533915,0.08125434171484731,6,15,513,110,0.6676771915291841,0.4428255241284021,0.5115047236362454,74,extensive,74,COMPLETE
78,-0.0016559720935109083,2025-12-07 02:22:33.425094,2025-12-07 02:22:35.497451,0 days 00:00:02.072357,0.9040362109068645,0.09349126864201682,5,10,701,112,1.859332147153256,0.33387184597522,0.6627744800221997,14,extensive,14,COMPLETE
79,-0.011951907206586823,2025-12-07 02:22:35.499456,2025-12-07 02:22:37.628197,0 days 00:00:02.128741,0.8874886503598605,0.07190052391595467,6,25,255,126,0.3751738233589017,1.043168378887022,0.5791721431156532,82,extensive,82,COMPLETE
80,-0.0016559720935109083,2025-12-07 02:22:37.629197,2025-12-07 02:22:39.814008,0 days 00:00:02.184811,0.9853699492222299,0.099986881541393,8,19,1237,67,1.6014634989807566,0.29114302055580704,0.5402884582380333,178,extensive,178,COMPLETE
81,-0.0008934245471539833,2025-12-07 02:22:39.816127,2025-12-07 02:22:41.595625,0 days 00:00:01.779498,0.92428458808935,0.07562214263015046,7,32,392,122,1.1706138546745204,0.11013094405171595,0.5327052868579234,115,extensive,115,COMPLETE
82,-0.0015304973147320193,2025-12-07 02:22:41.596629,2025-12-07 02:22:43.441717,0 days 00:00:01.845088,0.9332646927923739,0.06962227866553124,7,23,384,123,1.3667533745515112,0.1261086842008201,0.5010180784798202,96,extensive,96,COMPLETE
83,-0.0016110163036010168,2025-12-07 02:22:43.442716,2025-12-07 02:22:45.181020,0 days 00:00:01.738304,0.9155581038169128,0.08598626904563228,7,25,288,119,0.9663544733380429,17.3153261086175,0.549740702645121,139,extensive,139,COMPLETE
84,-0.0008232400295717183,2025-12-07 02:22:45.183024,2025-12-07 02:22:46.886359,0 days 00:00:01.703335,0.9520736451684901,0.07808564951220034,5,21,501,121,1.1235108365306017,0.23457866169802494,0.5291485855603303,53,extensive,53,COMPLETE
85,-0.0035594993306625744,2025-12-07 02:22:46.888363,2025-12-07 02:22:48.644193,0 days 00:00:01.755830,0.95209014384731,0.08099139520104177,4,20,532,116,0.5771296797570937,0.22981157300955055,0.5657168097774125,48,extensive,48,COMPLETE
86,-0.006199587123744206,2025-12-07 02:22:48.646197,2025-12-07 02:22:50.407585,0 days 00:00:01.761388,0.9072358308160399,0.06358199549878203,5,16,627,121,0.7251844104117899,0.4015615156794182,0.5143475732616314,61,extensive,61,COMPLETE
87,-0.0003758194774295953,2025-12-07 02:22:50.408585,2025-12-07 02:22:52.545864,0 days 00:00:02.137279,0.9662386431329025,0.09245621896770025,5,14,3454,124,0.9551797453225513,0.18456757855308345,0.528559667635601,79,extensive,79,COMPLETE
88,-0.002319270011057991,2025-12-07 02:22:52.546868,2025-12-07 02:22:54.493552,0 days 00:00:01.946684,0.9670882543116642,0.09300846881788288,5,10,3248,124,0.9323851749864146,0.3579817358661615,0.5503446317799657,32,extensive,32,COMPLETE
89,-0.0024321191000612843,2025-12-07 02:22:54.495556,2025-12-07 02:22:56.405853,0 days 00:00:01.910297,0.9982001555631961,0.07738853488847892,4,14,3733,126,0.41876626425170427,0.5111102656471558,0.5901848122747148,13,extensive,13,COMPLETE
90,-0.0013573519475638858,2025-12-07 02:22:56.406852,2025-12-07 02:22:58.263619,0 days 00:00:01.856767,0.9503371278904434,0.052773938081909166,5,12,1948,128,1.267622132575723,0.18630025136591807,0.5247712827741833,83,extensive,83,COMPLETE
91,-0.0008806742535005426,2025-12-07 02:22:58.263619,2025-12-07 02:23:00.142888,0 days 00:00:01.879269,0.9803804502012472,0.08684206970003766,5,18,2639,124,1.0602945698792892,0.17427058705410267,0.5371700683374482,69,extensive,69,COMPLETE
92,-0.0015731172165212026,2025-12-07 02:23:00.143891,2025-12-07 02:23:02.004610,0 days 00:00:01.860719,0.8744449440869417,0.09410886112354727,6,21,2942,120,1.3892284940389692,0.6435224903521403,0.7990215920128545,44,extensive,44,COMPLETE
93,-0.0012819113459665206,2025-12-07 02:23:02.005610,2025-12-07 02:23:03.763836,0 days 00:00:01.758226,0.9429451452242718,0.07715383427756442,5,15,467,118,0.8675860201434449,0.2360342879951201,0.5121605647883405,95,extensive,95,COMPLETE
94,-0.0008167071900180659,2025-12-07 02:23:03.764835,2025-12-07 02:23:05.841014,0 days 00:00:02.076179,0.962890111907732,0.06619007223613528,4,18,1589,125,1.0836044091403245,0.2774991394017445,0.5636548840358754,109,extensive,109,COMPLETE
95,-0.0016559720935109083,2025-12-07 02:23:05.843013,2025-12-07 02:23:07.764121,0 days 00:00:01.921108,0.9598908858153021,0.08471527966718795,3,14,1514,126,4.712153477939799,0.27304574203361304,0.5667589126228983,116,extensive,116,COMPLETE
96,-0.0009721984541476066,2025-12-07 02:23:07.765124,2025-12-07 02:23:09.472741,0 days 00:00:01.707617,0.9877514847024059,0.09631533927051453,4,22,996,101,1.1988097446207462,0.3127899845052204,0.5798052883097838,103,extensive,103,COMPLETE
97,-0.004024116086616754,2025-12-07 02:23:09.474786,2025-12-07 02:23:11.264191,0 days 00:00:01.789405,0.8958028670092204,0.017464665236544014,4,26,2363,125,0.762714820085176,0.4531788574280818,0.5476340275768719,54,extensive,54,COMPLETE
98,-0.0016559720935109083,2025-12-07 02:23:11.264191,2025-12-07 02:23:13.624242,0 days 00:00:02.360051,0.8290391610109515,0.08965815173881729,5,39,3058,127,1.7851830869727887,0.34653026172300394,0.6411272783649768,155,extensive,155,COMPLETE
99,-0.0025928775873242937,2025-12-07 02:23:13.625239,2025-12-07 02:23:15.589210,0 days 00:00:01.963971,0.9633828301407976,0.06609189439063924,3,29,1858,117,0.607370607828224,0.5285552783560532,0.522524050693568,132,extensive,132,COMPLETE
100,-0.00266247897239702,2025-12-07 02:23:15.590210,2025-12-07 02:23:18.258813,0 days 00:00:02.668603,0.9759426356515156,0.07353742245415865,4,12,2183,114,0.9863382299503846,0.41884409488820634,0.597868568299786,270,extensive,270,COMPLETE
101,-0.0009352055905874254,2025-12-07 02:23:18.258813,2025-12-07 02:23:19.844825,0 days 00:00:01.586012,0.9353106662352887,0.0811686630164886,5,19,270,122,1.1046051397449923,0.19941550506840905,0.5292267016216762,82,extensive,82,COMPLETE
102,-0.0016371881936278292,2025-12-07 02:23:19.845834,2025-12-07 02:23:21.437247,0 days 00:00:01.591413,0.9184428327718234,0.06859459926045113,6,17,439,124,0.8921661744003236,0.2469850084319796,0.5634833000763403,67,extensive,67,COMPLETE
103,-0.0016559720935109083,2025-12-07 02:23:21.438247,2025-12-07 02:23:23.053965,0 days 00:00:01.615718,0.7426422257793651,0.059747630671285565,5,18,877,120,1.5818735867904925,0.28114400369665693,0.5411283358112357,86,extensive,86,COMPLETE
104,-0.0012849775776685817,2025-12-07 02:23:23.054953,2025-12-07 02:23:24.667083,0 days 00:00:01.612130,0.9534762477711549,0.08704874789820456,6,10,213,122,1.2916886844799984,0.6397085189992362,0.5068149726102824,106,extensive,106,COMPLETE
105,-0.0010130428327664864,2025-12-07 02:23:24.669091,2025-12-07 02:23:26.312652,0 days 00:00:01.643561,0.9080881132586027,0.08038736819900828,4,15,579,124,1.032140301390648,0.1557561043679534,0.554614505327135,59,extensive,59,COMPLETE
106,-0.001560881742047086,2025-12-07 02:23:26.313655,2025-12-07 02:23:28.059342,0 days 00:00:01.745687,0.93154256584477,0.05598562891275866,5,46,1627,119,1.3828277240578557,0.7945453116952935,0.5712296918922009,92,extensive,92,COMPLETE
107,-0.0009641292784453211,2025-12-07 02:23:28.060343,2025-12-07 02:23:30.074376,0 days 00:00:02.014033,0.9412403136317903,0.09537602489885401,6,22,3461,127,1.1955327408333642,0.3842587865468452,0.5307129992640554,74,extensive,74,COMPLETE
108,-0.0003229495599608538,2025-12-07 02:23:30.075381,2025-12-07 02:23:31.748437,0 days 00:00:01.673056,0.8851854136350391,0.073029867017655,5,20,346,121,0.7595289810617081,0.217281736368141,0.5214713113319258,118,extensive,118,COMPLETE
109,-0.004156330257177654,2025-12-07 02:23:31.749441,2025-12-07 02:23:33.688732,0 days 00:00:01.939291,0.8631317338504126,0.07575051874167339,5,12,296,117,0.7532796045961084,0.482298650528191,0.5163696334727294,222,extensive,222,COMPLETE
110,-0.0001381921413455093,2025-12-07 02:23:33.689808,2025-12-07 02:23:35.565020,0 days 00:00:01.875212,0.8897435495611947,0.021120538286595374,4,20,676,121,0.8228087521298674,0.3048268245824136,0.556306902589585,114,extensive,114,COMPLETE
111,-0.0028382436612489257,2025-12-07 02:23:35.566024,2025-12-07 02:23:37.495721,0 days 00:00:01.929697,0.8873333043842202,0.021740734667261927,4,20,788,121,0.813307000809256,0.3176999362854254,0.5448086867538453,141,extensive,141,COMPLETE
112,-0.006817890856113766,2025-12-07 02:23:37.496721,2025-12-07 02:23:39.410447,0 days 00:00:01.913726,0.8737481117662502,0.02138047955869169,4,14,688,123,0.44841149770915534,0.2076412216404674,0.6958984639499841,120,extensive,120,COMPLETE
113,-0.003369945002536845,2025-12-07 02:23:39.411446,2025-12-07 02:23:41.232677,0 days 00:00:01.821231,0.8504048156669576,0.029739661866966624,5,16,506,125,0.610871942747941,0.36455585655736117,0.560761560895894,127,extensive,127,COMPLETE
114,-0.00034306651786171943,2025-12-07 02:23:41.234681,2025-12-07 02:23:43.044755,0 days 00:00:01.810074,0.8982663346126671,0.02032976974523026,4,24,351,119,0.9259164117141527,0.25706517402863255,0.5234545556224474,110,extensive,110,COMPLETE
115,-0.0020108810062006897,2025-12-07 02:23:43.045760,2025-12-07 02:23:44.757743,0 days 00:00:01.711983,0.8974692278044706,0.018338381718637387,3,28,350,119,0.6864017123096859,0.29635381105005687,0.505913547086804,110,extensive,110,COMPLETE
116,-0.03038957143999177,2025-12-07 02:23:44.759743,2025-12-07 02:23:46.894976,0 days 00:00:02.135233,0.8811110781562631,0.014393600115019726,4,23,592,113,0.31785962910417354,0.4386219460726766,0.522060178888775,92,extensive,92,COMPLETE
117,-0.002894061462299017,2025-12-07 02:23:46.896984,2025-12-07 02:23:48.689925,0 days 00:00:01.792941,0.8373512015228053,0.026437101199974656,4,31,420,115,0.8617359212902838,0.2644801397793186,0.5541197302354112,145,extensive,145,COMPLETE
118,-0.0005599389996762497,2025-12-07 02:23:48.690930,2025-12-07 02:23:50.413886,0 days 00:00:01.722956,0.7977605125680722,0.023427559604180324,3,12,200,91,0.9702683193161055,0.5445529024860161,0.7307403020814136,101,extensive,101,COMPLETE
119,-0.001223471354386459,2025-12-07 02:23:50.414885,2025-12-07 02:23:52.018507,0 days 00:00:01.603622,0.7967993390181282,0.016178765388394273,5,11,202,96,0.944872133237084,0.5446122407043963,0.7291411222542632,131,extensive,131,COMPLETE
120,-0.0013111285805953072,2025-12-07 02:23:52.020511,2025-12-07 02:23:53.649027,0 days 00:00:01.628516,0.7757898601853986,0.0197250564850644,3,13,289,92,0.5006250765902196,0.6011441860416555,0.7958714187183978,100,extensive,100,COMPLETE
121,-0.000751398623701142,2025-12-07 02:23:53.650641,2025-12-07 02:23:55.225339,0 days 00:00:01.574698,0.8266798102785003,0.023944230602122394,3,17,356,86,1.0125351014334767,0.33283142479263167,0.7656705840567316,107,extensive,107,COMPLETE
122,-0.000717590004014094,2025-12-07 02:23:55.233303,2025-12-07 02:23:56.858444,0 days 00:00:01.625141,0.8061553995821082,0.02075175414385695,3,16,337,86,0.9893366403430375,0.3429116154116315,0.752131354326192,117,extensive,117,COMPLETE
123,-0.0007096567509693082,2025-12-07 02:23:56.859445,2025-12-07 02:23:58.508835,0 days 00:00:01.649390,0.8060244608826888,0.022467569874774225,3,16,353,85,0.7804964515758646,0.3265094934801637,0.7446292294759862,122,extensive,122,COMPLETE
124,-0.0005254511836942551,2025-12-07 02:23:58.509835,2025-12-07 02:24:00.209457,0 days 00:00:01.699622,0.8012187175278475,0.020547929107769536,3,53,443,82,0.7039518933863008,0.4921263672475995,0.7432460395404494,117,extensive,117,COMPLETE
125,-0.0010687209715930883,2025-12-07 02:24:00.210457,2025-12-07 02:24:02.017597,0 days 00:00:01.807140,0.7710068139828374,0.02830122022088401,3,56,460,81,0.754993617745817,0.4900647612587377,0.7135456155740775,172,extensive,172,COMPLETE
126,-0.002803642169967424,2025-12-07 02:24:02.018547,2025-12-07 02:24:03.882572,0 days 00:00:01.864025,0.7544179003942895,0.0229977919778638,3,94,620,83,0.6121322245711869,0.40382503960361477,0.6827235491774906,156,extensive,156,COMPLETE
127,-0.02577396722419582,2025-12-07 02:24:03.883583,2025-12-07 02:24:05.771587,0 days 00:00:01.888004,0.7966426311337034,0.024764002405185885,3,67,410,78,0.2143098944897699,0.3710633522981033,0.7191085055337139,120,extensive,120,COMPLETE
128,-0.0027355601932965343,2025-12-07 02:24:05.773093,2025-12-07 02:24:07.592630,0 days 00:00:01.819537,0.8196621409661018,0.01069330254441951,4,78,538,92,0.8734011873611699,0.7152909127691949,0.7666544637991557,136,extensive,136,COMPLETE
129,-0.0016559720935109083,2025-12-07 02:24:07.593634,2025-12-07 02:24:09.244976,0 days 00:00:01.651342,0.8384471001605928,0.005431061292935882,3,11,747,89,2.2581701020677745,0.42735042589707184,0.7382877423100194,94,extensive,94,COMPLETE
130,-0.0011977918220289485,2025-12-07 02:24:09.245964,2025-12-07 02:24:10.926805,0 days 00:00:01.680841,0.8617087234896508,0.016047605452877114,3,14,289,84,0.7000044425328605,0.47530518979523073,0.7408955283709103,80,extensive,80,COMPLETE
131,-0.0003737121893296151,2025-12-07 02:24:10.927808,2025-12-07 02:24:12.630957,0 days 00:00:01.703149,0.768503041238951,0.021316778302862337,3,50,336,86,0.7946034906461485,0.33557375733576655,0.7557522265059826,121,extensive,121,COMPLETE
132,-0.0006719390284363191,2025-12-07 02:24:12.630957,2025-12-07 02:24:14.314439,0 days 00:00:01.683482,0.8062224616867005,0.02051740656669554,3,55,456,82,0.8037276412094011,0.30560793757972954,0.7785305797576662,124,extensive,124,COMPLETE
133,-0.0018115510100938186,2025-12-07 02:24:14.315436,2025-12-07 02:24:16.052036,0 days 00:00:01.736600,0.7732031410716428,0.019072023996379063,3,53,259,80,0.5323897859836055,0.3023327173850003,0.7779655684602492,147,extensive,147,COMPLETE
134,-0.000380221606946507,2025-12-07 02:24:16.053035,2025-12-07 02:24:17.716367,0 days 00:00:01.663332,0.7865201424485194,0.018058731331061603,3,50,476,84,0.8018770742298447,0.2467111958108399,0.7822049349631773,121,extensive,121,COMPLETE
135,-0.00038498183328898133,2025-12-07 02:24:17.717373,2025-12-07 02:24:19.371108,0 days 00:00:01.653735,0.7850175274851785,0.020470040753088906,3,59,495,88,0.9110034934189601,0.2216960044258812,0.798841316297049,129,extensive,129,COMPLETE
136,-0.0016559720935109083,2025-12-07 02:24:19.372104,2025-12-07 02:24:20.982895,0 days 00:00:01.610791,0.7874612203384731,0.01499312241188425,3,59,663,87,3.333227616769461,0.18779270119042005,0.8476279451207964,89,extensive,89,COMPLETE
137,-0.001002682862567365,2025-12-07 02:24:20.983961,2025-12-07 02:24:23.064879,0 days 00:00:02.080918,0.78621228214111,0.018321149907049018,3,53,2775,89,0.6537698523985591,0.21361184429612215,0.8174757223884609,99,extensive,99,COMPLETE
138,-0.0021164881042414763,2025-12-07 02:24:23.069198,2025-12-07 02:24:24.807550,0 days 00:00:01.738352,0.7547140494275997,0.01766075397215553,3,63,513,78,0.917366086694847,0.22882530273208573,0.7917869039603982,191,extensive,191,COMPLETE
139,-0.0013422673031126358,2025-12-07 02:24:24.808549,2025-12-07 02:24:26.538445,0 days 00:00:01.729896,0.7637500462442945,0.03745538372510858,9,59,584,90,1.2271771349369902,0.13673679091553279,0.8084611320839556,136,extensive,136,COMPLETE
140,-0.0015004357822856473,2025-12-07 02:24:26.539450,2025-12-07 02:24:28.233070,0 days 00:00:01.693620,0.7446487973430621,0.019541263276166468,3,49,200,74,0.5675875857663516,0.18051249032010178,0.8349354814864254,161,extensive,161,COMPLETE
141,-0.0008539733440613059,2025-12-07 02:24:28.235080,2025-12-07 02:24:29.761966,0 days 00:00:01.526886,0.7818891852913373,0.02194729099107946,3,59,473,83,0.8022191897270926,0.2556222336055298,0.7764253476053012,127,extensive,127,COMPLETE
142,-0.0008179799124064339,2025-12-07 02:24:29.764096,2025-12-07 02:24:31.402684,0 days 00:00:01.638588,0.8126840454005666,0.020445685099621153,3,50,414,81,0.9371576755597668,0.25491141137976386,0.7840344542304754,121,extensive,121,COMPLETE
143,-0.0016559720935109083,2025-12-07 02:24:31.403684,2025-12-07 02:24:33.117787,0 days 00:00:01.714103,0.729079685630019,0.018649193604368484,3,46,836,82,3.965773763105659,0.2910121207779395,0.7619974676488309,113,extensive,113,COMPLETE
144,-0.0004595564139432036,2025-12-07 02:24:33.118797,2025-12-07 02:24:34.871657,0 days 00:00:01.752860,0.792234259283618,0.017094896512536158,3,55,483,85,0.8502837756726914,0.22196130708549844,0.8061663217667054,110,extensive,110,COMPLETE
145,-0.000561215415175842,2025-12-07 02:24:34.873174,2025-12-07 02:24:36.544160,0 days 00:00:01.670986,0.7686167812696333,0.015272657951868825,4,51,323,87,1.031022594143104,0.21978300556667504,0.8116355755937382,86,extensive,86,COMPLETE
146,-0.004662514632883437,2025-12-07 02:24:36.545168,2025-12-07 02:24:38.278535,0 days 00:00:01.733367,0.7988339628536953,0.016939167989110795,4,52,272,88,0.7066447398266332,0.198429108980729,0.8256556466154447,64,extensive,64,COMPLETE
147,-0.0007517251320036481,2025-12-07 02:24:38.280547,2025-12-07 02:24:39.926238,0 days 00:00:01.645691,0.7341755347815108,0.013259683343526731,4,42,580,87,0.8873159202168917,0.23361961248413124,0.8047045479649473,89,extensive,89,COMPLETE
148,-0.0006143835397631747,2025-12-07 02:24:39.927222,2025-12-07 02:24:41.587013,0 days 00:00:01.659791,0.7885204223060248,0.014943992090810109,4,54,676,85,1.0276251875231162,0.2161477383245601,0.904412232775907,81,extensive,81,COMPLETE
149,-0.008592554660528773,2025-12-07 02:24:41.588013,2025-12-07 02:24:43.276152,0 days 00:00:01.688139,0.7581024661197628,0.016266895869804347,3,60,371,94,0.43462340679011,0.17392875315778447,0.826706260190891,112,extensive,112,COMPLETE
150,-0.0010753520924484301,2025-12-07 02:24:43.278192,2025-12-07 02:24:45.003212,0 days 00:00:01.725020,0.765550420530429,0.024905556643764898,4,51,516,90,1.2111435175429741,0.15119022008727243,0.7927065137392785,98,extensive,98,COMPLETE
151,-0.0006386186299332334,2025-12-07 02:24:45.005213,2025-12-07 02:24:46.712103,0 days 00:00:01.706890,0.7114263820723228,0.014600394565302537,4,57,759,85,1.031082545026742,0.21164497800423232,0.893264457749632,79,extensive,79,COMPLETE
152,-0.0010733888323897582,2025-12-07 02:24:46.713659,2025-12-07 02:24:48.581477,0 days 00:00:01.867818,0.7869523775042624,0.0156648592361029,4,54,663,85,0.8329419885415011,1.6413854441054918,0.9451652216310827,84,extensive,84,COMPLETE
153,-0.0016749583044334642,2025-12-07 02:24:48.582990,2025-12-07 02:24:50.655787,0 days 00:00:02.072797,0.7780702879130502,0.013113470334974708,4,48,462,88,0.9799382862997273,0.22931163115995165,0.7582050885844617,329,extensive,329,COMPLETE
154,-0.0008934927847224309,2025-12-07 02:24:50.656787,2025-12-07 02:24:52.365876,0 days 00:00:01.709089,0.7980511466511302,0.017643331396613234,3,56,310,91,1.1381704763484517,0.19780762767508392,0.9043339708354354,67,extensive,67,COMPLETE
155,-0.0019746822334663814,2025-12-07 02:24:52.366882,2025-12-07 02:24:54.173734,0 days 00:00:01.806852,0.7707930983650225,0.014347335689572848,4,57,633,84,0.703521680613017,0.25943309724116087,0.9323146944119517,105,extensive,105,COMPLETE
156,-0.0021323457724921426,2025-12-07 02:24:54.174242,2025-12-07 02:24:55.931608,0 days 00:00:01.757366,0.819911386011235,0.011599761859236456,3,48,519,86,0.906553482494021,0.22772053530440714,0.8520661496956368,133,extensive,133,COMPLETE
157,-0.0006797037185742871,2025-12-07 02:24:55.932181,2025-12-07 02:24:57.522531,0 days 00:00:01.590350,0.794158731249441,0.022872006885822308,4,44,415,83,1.0436180072381513,10.207252637916103,0.8141110042164037,94,extensive,94,COMPLETE
158,-0.0021786544077558125,2025-12-07 02:24:57.523530,2025-12-07 02:24:59.128916,0 days 00:00:01.605386,0.7649746041856416,0.015233855271419263,3,51,718,88,0.735607987546539,0.18108129391876818,0.8662585775144914,76,extensive,76,COMPLETE
159,-0.0022066941913206906,2025-12-07 02:24:59.129928,2025-12-07 02:25:00.848394,0 days 00:00:01.718466,0.7828762056617053,0.02034826891938663,3,61,249,87,0.5928870779974846,0.27029808769463015,0.767984191074871,110,extensive,110,COMPLETE
160,-0.003352204350293634,2025-12-07 02:25:00.849401,2025-12-07 02:25:02.521843,0 days 00:00:01.672442,0.8106803423949869,0.019154450459117317,4,54,323,85,0.8441635229036138,0.2129817447209907,0.8389119731959814,143,extensive,143,COMPLETE
161,-0.000535779586685825,2025-12-07 02:25:02.523359,2025-12-07 02:25:04.185906,0 days 00:00:01.662547,0.6714740638733365,0.012665819294568543,4,58,780,85,1.0196385844294815,0.211345979333322,0.8816794598462182,76,extensive,76,COMPLETE
162,-0.0013518404197654006,2025-12-07 02:25:04.186915,2025-12-07 02:25:06.309199,0 days 00:00:02.122284,0.629644613950216,0.012105775093191697,4,65,3724,84,1.2928928545072886,0.15771332680161504,0.9048385955354163,81,extensive,81,COMPLETE
163,-0.00095928153480207,2025-12-07 02:25:06.310198,2025-12-07 02:25:07.961070,0 days 00:00:01.650872,0.7882729849158369,0.01072256142269013,4,54,1357,79,0.9982002238922709,0.24460547938863322,0.8764879379373947,62,extensive,62,COMPLETE
164,-0.000987315292299636,2025-12-07 02:25:07.962846,2025-12-07 02:25:09.589242,0 days 00:00:01.626396,0.9082306759064903,0.013785478259811641,3,47,570,86,1.170891856577406,0.19284808240759502,0.89800196243098,97,extensive,97,COMPLETE
165,-0.0018928815950578122,2025-12-07 02:25:09.591252,2025-12-07 02:25:11.223051,0 days 00:00:01.631799,0.8019400576878919,0.012239934925404788,5,58,922,82,0.8947336203000001,0.5354600002906155,0.9127745703185199,42,extensive,42,COMPLETE
166,-0.0016559720935109083,2025-12-07 02:25:11.224572,2025-12-07 02:25:12.888270,0 days 00:00:01.663698,0.6993572814769761,0.01742067302151065,3,52,807,94,2.914234867451453,0.288181237239635,0.9688873655945094,86,extensive,86,COMPLETE
167,-0.0006439950035188972,2025-12-07 02:25:12.890281,2025-12-07 02:25:14.494706,0 days 00:00:01.604425,0.8282419593760989,0.021382316679321636,4,62,388,90,1.0105976292836847,0.3488302654703113,0.9238814635587074,116,extensive,116,COMPLETE
168,-0.000876435127886932,2025-12-07 02:25:14.495704,2025-12-07 02:25:16.077046,0 days 00:00:01.581342,0.8984854268940667,0.018312524454097756,5,56,688,88,1.0829115959266642,0.16849105075537088,0.7848972351023955,69,extensive,69,COMPLETE
169,-0.0011997086167792788,2025-12-07 02:25:16.078046,2025-12-07 02:25:17.719107,0 days 00:00:01.641061,0.7434640898809325,0.017038848978650763,4,50,488,84,0.8128712718242033,0.39991350491357847,0.8761906039543722,99,extensive,99,COMPLETE
170,-0.0010392580873136437,2025-12-07 02:25:17.720113,2025-12-07 02:25:19.526900,0 days 00:00:01.806787,0.6745065585514466,0.015659293352215786,3,73,1086,106,0.6431558207020227,0.21931512988670043,0.8074923572424618,127,extensive,127,COMPLETE
171,-0.000726084769189228,2025-12-07 02:25:19.527898,2025-12-07 02:25:21.263517,0 days 00:00:01.735619,0.7021170482613764,0.014467889027511857,4,58,786,85,1.0477627112546033,0.2504335001780721,0.7194472140031078,80,extensive,80,COMPLETE
172,-0.0014439450063150987,2025-12-07 02:25:21.264065,2025-12-07 02:25:23.121160,0 days 00:00:01.857095,0.6469641319420762,0.014129357274847524,4,55,965,86,0.9183277018571608,0.20539165074062768,0.9179550633999269,55,extensive,55,COMPLETE
173,-0.0017228000098007772,2025-12-07 02:25:23.122157,2025-12-07 02:25:25.455865,0 days 00:00:02.333708,0.7184555989950617,0.013276045474146313,4,34,3267,83,0.7592068964942046,0.21163330846334358,0.7459221024753667,106,extensive,106,COMPLETE
174,-0.0010717802579411166,2025-12-07 02:25:25.456863,2025-12-07 02:25:27.188555,0 days 00:00:01.731692,0.7772183946746825,0.01940971370835742,4,57,857,80,1.1465110050654173,0.18754345172840806,0.8920636089017608,90,extensive,90,COMPLETE
175,-0.0006842308409876022,2025-12-07 02:25:27.189551,2025-12-07 02:25:28.810880,0 days 00:00:01.621329,0.65940699002062,0.023319334233718784,5,61,747,85,0.9769820354631347,0.2711329486161779,0.5169788064360152,75,extensive,75,COMPLETE
176,-0.0012287262025673096,2025-12-07 02:25:28.811877,2025-12-07 02:25:30.409630,0 days 00:00:01.597753,0.8875620667188029,0.01511245836288109,3,25,203,87,1.2779743371176522,0.31596174850061287,0.8882337244571817,114,extensive,114,COMPLETE
177,-0.0030897365267513743,2025-12-07 02:25:30.410631,2025-12-07 02:25:32.033365,0 days 00:00:01.622734,0.6800068643776069,0.012424174139588223,4,87,618,120,0.8605968013744828,0.45288704569068566,0.8808175893698549,70,extensive,70,COMPLETE
178,-0.0007965931722950422,2025-12-07 02:25:32.034373,2025-12-07 02:25:33.661273,0 days 00:00:01.626900,0.7156341694450794,0.016555270839468603,5,53,350,82,1.0385158021121896,0.13756415409426706,0.5223684393099236,88,extensive,88,COMPLETE
179,-0.003376817134302564,2025-12-07 02:25:33.662779,2025-12-07 02:25:35.692240,0 days 00:00:02.029461,0.7575559986605589,0.00975848549425012,3,65,421,88,0.7313557893863577,0.2385580934414084,0.5007462729560609,479,extensive,479,COMPLETE
180,-0.0016025127665011407,2025-12-07 02:25:35.693245,2025-12-07 02:25:37.307145,0 days 00:00:01.613900,0.7949413553802183,0.021037821840626855,4,51,561,116,1.4044423828741448,0.17022576211548784,0.7891546647110755,104,extensive,104,COMPLETE
181,-0.0009588724894958508,2025-12-07 02:25:37.308146,2025-12-07 02:25:38.899457,0 days 00:00:01.591311,0.9161881774813252,0.08949371326385902,5,10,275,123,1.1157984821703195,0.37708155917604314,0.8655154073445811,99,extensive,99,COMPLETE
182,-0.0028881229244871465,2025-12-07 02:25:38.900464,2025-12-07 02:25:40.797538,0 days 00:00:01.897074,0.9223025266215289,0.08345621281896534,5,12,325,118,0.978556571573838,0.4194456042489712,0.5410875988455441,407,extensive,407,COMPLETE
183,-0.00025289860588650903,2025-12-07 02:25:40.798544,2025-12-07 02:25:42.436675,0 days 00:00:01.638131,0.9012637207315498,0.08861034845191632,5,55,436,122,0.846810820457918,0.5638743660519419,0.5287720195514487,114,extensive,114,COMPLETE
184,-0.0011459156863542486,2025-12-07 02:25:42.437681,2025-12-07 02:25:44.169445,0 days 00:00:01.731764,0.8900507107783129,0.006960289314730725,5,56,472,122,0.7700040341534345,0.5325360542615803,0.5322715901039228,125,extensive,125,COMPLETE
185,-0.0009208561539951754,2025-12-07 02:25:44.170451,2025-12-07 02:25:45.932183,0 days 00:00:01.761732,0.8727746534747081,0.01863087929808721,6,55,394,85,0.8929790726429672,0.5925213641067998,0.5100789356109889,119,extensive,119,COMPLETE
186,-0.001497735452091753,2025-12-07 02:25:45.932183,2025-12-07 02:25:47.622778,0 days 00:00:01.690595,0.9031971981126965,0.02001607499481449,3,52,535,120,0.6437622490836907,0.4951091358326225,0.5239289259668759,110,extensive,110,COMPLETE
187,-0.0020177136729951175,2025-12-07 02:25:47.624305,2025-12-07 02:25:49.344784,0 days 00:00:01.720479,0.8459395083993251,0.08756205980712245,4,58,690,121,0.816136962440382,0.6724552927911454,0.75238198522498,135,extensive,135,COMPLETE
188,1.2711578982231112e-05,2025-12-07 02:25:49.346792,2025-12-07 02:25:51.040086,0 days 00:00:01.693294,0.8832651589237486,0.025245887172969564,5,49,453,81,0.5361013067756022,0.8982337487724669,0.7346866652327011,81,extensive,81,COMPLETE
189,-0.01085896750116048,2025-12-07 02:25:51.041087,2025-12-07 02:25:52.823116,0 days 00:00:01.782029,0.882393929308862,0.025513687697049127,5,46,445,89,0.42656506797866345,0.9269677255137677,0.6931214531044267,92,extensive,92,COMPLETE
190,-0.006240330636608042,2025-12-07 02:25:52.824116,2025-12-07 02:25:54.480253,0 days 00:00:01.656137,0.5748597480055468,0.024198298676641916,6,50,288,81,0.5278074179379596,0.7526297010685912,0.7282379978035615,62,extensive,62,COMPLETE
191,-0.0006515877084546373,2025-12-07 02:25:54.481252,2025-12-07 02:25:56.082598,0 days 00:00:01.601346,0.8963236307582558,0.021863477103779876,5,39,395,84,0.9325537947235724,1.1726760929468185,0.7416489403322972,78,extensive,78,COMPLETE
192,-0.00404101926681059,2025-12-07 02:25:56.083599,2025-12-07 02:25:57.738323,0 days 00:00:01.654724,0.8546982767241739,0.022511483867027948,5,54,587,76,0.6986151700935741,0.8232501179692444,0.5456127273790965,84,extensive,84,COMPLETE
193,-0.004312374540295871,2025-12-07 02:25:57.739330,2025-12-07 02:25:59.361763,0 days 00:00:01.622433,0.7794488240905078,0.033871800812877724,4,49,485,83,0.5717062996041289,0.2207312382128728,0.7142379031314504,100,extensive,100,COMPLETE
194,-0.0006294526959996402,2025-12-07 02:25:59.361763,2025-12-07 02:26:00.983345,0 days 00:00:01.621582,0.8704912850445514,0.028530518859600205,3,54,343,86,0.8260658477274314,0.5915694780227039,0.5159807291110373,111,extensive,111,COMPLETE
195,-0.0007592396531258908,2025-12-07 02:26:00.984403,2025-12-07 02:26:02.591193,0 days 00:00:01.606790,0.8690752036982972,0.029358358321609462,3,52,320,119,0.8312249477670836,0.6598239094687036,0.7331726896354197,113,extensive,113,COMPLETE
196,-0.0014161748041160438,2025-12-07 02:26:02.592201,2025-12-07 02:26:04.227644,0 days 00:00:01.635443,0.8812302086281549,0.027001683894382695,3,26,249,86,0.6714724454439487,0.6273470773377232,0.5136993119632582,124,extensive,124,COMPLETE
197,-0.001906606359071102,2025-12-07 02:26:04.228642,2025-12-07 02:26:05.913881,0 days 00:00:01.685239,0.9070988198231512,0.027482201407729407,3,53,201,97,0.9308565203008771,0.5898466166628822,0.8013690534805178,138,extensive,138,COMPLETE
198,-0.0007989159343299024,2025-12-07 02:26:05.914892,2025-12-07 02:26:07.498636,0 days 00:00:01.583744,0.892840823816197,0.023647151687235277,3,23,377,87,0.7762202509682863,0.5317829392570456,0.5278234783567449,110,extensive,110,COMPLETE
199,-0.03025016093257123,2025-12-07 02:26:07.500634,2025-12-07 02:26:09.145983,0 days 00:00:01.645349,0.8681847181639982,0.0997672898600685,5,60,459,117,0.3383791576012848,0.46893679142223316,0.5100775498498699,94,extensive,94,COMPLETE
200,-0.002105375602072949,2025-12-07 02:26:09.146989,2025-12-07 02:26:10.890591,0 days 00:00:01.743602,0.8124882323054597,0.02083093791268957,3,44,321,122,0.4986265608038041,0.9023961446447755,0.5205075482485877,151,extensive,151,COMPLETE
201,-0.0009492768022006196,2025-12-07 02:26:10.891591,2025-12-07 02:26:12.472548,0 days 00:00:01.580957,0.7642371086354693,0.08037998045125155,5,57,639,86,1.070393861844724,0.24838234909049392,0.5340211920288785,72,extensive,72,COMPLETE
202,-0.0005406602865160407,2025-12-07 02:26:12.474073,2025-12-07 02:26:14.150341,0 days 00:00:01.676268,0.7872824270865991,0.016741190670555614,4,55,532,81,1.0002505360265022,0.19574274238245687,0.5383370991845363,83,extensive,83,COMPLETE
203,-0.00037856297041364656,2025-12-07 02:26:14.151340,2025-12-07 02:26:15.791752,0 days 00:00:01.640412,0.7922001542133535,0.017662733480153903,3,55,558,79,0.8646572536178991,0.1913774336626762,0.538812892857221,103,extensive,103,COMPLETE
204,-0.001069328825844836,2025-12-07 02:26:15.792759,2025-12-07 02:26:17.449407,0 days 00:00:01.656648,0.7859480802318892,0.016283994933642385,5,55,504,78,1.191449115822049,0.19080034547956912,0.5379558730183096,88,extensive,88,COMPLETE
205,-0.00033308337551685163,2025-12-07 02:26:17.450405,2025-12-07 02:26:19.079317,0 days 00:00:01.628912,0.7917092858520451,0.017555463740984205,4,49,580,79,0.9379917610251649,0.19758979470254703,0.5451692023482483,102,extensive,102,COMPLETE
206,-0.00044495323816170124,2025-12-07 02:26:19.081317,2025-12-07 02:26:20.772478,0 days 00:00:01.691161,0.8056085041829231,0.01792555079364348,3,48,567,80,0.9471933299365,0.1815377059077636,0.5515865856677593,119,extensive,119,COMPLETE
207,-0.0005746863418935044,2025-12-07 02:26:20.773489,2025-12-07 02:26:22.468427,0 days 00:00:01.694938,0.802777049690603,0.01812937536629485,3,48,567,75,0.9207416946751052,0.15571064006452395,0.5587655928933096,130,extensive,130,COMPLETE
208,-0.001699604020174772,2025-12-07 02:26:22.469425,2025-12-07 02:26:24.161887,0 days 00:00:01.692462,0.7745919416930611,0.017570685456886854,3,50,541,80,0.7169654084570929,0.18023596225929123,0.549563239224335,121,extensive,121,COMPLETE
209,-0.0004941557443929323,2025-12-07 02:26:24.163392,2025-12-07 02:26:25.859523,0 days 00:00:01.696131,0.7928550623230456,0.019423995459948787,3,46,629,79,0.8625867247348287,1.3483482646777127,0.5440526491827786,102,extensive,102,COMPLETE
210,-0.001881877056832737,2025-12-07 02:26:25.860524,2025-12-07 02:26:27.567971,0 days 00:00:01.707447,0.82476647033986,0.019180982802589685,3,46,629,80,0.6361754958522596,1.458541191056731,0.5466100196868369,105,extensive,105,COMPLETE
211,-0.0008831547812132579,2025-12-07 02:26:27.569981,2025-12-07 02:26:29.270937,0 days 00:00:01.700956,0.7930404796107592,0.01703133416165457,3,49,446,79,0.8616891723809627,0.20248945122021464,0.5553528695746006,100,extensive,100,COMPLETE
212,-0.00044466178162116954,2025-12-07 02:26:29.273206,2025-12-07 02:26:30.922151,0 days 00:00:01.648945,0.8047885969574367,0.01885777638364541,3,47,534,78,0.9648406611415956,0.1499287913841698,0.5396923834192159,118,extensive,118,COMPLETE
213,-0.000317035364680233,2025-12-07 02:26:30.923325,2025-12-07 02:26:32.593706,0 days 00:00:01.670381,0.8073771544567339,0.019808541191546635,3,44,597,77,0.9362097457704583,2.196604083670788,0.5416809755469816,118,extensive,118,COMPLETE
214,-0.0006788925630036857,2025-12-07 02:26:32.594712,2025-12-07 02:26:34.238321,0 days 00:00:01.643609,0.805628388627223,0.0197131093847383,3,46,610,77,0.8000901019941699,0.11715700484700897,0.5437127144133598,122,extensive,122,COMPLETE
215,-0.0023553017249291854,2025-12-07 02:26:34.239327,2025-12-07 02:26:35.925122,0 days 00:00:01.685795,0.8115251845047395,0.018679935173585745,3,44,734,77,0.8882378340077984,1.3396652322280211,0.539347047183979,133,extensive,133,COMPLETE
216,-0.00047013022832450196,2025-12-07 02:26:35.927130,2025-12-07 02:26:37.631310,0 days 00:00:01.704180,0.8158392329767836,0.02054375716726175,3,42,523,79,0.7408573078525161,3.744205968361684,0.552750984826568,117,extensive,117,COMPLETE
217,0.00017292701304227887,2025-12-07 02:26:37.632822,2025-12-07 02:26:39.312181,0 days 00:00:01.679359,0.8190188647391435,0.02009927016959164,3,47,671,75,0.7202354943707706,3.9678447330452014,0.5747886655512581,119,extensive,119,COMPLETE
218,-0.0010267338065987897,2025-12-07 02:26:39.313178,2025-12-07 02:26:40.987230,0 days 00:00:01.674052,0.8323950509920225,0.020420561282408763,3,42,675,72,0.6060073878118182,3.2522492617773255,0.5599897071276115,117,extensive,117,COMPLETE
219,-0.002590128133755217,2025-12-07 02:26:40.988236,2025-12-07 02:26:42.721745,0 days 00:00:01.733509,0.8122749388067506,0.01976825274960318,3,43,575,76,0.7391102941400113,4.614696510480356,0.5685453592483214,146,extensive,146,COMPLETE
220,-0.0007779335801462173,2025-12-07 02:26:42.722752,2025-12-07 02:26:44.373165,0 days 00:00:01.650413,0.8185397740539194,0.021669879038167028,3,45,518,79,0.7464443592702769,2.3449623024750497,0.5803582293885776,127,extensive,127,COMPLETE
221,-8.351389334730157e-05,2025-12-07 02:26:44.374685,2025-12-07 02:26:46.045205,0 days 00:00:01.670520,0.5288491586324653,0.01836641254044511,3,48,627,73,0.8296223856710591,4.117433411874025,0.5525379573304413,116,extensive,116,COMPLETE
222,0.00014863443026943055,2025-12-07 02:26:46.046204,2025-12-07 02:26:47.685429,0 days 00:00:01.639225,0.8045615470731634,0.018312479751149042,3,47,627,74,0.8157983833283735,6.416089130876773,0.5554141746842964,117,extensive,117,COMPLETE
223,0.0001619487987383946,2025-12-07 02:26:47.686937,2025-12-07 02:26:49.388830,0 days 00:00:01.701893,0.8192853773019937,0.018145198887321193,3,47,668,72,0.8359381458663283,4.283516127182882,0.5500645010435807,115,extensive,115,COMPLETE
224,-0.0028938340897064485,2025-12-07 02:26:49.390836,2025-12-07 02:26:51.112472,0 days 00:00:01.721636,0.5348249858352927,0.01756164257043256,3,48,675,72,0.804866650769514,3.9254256718516016,0.5725502734321231,137,extensive,137,COMPLETE
225,-0.0018077338603215882,2025-12-07 02:26:51.113980,2025-12-07 02:26:52.864304,0 days 00:00:01.750324,0.8223850622834568,0.018339338596954916,3,47,594,70,0.6398131288262343,5.525580230794419,0.554271213605108,123,extensive,123,COMPLETE
226,-0.00015539908449209902,2025-12-07 02:26:52.865309,2025-12-07 02:26:54.535443,0 days 00:00:01.670134,0.8440209993578005,0.018164273807629118,3,40,706,70,0.9116172691645912,2.706625667824702,0.5519442260714641,114,extensive,114,COMPLETE
227,-0.0003338827525859456,2025-12-07 02:26:54.538752,2025-12-07 02:26:56.189487,0 days 00:00:01.650735,0.8418741149359008,0.018318814010186243,3,39,801,70,0.9384892670462087,2.7356314606975984,0.5657519561793222,110,extensive,110,COMPLETE
228,-0.0009377641833158146,2025-12-07 02:26:56.190486,2025-12-07 02:26:57.885281,0 days 00:00:01.694795,0.8346288730297645,0.01827756032977399,3,40,866,69,0.9127005300130714,2.626763440236657,0.5645156881705898,129,extensive,129,COMPLETE
229,-0.0003630666401975476,2025-12-07 02:26:57.886794,2025-12-07 02:26:59.589747,0 days 00:00:01.702953,0.8431401151515724,0.01897553122564889,3,40,836,73,0.9380258925610626,2.112441602674763,0.5296696859528573,110,extensive,110,COMPLETE
230,-0.00036435444326591665,2025-12-07 02:26:59.590746,2025-12-07 02:27:01.304141,0 days 00:00:01.713395,0.8480105453704794,0.01866623547167619,3,37,778,73,0.937447243698683,3.030752112984701,0.5719405944729199,113,extensive,113,COMPLETE
231,-0.0003479718617199386,2025-12-07 02:27:01.305140,2025-12-07 02:27:03.145641,0 days 00:00:01.840501,0.8448667873925472,0.018822674670588232,3,38,735,74,0.9383011827990602,2.007947820592597,0.5756627314300897,113,extensive,113,COMPLETE
232,-0.0003542805076762745,2025-12-07 02:27:03.146639,2025-12-07 02:27:04.912688,0 days 00:00:01.766049,0.85157222794309,0.019001543375818282,3,36,739,74,0.8507043067548496,2.187013132943174,0.5940301152952652,111,extensive,111,COMPLETE
233,-0.0003136172872288216,2025-12-07 02:27:04.913688,2025-12-07 02:27:06.797016,0 days 00:00:01.883328,0.8530370186515802,0.019497105720893696,3,36,778,74,0.882565305528336,2.1626597991430025,0.576440362512158,108,extensive,108,COMPLETE
234,-0.0005541697198177727,2025-12-07 02:27:06.798016,2025-12-07 02:27:08.630384,0 days 00:00:01.832368,0.8445314841544017,0.01894997842321475,3,36,774,74,0.8136413957134818,1.9682728448042874,0.5799357759022605,110,extensive,110,COMPLETE
235,-0.0005793329835639035,2025-12-07 02:27:08.632897,2025-12-07 02:27:10.475164,0 days 00:00:01.842267,0.8553483227228045,0.02022598995521031,3,38,726,73,0.819238909756344,2.1134408038277934,0.5845983327058828,109,extensive,109,COMPLETE
236,-0.0019927201577408424,2025-12-07 02:27:10.477175,2025-12-07 02:27:12.214822,0 days 00:00:01.737647,0.8457604328132389,0.021635988293648743,3,41,858,70,0.7047628734724057,3.1934188139787456,0.5907822241263304,106,extensive,106,COMPLETE
237,-0.00035217382885473675,2025-12-07 02:27:12.215329,2025-12-07 02:27:13.914933,0 days 00:00:01.699604,0.8407807615520303,0.01941738723627801,3,36,785,74,0.8847560419049352,2.913987397735696,0.5689606058415597,130,extensive,130,COMPLETE
238,-0.001947752458256032,2025-12-07 02:27:13.915939,2025-12-07 02:27:15.706976,0 days 00:00:01.791037,0.8570703846961981,0.017851858343342946,3,33,939,73,0.9025280296124936,2.768364841721358,0.5696226520086124,140,extensive,140,COMPLETE
239,-0.002551983177410603,2025-12-07 02:27:15.707975,2025-12-07 02:27:17.483654,0 days 00:00:01.775679,0.8494446716717259,0.019311057822172798,3,37,816,74,0.5559878761404753,2.4064800002049367,0.6091048970797794,129,extensive,129,COMPLETE
240,-0.0009188490179706429,2025-12-07 02:27:17.485660,2025-12-07 02:27:19.139391,0 days 00:00:01.653731,0.8383985669209593,0.016751525168770348,3,35,750,71,1.1018064034446815,3.0189599653488908,0.5741782619886691,114,extensive,114,COMPLETE
241,-0.0003116667423993154,2025-12-07 02:27:19.141390,2025-12-07 02:27:20.896377,0 days 00:00:01.754987,0.84157182223426,0.019747418110256407,3,38,821,73,0.8675638555487374,1.7620628418803521,0.5964804144176511,128,extensive,128,COMPLETE
242,-0.0009526727874513696,2025-12-07 02:27:20.897383,2025-12-07 02:27:22.620956,0 days 00:00:01.723573,0.8383391830794297,0.01926535620115394,3,38,875,68,0.800562380658397,2.1936471264858897,0.5892385693802349,121,extensive,121,COMPLETE
243,-0.00026185265735823027,2025-12-07 02:27:22.621962,2025-12-07 02:27:24.309777,0 days 00:00:01.687815,0.8571542417071192,0.018105363626686025,3,39,825,75,0.8802465062010463,1.7537436930522505,0.5957994500818778,106,extensive,106,COMPLETE
244,-0.0004316572771975539,2025-12-07 02:27:24.309777,2025-12-07 02:27:26.020654,0 days 00:00:01.710877,0.8580929841796875,0.019763236079932793,3,40,1002,75,0.9226675730999409,1.7274131733137577,0.6002517252323714,105,extensive,105,COMPLETE
245,-0.00196501982808317,2025-12-07 02:27:26.021659,2025-12-07 02:27:27.693252,0 days 00:00:01.671593,0.8430668294855761,0.01752497459858219,3,36,798,72,0.69265061642127,1.9598736500309635,0.5935341131117562,98,extensive,98,COMPLETE
246,-0.0005142909828321033,2025-12-07 02:27:27.694251,2025-12-07 02:27:29.283874,0 days 00:00:01.589623,0.8293926334726514,0.021237316200497545,3,38,898,75,0.9687232677780319,2.4592934021211366,0.5757009132172607,108,extensive,108,COMPLETE
247,-0.00018329323877856277,2025-12-07 02:27:29.284844,2025-12-07 02:27:31.049145,0 days 00:00:01.764301,0.8510227944260134,0.018899377314641697,3,40,731,73,0.8625366199373635,5.735151514499859,0.6205656172338864,132,extensive,132,COMPLETE
248,-0.0017409055908759556,2025-12-07 02:27:31.050152,2025-12-07 02:27:32.799787,0 days 00:00:01.749635,0.8625535562120007,0.01875792727448739,3,40,832,73,1.0921807309160054,6.924225606693418,0.6290879471867811,133,extensive,133,COMPLETE
249,-0.0022355874805667733,2025-12-07 02:27:32.800793,2025-12-07 02:27:34.475272,0 days 00:00:01.674479,0.8506816285752837,0.022053426227303295,3,34,703,71,0.7446822134619919,4.780563036904167,0.6083353794567078,139,extensive,139,COMPLETE
250,0.00015425368409949236,2025-12-07 02:27:34.476277,2025-12-07 02:27:36.147646,0 days 00:00:01.671369,0.8363998749381759,0.02002055958614022,3,37,761,75,0.8613775568805205,5.651426662607883,0.5649461091414821,117,extensive,117,COMPLETE
251,0.00013409542093467675,2025-12-07 02:27:36.148654,2025-12-07 02:27:37.961503,0 days 00:00:01.812849,0.8331954174229811,0.02014010419962977,3,37,763,74,0.851692115558427,5.236718462749649,0.5629623317720515,116,extensive,116,COMPLETE
252,-0.0016559720935109083,2025-12-07 02:27:37.963779,2025-12-07 02:27:39.677999,0 days 00:00:01.714220,0.8357727541526132,0.019497451332777454,3,36,720,74,2.5644922465507527,6.17046542743112,0.5675909772174104,114,extensive,114,COMPLETE
253,-0.00030178501621240067,2025-12-07 02:27:39.680006,2025-12-07 02:27:41.460449,0 days 00:00:01.780443,0.8490725513397437,0.01851959010242651,3,38,942,75,0.8734767539481638,5.310281630249989,0.580803044844044,126,extensive,126,COMPLETE
254,-0.0016019466687330342,2025-12-07 02:27:41.461450,2025-12-07 02:27:43.251806,0 days 00:00:01.790356,0.8353146751469148,0.020167287294773028,3,39,952,75,0.6559077407263032,6.3336050058838165,0.584054787700121,127,extensive,127,COMPLETE
255,-0.0021073821029901074,2025-12-07 02:27:43.252813,2025-12-07 02:27:45.012677,0 days 00:00:01.759864,0.8281055736032856,0.016547537972872527,3,41,833,76,0.8640127522322985,5.578720779249268,0.5599386663943211,141,extensive,141,COMPLETE
256,-0.0011629487854399878,2025-12-07 02:27:45.015192,2025-12-07 02:27:46.822222,0 days 00:00:01.807030,0.8572075270858079,0.01843761880810363,10,39,906,72,0.7839620884064612,4.234779647861079,0.5810367022491253,130,extensive,130,COMPLETE
257,-0.0016756718638850643,2025-12-07 02:27:46.823219,2025-12-07 02:27:48.545186,0 days 00:00:01.721967,0.8467728930498297,0.020705909599006034,3,34,727,76,1.0593872974281766,5.1262325039515355,0.5979286015223222,153,extensive,153,COMPLETE
258,-0.0006043509677068348,2025-12-07 02:27:48.546185,2025-12-07 02:27:50.299468,0 days 00:00:01.753283,0.8635835871130879,0.020050016217570774,3,36,1030,74,0.8740348566927315,1.5451184272471026,0.6183905286902596,121,extensive,121,COMPLETE
259,-0.002473840851357082,2025-12-07 02:27:50.300480,2025-12-07 02:27:52.061935,0 days 00:00:01.761455,0.8275561147759826,0.01759491415463233,3,32,795,70,0.5999320983828125,3.6344983879200328,0.562100818733849,113,extensive,113,COMPLETE
260,-0.002446060027705791,2025-12-07 02:27:52.063934,2025-12-07 02:27:53.942936,0 days 00:00:01.879002,0.8415238047680091,0.01899149860055574,3,43,689,73,0.9693787875523456,1.7481501032026419,0.5755325207392681,261,extensive,261,COMPLETE
261,-0.001344685911081352,2025-12-07 02:27:53.942936,2025-12-07 02:27:55.656618,0 days 00:00:01.713682,0.8543172970203482,0.02231889048421992,3,41,854,75,0.7185081583233495,7.607304425077131,0.5646245157430326,131,extensive,131,COMPLETE
262,-0.0007053857321950296,2025-12-07 02:27:55.658619,2025-12-07 02:27:57.339078,0 days 00:00:01.680459,0.8230655080746847,0.01607321177782032,3,38,747,72,0.865438965760616,2.120527505135295,0.5900593226053531,97,extensive,97,COMPLETE
263,-0.000758629553533711,2025-12-07 02:27:57.340075,2025-12-07 02:27:59.034707,0 days 00:00:01.694632,0.8734931138148307,0.01719389357641558,3,37,684,77,1.0000664742873169,5.09356367265632,0.5619074876039571,120,extensive,120,COMPLETE
264,-0.0016559720935109083,2025-12-07 02:27:59.035713,2025-12-07 02:28:00.768630,0 days 00:00:01.732917,0.8404622673993414,0.021071260569586647,3,40,922,74,2.0231389267219386,1.9003571300961717,0.6024787074645481,147,extensive,147,COMPLETE
265,-0.0006840597768067447,2025-12-07 02:28:00.769762,2025-12-07 02:28:02.567652,0 days 00:00:01.797890,0.8629440325899552,0.0405729366130981,3,44,804,67,0.7671515362199569,5.820435851929058,0.554901848640106,109,extensive,109,COMPLETE
266,-0.011728107317678335,2025-12-07 02:28:02.568652,2025-12-07 02:28:04.852677,0 days 00:00:02.284025,0.848702509857866,0.019585349398599114,3,34,1179,71,0.48735749925031613,2.5198156092069772,0.5818542925152388,209,extensive,209,COMPLETE
267,-0.0018885098709580477,2025-12-07 02:28:04.854248,2025-12-07 02:28:06.622693,0 days 00:00:01.768445,0.8316327517938086,0.018474159596956873,3,42,658,76,0.6437635049632195,6.769119592245956,0.5504795700134145,126,extensive,126,COMPLETE
268,-0.0002473430419022889,2025-12-07 02:28:06.625209,2025-12-07 02:28:08.301206,0 days 00:00:01.675997,0.8765703917495841,0.01814445015305593,3,38,742,74,0.8517343148092674,4.334443454926781,0.5739010340489924,102,extensive,102,COMPLETE
269,-0.0010338237407263584,2025-12-07 02:28:08.303213,2025-12-07 02:28:09.983419,0 days 00:00:01.680206,0.8795531899416638,0.016524298905825317,3,31,750,75,0.806862004634036,4.290212633917118,0.5736831125583607,96,extensive,96,COMPLETE
270,-0.001364947089051068,2025-12-07 02:28:09.984798,2025-12-07 02:28:11.642920,0 days 00:00:01.658122,0.883430680094206,0.017696103373881274,3,38,646,71,0.7092647069328728,4.941359519689186,0.5959764296273868,102,extensive,102,COMPLETE
271,-0.00221188871582223,2025-12-07 02:28:11.643926,2025-12-07 02:28:13.384804,0 days 00:00:01.740878,0.8731581558459327,0.02028030697847352,3,35,732,65,0.8566780736417934,4.012534931604436,0.5857369603129369,135,extensive,135,COMPLETE
272,-0.0006255432412967851,2025-12-07 02:28:13.385800,2025-12-07 02:28:15.094736,0 days 00:00:01.708936,0.865523247993983,0.022381819764450875,3,36,654,74,1.05604522888675,3.631902616850429,0.5687949756766394,117,extensive,117,COMPLETE
273,-0.0016838545120713884,2025-12-07 02:28:15.095736,2025-12-07 02:28:16.848232,0 days 00:00:01.752496,0.8552995436095505,0.01801454521594544,3,38,793,77,0.5792221491628116,4.4786813529382234,0.5579061369407348,105,extensive,105,COMPLETE
274,-0.0014185663060363174,2025-12-07 02:28:16.849231,2025-12-07 02:28:18.593237,0 days 00:00:01.744006,0.5001221724594518,0.02091677884415994,3,43,887,75,0.7773233289378978,8.655324422923698,0.6511811308454692,121,extensive,121,COMPLETE
275,-0.0006119942045257712,2025-12-07 02:28:18.594236,2025-12-07 02:28:20.328687,0 days 00:00:01.734451,0.8228151161802273,0.019579041707920013,3,40,708,69,0.9105424362486837,5.358911705263226,0.5774781124190442,95,extensive,95,COMPLETE
276,-0.0015682043085223363,2025-12-07 02:28:20.329684,2025-12-07 02:28:22.051014,0 days 00:00:01.721330,0.8903868036326194,0.016677223784424305,3,37,648,73,1.1304226877938572,6.157158632050157,0.5659697536707209,143,extensive,143,COMPLETE
277,-0.0010114112297486821,2025-12-07 02:28:22.052020,2025-12-07 02:28:23.786384,0 days 00:00:01.734364,0.8372403404060987,0.018794812839457338,3,39,775,72,1.0005745313991294,2.7960599635126666,0.5511791091685583,128,extensive,128,COMPLETE
278,-0.0017602697250143073,2025-12-07 02:28:23.787390,2025-12-07 02:28:25.420985,0 days 00:00:01.633595,0.8522871949705255,0.017876630537834514,3,45,632,76,0.6812208074901832,2.0181192964190187,0.6087893233616957,113,extensive,113,COMPLETE
279,-0.0016559720935109083,2025-12-07 02:28:25.421983,2025-12-07 02:28:27.371661,0 days 00:00:01.949678,0.8753903311201081,0.02136793795636821,8,32,948,74,2.385936954233875,2.2708577171987776,0.5720045574071013,291,extensive,291,COMPLETE
280,0.0003094365481967065,2025-12-07 02:28:27.372667,2025-12-07 02:28:29.005133,0 days 00:00:01.632466,0.8663754387959836,0.019880153545036697,3,41,710,70,0.8782953076952817,3.4838410887142506,0.5901282617044841,117,extensive,117,COMPLETE
281,-0.0008838178263027574,2025-12-07 02:28:29.006130,2025-12-07 02:28:30.601021,0 days 00:00:01.594891,0.8649446676082423,0.015735596092374328,3,41,831,70,0.9630285519315249,3.3399357147518924,0.5592688262075464,124,extensive,124,COMPLETE
282,-0.0022032060106103777,2025-12-07 02:28:30.603019,2025-12-07 02:28:32.369998,0 days 00:00:01.766979,0.8812823702393575,0.020343006506806403,3,44,626,68,0.7748844688271929,4.373527267792234,0.5833490191804418,135,extensive,135,COMPLETE
283,-0.00014193084588480046,2025-12-07 02:28:32.371004,2025-12-07 02:28:34.183586,0 days 00:00:01.812582,0.819496020181314,0.02306637521512676,3,42,1753,71,0.88685696948813,3.930334227607609,0.5502373718290151,101,extensive,101,COMPLETE
284,-0.0010202849071606994,2025-12-07 02:28:34.184097,2025-12-07 02:28:35.853361,0 days 00:00:01.669264,0.8214734387722049,0.023135260123525604,12,43,708,69,1.1435152025338295,3.4101573357493447,0.546805073560002,94,extensive,94,COMPLETE
285,-0.0006823200659361225,2025-12-07 02:28:35.854358,2025-12-07 02:28:37.599906,0 days 00:00:01.745548,0.8960738412343899,0.022760982500195783,3,42,1051,71,1.0277507454709807,4.7259789986182295,0.6281971909173636,103,extensive,103,COMPLETE
286,-0.0024580089237956626,2025-12-07 02:28:37.600906,2025-12-07 02:28:39.483790,0 days 00:00:01.882884,0.8170587111723275,0.021667630221170454,3,45,2125,72,0.674919464045761,4.00983670412699,0.5476117776408752,103,extensive,103,COMPLETE
287,-0.13740162627430474,2025-12-07 02:28:39.484797,2025-12-07 02:28:42.259011,0 days 00:00:02.774214,0.8303417921466035,0.025229884574110656,3,41,1501,70,0.07597699398728364,3.7370962363717175,0.5574041038620535,115,extensive,115,COMPLETE
288,-0.0010927354523022255,2025-12-07 02:28:42.260009,2025-12-07 02:28:44.224805,0 days 00:00:01.964796,0.8588047628928199,0.01705211604719091,3,39,2321,77,0.8212291027029823,5.379791417885805,0.5426047157510189,93,extensive,93,COMPLETE
289,-0.0049776552373337335,2025-12-07 02:28:44.225803,2025-12-07 02:28:46.016741,0 days 00:00:01.790938,0.868349303040932,0.02031005364851603,3,42,606,72,0.5270745714333729,1.0128450086836849,0.5778034339829695,115,extensive,115,COMPLETE
290,-0.0005483573129230571,2025-12-07 02:28:46.018749,2025-12-07 02:28:47.727775,0 days 00:00:01.709026,0.8817405641743703,0.01803313344495599,3,45,676,73,0.9448076467912442,1.8195266334631581,0.5651579626434549,105,extensive,105,COMPLETE
291,-0.0004959849388589769,2025-12-07 02:28:47.728780,2025-12-07 02:28:49.445708,0 days 00:00:01.716928,0.8340867724830753,0.024313984208164847,3,47,882,76,0.7456758362064675,1.640957911988162,0.5321922031515323,117,extensive,117,COMPLETE
292,-0.0003256311971917188,2025-12-07 02:28:49.447718,2025-12-07 02:28:51.143071,0 days 00:00:01.695353,0.8493679980974168,0.04535573890055506,4,39,730,71,0.8928504594947758,4.854453804070947,0.5526441759760974,96,extensive,96,COMPLETE
293,-0.0024064872277135643,2025-12-07 02:28:51.144079,2025-12-07 02:28:52.850750,0 days 00:00:01.706671,0.8172067313081731,0.021360842470736743,4,29,632,69,0.6335808714929327,4.688797403580472,0.550756735642389,93,extensive,93,COMPLETE
294,-0.00024344733547047395,2025-12-07 02:28:52.852765,2025-12-07 02:28:54.517329,0 days 00:00:01.664564,0.8887756896471337,0.047786384979845976,4,40,788,71,0.8654087495237306,4.341800488199374,0.662618272335139,101,extensive,101,COMPLETE
295,-0.0016959626748823304,2025-12-07 02:28:54.518335,2025-12-07 02:28:56.216668,0 days 00:00:01.698333,0.8689067563079556,0.05161218624960637,4,40,990,67,0.8342099882688885,4.090382482250561,0.5567541790108921,94,extensive,94,COMPLETE
296,-0.002794888166277598,2025-12-07 02:28:56.218199,2025-12-07 02:28:58.026521,0 days 00:00:01.808322,0.6001551799207948,0.01597880055908746,4,43,1795,71,0.7345781566083854,5.037064333706814,0.671167204128114,102,extensive,102,COMPLETE
297,-0.0006993211049356832,2025-12-07 02:28:58.027529,2025-12-07 02:28:59.710609,0 days 00:00:01.683080,0.8842543370879846,0.03498007403363599,4,41,827,71,1.055051792102442,4.462831179801978,0.6434472336435906,89,extensive,89,COMPLETE
298,-0.0016559720935109083,2025-12-07 02:28:59.711606,2025-12-07 02:29:01.720964,0 days 00:00:02.009358,0.8591367210853025,0.04756620727466656,4,39,760,69,3.8735857648353775,6.93567823229616,0.6615582605198214,380,extensive,380,COMPLETE
299,-0.011773579548056615,2025-12-07 02:29:01.721963,2025-12-07 02:29:03.533780,0 days 00:00:01.811817,0.8272527297268818,0.04390631559806228,4,44,893,72,0.3908926379426726,5.788893204023263,0.5906421274135156,123,extensive,123,COMPLETE
