number,value,datetime_start,datetime_complete,duration,params_selector__k,user_attrs_feature_level,user_attrs_top_k_features,state
0,-114634382.20981304,2025-12-07 01:48:25.727221,2025-12-07 01:48:28.723890,0 days 00:00:02.996669,188,extensive,188,COMPLETE
1,-34158927.119085245,2025-12-07 01:48:28.725015,2025-12-07 01:48:31.371521,0 days 00:00:02.646506,476,extensive,476,COMPLETE
2,-75363275.47244115,2025-12-07 01:48:31.372522,2025-12-07 01:48:33.853781,0 days 00:00:02.481259,366,extensive,366,COMPLETE
3,-97121721.53943932,2025-12-07 01:48:33.854785,2025-12-07 01:48:36.257025,0 days 00:00:02.402240,300,extensive,300,COMPLETE
4,-0.9380237345233349,2025-12-07 01:48:36.258591,2025-12-07 01:48:38.609521,0 days 00:00:02.350930,79,extensive,79,COMPLETE
5,-0.939270373395381,2025-12-07 01:48:38.610424,2025-12-07 01:48:40.473235,0 days 00:00:01.862811,78,extensive,78,COMPLETE
6,-0.34061329142113594,2025-12-07 01:48:40.475015,2025-12-07 01:48:41.922009,0 days 00:00:01.446994,30,extensive,30,COMPLETE
7,-81368351.96784765,2025-12-07 01:48:41.923116,2025-12-07 01:48:43.572013,0 days 00:00:01.648897,434,extensive,434,COMPLETE
8,-97121721.33609699,2025-12-07 01:48:43.572013,2025-12-07 01:48:45.122493,0 days 00:00:01.550480,301,extensive,301,COMPLETE
9,-75363271.30611633,2025-12-07 01:48:45.123505,2025-12-07 01:48:46.741748,0 days 00:00:01.618243,355,extensive,355,COMPLETE
10,-0.010409126173960429,2025-12-07 01:48:46.742793,2025-12-07 01:48:48.221432,0 days 00:00:01.478639,11,extensive,11,COMPLETE
11,0.00013629396337352015,2025-12-07 01:48:48.221432,2025-12-07 01:48:49.674395,0 days 00:00:01.452963,1,extensive,1,COMPLETE
12,-114912075.5689938,2025-12-07 01:48:49.675564,2025-12-07 01:48:51.124474,0 days 00:00:01.448910,164,extensive,164,COMPLETE
13,0.001391881667360891,2025-12-07 01:48:51.126148,2025-12-07 01:48:52.505569,0 days 00:00:01.379421,3,extensive,3,COMPLETE
14,-114912075.56196363,2025-12-07 01:48:52.506918,2025-12-07 01:48:54.005891,0 days 00:00:01.498973,159,extensive,159,COMPLETE
15,-0.9280956294018109,2025-12-07 01:48:54.007030,2025-12-07 01:48:55.490126,0 days 00:00:01.483096,87,extensive,87,COMPLETE
16,0.0008291072913103233,2025-12-07 01:48:55.490632,2025-12-07 01:48:56.972693,0 days 00:00:01.482061,4,extensive,4,COMPLETE
17,-75252.01071687622,2025-12-07 01:48:56.973782,2025-12-07 01:48:58.492456,0 days 00:00:01.518674,120,extensive,120,COMPLETE
18,-127946575.79412733,2025-12-07 01:48:58.493460,2025-12-07 01:49:00.024091,0 days 00:00:01.530631,229,extensive,229,COMPLETE
19,-0.5320558187157862,2025-12-07 01:49:00.025091,2025-12-07 01:49:01.542028,0 days 00:00:01.516937,63,extensive,63,COMPLETE
20,-114912075.48758264,2025-12-07 01:49:01.542028,2025-12-07 01:49:03.041674,0 days 00:00:01.499646,141,extensive,141,COMPLETE
21,0.000799304423594919,2025-12-07 01:49:03.043277,2025-12-07 01:49:04.524989,0 days 00:00:01.481712,2,extensive,2,COMPLETE
22,-0.4534630567419265,2025-12-07 01:49:04.526046,2025-12-07 01:49:06.023338,0 days 00:00:01.497292,37,extensive,37,COMPLETE
23,-0.45508711879011216,2025-12-07 01:49:06.025498,2025-12-07 01:49:07.506674,0 days 00:00:01.481176,46,extensive,46,COMPLETE
24,-1.066687333267706,2025-12-07 01:49:07.507782,2025-12-07 01:49:09.024388,0 days 00:00:01.516606,112,extensive,112,COMPLETE
25,-0.010409126173960429,2025-12-07 01:49:09.025392,2025-12-07 01:49:10.493216,0 days 00:00:01.467824,11,extensive,11,COMPLETE
26,-1.0666873332677114,2025-12-07 01:49:10.494271,2025-12-07 01:49:11.989002,0 days 00:00:01.494731,107,extensive,107,COMPLETE
27,-124642226.49894436,2025-12-07 01:49:11.990333,2025-12-07 01:49:13.526114,0 days 00:00:01.535781,225,extensive,225,COMPLETE
28,-0.5360179303110815,2025-12-07 01:49:13.527205,2025-12-07 01:49:14.993141,0 days 00:00:01.465936,51,extensive,51,COMPLETE
29,-122912675.66249497,2025-12-07 01:49:14.994326,2025-12-07 01:49:16.476767,0 days 00:00:01.482441,194,extensive,194,COMPLETE
30,-122912675.66249497,2025-12-07 01:49:16.477814,2025-12-07 01:49:17.921092,0 days 00:00:01.443278,194,extensive,194,COMPLETE
31,-0.011323246545764368,2025-12-07 01:49:17.921092,2025-12-07 01:49:19.358342,0 days 00:00:01.437250,7,extensive,7,COMPLETE
32,-0.011323246545764368,2025-12-07 01:49:19.358856,2025-12-07 01:49:20.742955,0 days 00:00:01.384099,7,extensive,7,COMPLETE
33,-0.49026481398380467,2025-12-07 01:49:20.744071,2025-12-07 01:49:22.142738,0 days 00:00:01.398667,57,extensive,57,COMPLETE
34,-0.4579573080936658,2025-12-07 01:49:22.143917,2025-12-07 01:49:23.560389,0 days 00:00:01.416472,33,extensive,33,COMPLETE
35,-0.9962313949919167,2025-12-07 01:49:23.561436,2025-12-07 01:49:25.025555,0 days 00:00:01.464119,102,extensive,102,COMPLETE
36,0.001391881667360891,2025-12-07 01:49:25.026063,2025-12-07 01:49:26.443551,0 days 00:00:01.417488,3,extensive,3,COMPLETE
37,-121642737.53286202,2025-12-07 01:49:26.444584,2025-12-07 01:49:28.074867,0 days 00:00:01.630283,499,extensive,499,COMPLETE
38,-0.9242770603041949,2025-12-07 01:49:28.075915,2025-12-07 01:49:29.575201,0 days 00:00:01.499286,86,extensive,86,COMPLETE
39,-0.4530154297209716,2025-12-07 01:49:29.576206,2025-12-07 01:49:31.059191,0 days 00:00:01.482985,35,extensive,35,COMPLETE
40,-81814916.154369,2025-12-07 01:49:31.059191,2025-12-07 01:49:32.692451,0 days 00:00:01.633260,432,extensive,432,COMPLETE
41,0.001391881667360891,2025-12-07 01:49:32.693797,2025-12-07 01:49:34.208418,0 days 00:00:01.514621,3,extensive,3,COMPLETE
42,-0.8615430360425625,2025-12-07 01:49:34.209420,2025-12-07 01:49:35.661812,0 days 00:00:01.452392,71,extensive,71,COMPLETE
43,-0.33890227150881974,2025-12-07 01:49:35.661812,2025-12-07 01:49:37.111641,0 days 00:00:01.449829,31,extensive,31,COMPLETE
44,-0.10713237910019376,2025-12-07 01:49:37.111641,2025-12-07 01:49:38.559194,0 days 00:00:01.447553,20,extensive,20,COMPLETE
45,-98113330.56709112,2025-12-07 01:49:38.559707,2025-12-07 01:49:40.108447,0 days 00:00:01.548740,323,extensive,323,COMPLETE
46,0.000799304423594919,2025-12-07 01:49:40.109708,2025-12-07 01:49:41.611506,0 days 00:00:01.501798,2,extensive,2,COMPLETE
47,-0.8770486477845144,2025-12-07 01:49:41.611506,2025-12-07 01:49:43.111226,0 days 00:00:01.499720,65,extensive,65,COMPLETE
48,-85902.83220769842,2025-12-07 01:49:43.112290,2025-12-07 01:49:44.593666,0 days 00:00:01.481376,134,extensive,134,COMPLETE
49,-107358461.00417668,2025-12-07 01:49:44.594107,2025-12-07 01:49:46.110753,0 days 00:00:01.516646,273,extensive,273,COMPLETE
50,-0.9309188096474011,2025-12-07 01:49:46.111798,2025-12-07 01:49:47.528361,0 days 00:00:01.416563,91,extensive,91,COMPLETE
51,0.001391881667360891,2025-12-07 01:49:47.529471,2025-12-07 01:49:48.992614,0 days 00:00:01.463143,3,extensive,3,COMPLETE
52,-0.16363893036512547,2025-12-07 01:49:48.993618,2025-12-07 01:49:50.475720,0 days 00:00:01.482102,25,extensive,25,COMPLETE
53,-0.454065649603768,2025-12-07 01:49:50.476995,2025-12-07 01:49:51.954771,0 days 00:00:01.477776,47,extensive,47,COMPLETE
54,-0.14977220088363138,2025-12-07 01:49:51.955955,2025-12-07 01:49:53.459654,0 days 00:00:01.503699,24,extensive,24,COMPLETE
55,-0.8613539092891772,2025-12-07 01:49:53.460656,2025-12-07 01:49:54.962404,0 days 00:00:01.501748,72,extensive,72,COMPLETE
56,-0.5360179303110815,2025-12-07 01:49:54.963408,2025-12-07 01:49:56.461766,0 days 00:00:01.498358,51,extensive,51,COMPLETE
57,0.00013629396337352015,2025-12-07 01:49:56.463445,2025-12-07 01:49:57.954385,0 days 00:00:01.490940,1,extensive,1,COMPLETE
58,-0.1386605928207478,2025-12-07 01:49:57.955389,2025-12-07 01:49:59.412290,0 days 00:00:01.456901,22,extensive,22,COMPLETE
59,-78976425.29284357,2025-12-07 01:49:59.413321,2025-12-07 01:50:01.063258,0 days 00:00:01.649937,408,extensive,408,COMPLETE
60,-0.44123213377022735,2025-12-07 01:50:01.064262,2025-12-07 01:50:02.651509,0 days 00:00:01.587247,48,extensive,48,COMPLETE
61,-0.010674821554269206,2025-12-07 01:50:02.652722,2025-12-07 01:50:04.226163,0 days 00:00:01.573441,10,extensive,10,COMPLETE
62,0.001391881667360891,2025-12-07 01:50:04.226163,2025-12-07 01:50:05.762030,0 days 00:00:01.535867,3,extensive,3,COMPLETE
63,-0.4534630567419265,2025-12-07 01:50:05.763636,2025-12-07 01:50:07.225591,0 days 00:00:01.461955,37,extensive,37,COMPLETE
64,0.00013629396337352015,2025-12-07 01:50:07.225591,2025-12-07 01:50:08.677676,0 days 00:00:01.452085,1,extensive,1,COMPLETE
65,-0.10713237910019376,2025-12-07 01:50:08.679312,2025-12-07 01:50:10.145522,0 days 00:00:01.466210,20,extensive,20,COMPLETE
66,-0.8770486477845144,2025-12-07 01:50:10.146650,2025-12-07 01:50:11.626664,0 days 00:00:01.480014,65,extensive,65,COMPLETE
67,-0.4807108000418112,2025-12-07 01:50:11.627876,2025-12-07 01:50:13.094236,0 days 00:00:01.466360,39,extensive,39,COMPLETE
68,-0.04800100759305718,2025-12-07 01:50:13.095241,2025-12-07 01:50:14.579736,0 days 00:00:01.484495,17,extensive,17,COMPLETE
69,-0.9296080898382267,2025-12-07 01:50:14.580858,2025-12-07 01:50:16.044719,0 days 00:00:01.463861,92,extensive,92,COMPLETE
70,-0.5330826091822438,2025-12-07 01:50:16.045724,2025-12-07 01:50:17.463060,0 days 00:00:01.417336,55,extensive,55,COMPLETE
71,0.000799304423594919,2025-12-07 01:50:17.463683,2025-12-07 01:50:18.994192,0 days 00:00:01.530509,2,extensive,2,COMPLETE
72,-0.04800100759305718,2025-12-07 01:50:18.995209,2025-12-07 01:50:20.478377,0 days 00:00:01.483168,17,extensive,17,COMPLETE
73,-0.4579573080936658,2025-12-07 01:50:20.480021,2025-12-07 01:50:21.963789,0 days 00:00:01.483768,33,extensive,33,COMPLETE
74,0.00013629396337352015,2025-12-07 01:50:21.964793,2025-12-07 01:50:23.447085,0 days 00:00:01.482292,1,extensive,1,COMPLETE
75,-0.04800100759305718,2025-12-07 01:50:23.448641,2025-12-07 01:50:24.954391,0 days 00:00:01.505750,17,extensive,17,COMPLETE
76,-0.8617656336379534,2025-12-07 01:50:24.955468,2025-12-07 01:50:26.643395,0 days 00:00:01.687927,76,extensive,76,COMPLETE
77,-0.4731315592445838,2025-12-07 01:50:26.644401,2025-12-07 01:50:28.210294,0 days 00:00:01.565893,44,extensive,44,COMPLETE
78,-0.34061329142113594,2025-12-07 01:50:28.211299,2025-12-07 01:50:29.780749,0 days 00:00:01.569450,30,extensive,30,COMPLETE
79,-0.49425653385147705,2025-12-07 01:50:29.781820,2025-12-07 01:50:31.326599,0 days 00:00:01.544779,60,extensive,60,COMPLETE
80,-114912075.5706358,2025-12-07 01:50:31.327965,2025-12-07 01:50:32.921398,0 days 00:00:01.593433,166,extensive,166,COMPLETE
81,0.0008291072913103233,2025-12-07 01:50:32.923286,2025-12-07 01:50:34.527989,0 days 00:00:01.604703,4,extensive,4,COMPLETE
82,-0.012733381500614538,2025-12-07 01:50:34.529085,2025-12-07 01:50:36.029357,0 days 00:00:01.500272,13,extensive,13,COMPLETE
83,-0.3186315686483496,2025-12-07 01:50:36.030354,2025-12-07 01:50:37.510162,0 days 00:00:01.479808,28,extensive,28,COMPLETE
84,-0.010750185032226356,2025-12-07 01:50:37.510666,2025-12-07 01:50:39.045540,0 days 00:00:01.534874,12,extensive,12,COMPLETE
85,-0.4731315592445833,2025-12-07 01:50:39.046545,2025-12-07 01:50:40.547724,0 days 00:00:01.501179,43,extensive,43,COMPLETE
86,0.000799304423594919,2025-12-07 01:50:40.548830,2025-12-07 01:50:42.061670,0 days 00:00:01.512840,2,extensive,2,COMPLETE
87,-0.3186315686483496,2025-12-07 01:50:42.062877,2025-12-07 01:50:43.597940,0 days 00:00:01.535063,28,extensive,28,COMPLETE
88,-127709806.792454,2025-12-07 01:50:43.598945,2025-12-07 01:50:45.213589,0 days 00:00:01.614644,223,extensive,223,COMPLETE
89,-0.012733381500614538,2025-12-07 01:50:45.214099,2025-12-07 01:50:46.710602,0 days 00:00:01.496503,13,extensive,13,COMPLETE
90,-75363271.30611633,2025-12-07 01:50:46.712133,2025-12-07 01:50:48.381352,0 days 00:00:01.669219,355,extensive,355,COMPLETE
91,0.00013629396337352015,2025-12-07 01:50:48.382393,2025-12-07 01:50:50.048377,0 days 00:00:01.665984,1,extensive,1,COMPLETE
92,-0.14697050684435572,2025-12-07 01:50:50.049377,2025-12-07 01:50:51.775955,0 days 00:00:01.726578,23,extensive,23,COMPLETE
93,-0.47349228254818015,2025-12-07 01:50:51.776961,2025-12-07 01:50:53.402376,0 days 00:00:01.625415,40,extensive,40,COMPLETE
94,-0.010750185032226356,2025-12-07 01:50:53.403380,2025-12-07 01:50:55.038390,0 days 00:00:01.635010,12,extensive,12,COMPLETE
95,-0.5330826091822434,2025-12-07 01:50:55.039391,2025-12-07 01:50:56.646183,0 days 00:00:01.606792,54,extensive,54,COMPLETE
96,0.00013629396337352015,2025-12-07 01:50:56.647188,2025-12-07 01:50:58.356585,0 days 00:00:01.709397,1,extensive,1,COMPLETE
97,-0.31288649096271487,2025-12-07 01:50:58.356585,2025-12-07 01:51:00.042364,0 days 00:00:01.685779,32,extensive,32,COMPLETE
98,-0.1386605928207478,2025-12-07 01:51:00.043369,2025-12-07 01:51:01.706204,0 days 00:00:01.662835,22,extensive,22,COMPLETE
99,-0.9225821411965525,2025-12-07 01:51:01.708206,2025-12-07 01:51:03.362786,0 days 00:00:01.654580,81,extensive,81,COMPLETE
100,-0.010409126173960429,2025-12-07 01:51:03.364360,2025-12-07 01:51:05.029707,0 days 00:00:01.665347,11,extensive,11,COMPLETE
101,0.00013629396337352015,2025-12-07 01:51:05.030808,2025-12-07 01:51:06.732866,0 days 00:00:01.702058,1,extensive,1,COMPLETE
102,-0.47349228254818015,2025-12-07 01:51:06.734051,2025-12-07 01:51:08.283929,0 days 00:00:01.549878,40,extensive,40,COMPLETE
103,-0.011010024908003365,2025-12-07 01:51:08.285130,2025-12-07 01:51:09.911173,0 days 00:00:01.626043,9,extensive,9,COMPLETE
104,-0.14697050684435572,2025-12-07 01:51:09.912176,2025-12-07 01:51:11.460823,0 days 00:00:01.548647,23,extensive,23,COMPLETE
105,-0.8770486477845144,2025-12-07 01:51:11.461828,2025-12-07 01:51:13.019455,0 days 00:00:01.557627,65,extensive,65,COMPLETE
106,-0.011010024908003365,2025-12-07 01:51:13.020456,2025-12-07 01:51:14.589832,0 days 00:00:01.569376,9,extensive,9,COMPLETE
107,-0.5366087686561688,2025-12-07 01:51:14.589832,2025-12-07 01:51:16.197066,0 days 00:00:01.607234,49,extensive,49,COMPLETE
108,-0.4530154297209716,2025-12-07 01:51:16.198194,2025-12-07 01:51:17.745936,0 days 00:00:01.547742,35,extensive,35,COMPLETE
109,-0.1386605928207478,2025-12-07 01:51:17.746941,2025-12-07 01:51:19.445982,0 days 00:00:01.699041,22,extensive,22,COMPLETE
110,-0.01102976205781018,2025-12-07 01:51:19.446982,2025-12-07 01:51:21.154991,0 days 00:00:01.708009,8,extensive,8,COMPLETE
111,0.000799304423594919,2025-12-07 01:51:21.155995,2025-12-07 01:51:22.817975,0 days 00:00:01.661980,2,extensive,2,COMPLETE
112,-0.04807846876274654,2025-12-07 01:51:22.818980,2025-12-07 01:51:24.449917,0 days 00:00:01.630937,18,extensive,18,COMPLETE
113,0.00013629396337352015,2025-12-07 01:51:24.449917,2025-12-07 01:51:26.145790,0 days 00:00:01.695873,1,extensive,1,COMPLETE
114,-0.33982639641997886,2025-12-07 01:51:26.147398,2025-12-07 01:51:27.683571,0 days 00:00:01.536173,29,extensive,29,COMPLETE
115,-0.011992748964072689,2025-12-07 01:51:27.684738,2025-12-07 01:51:29.245173,0 days 00:00:01.560435,16,extensive,16,COMPLETE
116,-0.4807108000418112,2025-12-07 01:51:29.245173,2025-12-07 01:51:30.764819,0 days 00:00:01.519646,39,extensive,39,COMPLETE
117,-97121962.85869212,2025-12-07 01:51:30.765833,2025-12-07 01:51:32.430052,0 days 00:00:01.664219,314,extensive,314,COMPLETE
118,-0.34061329142113594,2025-12-07 01:51:32.431053,2025-12-07 01:51:33.998709,0 days 00:00:01.567656,30,extensive,30,COMPLETE
119,-0.49026481398380467,2025-12-07 01:51:33.999717,2025-12-07 01:51:35.582303,0 days 00:00:01.582586,57,extensive,57,COMPLETE
120,-0.01102976205781018,2025-12-07 01:51:35.583304,2025-12-07 01:51:37.117146,0 days 00:00:01.533842,8,extensive,8,COMPLETE
121,-0.04807846876274654,2025-12-07 01:51:37.118146,2025-12-07 01:51:38.648807,0 days 00:00:01.530661,18,extensive,18,COMPLETE
122,0.001391881667360891,2025-12-07 01:51:38.649811,2025-12-07 01:51:40.213821,0 days 00:00:01.564010,3,extensive,3,COMPLETE
123,0.0008291072913103233,2025-12-07 01:51:40.214327,2025-12-07 01:51:41.749081,0 days 00:00:01.534754,4,extensive,4,COMPLETE
124,-0.16363893036512547,2025-12-07 01:51:41.750085,2025-12-07 01:51:43.396668,0 days 00:00:01.646583,25,extensive,25,COMPLETE
125,-0.010750185032226356,2025-12-07 01:51:43.397672,2025-12-07 01:51:44.968303,0 days 00:00:01.570631,12,extensive,12,COMPLETE
126,-0.5366087686561688,2025-12-07 01:51:44.969300,2025-12-07 01:51:46.499240,0 days 00:00:01.529940,49,extensive,49,COMPLETE
127,-0.4530154297209716,2025-12-07 01:51:46.500790,2025-12-07 01:51:47.943808,0 days 00:00:01.443018,35,extensive,35,COMPLETE
128,-0.011992748964072689,2025-12-07 01:51:47.944811,2025-12-07 01:51:49.433141,0 days 00:00:01.488330,16,extensive,16,COMPLETE
129,0.000799304423594919,2025-12-07 01:51:49.434461,2025-12-07 01:51:50.903168,0 days 00:00:01.468707,2,extensive,2,COMPLETE
130,-74780973.38149793,2025-12-07 01:51:50.903168,2025-12-07 01:51:52.532095,0 days 00:00:01.628927,382,extensive,382,COMPLETE
131,0.00013629396337352015,2025-12-07 01:51:52.533176,2025-12-07 01:51:54.016245,0 days 00:00:01.483069,1,extensive,1,COMPLETE
132,-0.010409126173960429,2025-12-07 01:51:54.017248,2025-12-07 01:51:55.532218,0 days 00:00:01.514970,11,extensive,11,COMPLETE
133,-125765402.21044789,2025-12-07 01:51:55.533322,2025-12-07 01:51:57.117649,0 days 00:00:01.584327,258,extensive,258,COMPLETE
134,-0.16363893036512547,2025-12-07 01:51:57.118654,2025-12-07 01:51:58.652895,0 days 00:00:01.534241,25,extensive,25,COMPLETE
135,-0.010674821554269206,2025-12-07 01:51:58.653923,2025-12-07 01:52:00.160693,0 days 00:00:01.506770,10,extensive,10,COMPLETE
136,0.00013629396337352015,2025-12-07 01:52:00.162167,2025-12-07 01:52:01.685133,0 days 00:00:01.522966,1,extensive,1,COMPLETE
137,-0.4731315592445832,2025-12-07 01:52:01.686172,2025-12-07 01:52:03.246354,0 days 00:00:01.560182,42,extensive,42,COMPLETE
138,-0.14697050684435572,2025-12-07 01:52:03.246354,2025-12-07 01:52:04.848785,0 days 00:00:01.602431,23,extensive,23,COMPLETE
139,-0.33890227150881974,2025-12-07 01:52:04.849581,2025-12-07 01:52:06.331751,0 days 00:00:01.482170,31,extensive,31,COMPLETE
140,-0.011992748964072689,2025-12-07 01:52:06.332752,2025-12-07 01:52:07.898970,0 days 00:00:01.566218,16,extensive,16,COMPLETE
141,0.000799304423594919,2025-12-07 01:52:07.898970,2025-12-07 01:52:09.598610,0 days 00:00:01.699640,2,extensive,2,COMPLETE
142,0.000799304423594919,2025-12-07 01:52:09.599616,2025-12-07 01:52:11.240515,0 days 00:00:01.640899,2,extensive,2,COMPLETE
143,-0.010409126173960429,2025-12-07 01:52:11.242161,2025-12-07 01:52:12.899453,0 days 00:00:01.657292,11,extensive,11,COMPLETE
144,-34158914.45776662,2025-12-07 01:52:12.899453,2025-12-07 01:52:14.633685,0 days 00:00:01.734232,460,extensive,460,COMPLETE
145,-0.1386605928207478,2025-12-07 01:52:14.634698,2025-12-07 01:52:16.133505,0 days 00:00:01.498807,22,extensive,22,COMPLETE
146,0.00013629396337352015,2025-12-07 01:52:16.134514,2025-12-07 01:52:17.500771,0 days 00:00:01.366257,1,extensive,1,COMPLETE
147,-0.04800100759305718,2025-12-07 01:52:17.501776,2025-12-07 01:52:18.984748,0 days 00:00:01.482972,17,extensive,17,COMPLETE
148,-0.4530154297209716,2025-12-07 01:52:18.984748,2025-12-07 01:52:20.451405,0 days 00:00:01.466657,35,extensive,35,COMPLETE
149,-0.011010024908003365,2025-12-07 01:52:20.452909,2025-12-07 01:52:21.948220,0 days 00:00:01.495311,9,extensive,9,COMPLETE
150,-0.16363893036512547,2025-12-07 01:52:21.949226,2025-12-07 01:52:23.385992,0 days 00:00:01.436766,25,extensive,25,COMPLETE
151,0.00013629396337352015,2025-12-07 01:52:23.388219,2025-12-07 01:52:24.818755,0 days 00:00:01.430536,1,extensive,1,COMPLETE
152,0.00013629396337352015,2025-12-07 01:52:24.819347,2025-12-07 01:52:26.247538,0 days 00:00:01.428191,1,extensive,1,COMPLETE
153,-0.010750185032226356,2025-12-07 01:52:26.248737,2025-12-07 01:52:27.692920,0 days 00:00:01.444183,12,extensive,12,COMPLETE
154,-0.11122591597735006,2025-12-07 01:52:27.693936,2025-12-07 01:52:29.148651,0 days 00:00:01.454715,19,extensive,19,COMPLETE
155,-0.33982639641997886,2025-12-07 01:52:29.149656,2025-12-07 01:52:30.665984,0 days 00:00:01.516328,29,extensive,29,COMPLETE
156,-0.010674821554269206,2025-12-07 01:52:30.666986,2025-12-07 01:52:32.103948,0 days 00:00:01.436962,10,extensive,10,COMPLETE
157,-135697168.44280422,2025-12-07 01:52:32.104953,2025-12-07 01:52:33.582509,0 days 00:00:01.477556,206,extensive,206,COMPLETE
158,-0.4731315592445838,2025-12-07 01:52:33.584314,2025-12-07 01:52:35.018342,0 days 00:00:01.434028,44,extensive,44,COMPLETE
159,-0.10713237910019376,2025-12-07 01:52:35.019346,2025-12-07 01:52:36.452270,0 days 00:00:01.432924,20,extensive,20,COMPLETE
160,0.00013629396337352015,2025-12-07 01:52:36.452270,2025-12-07 01:52:37.940375,0 days 00:00:01.488105,1,extensive,1,COMPLETE
161,0.00013629396337352015,2025-12-07 01:52:37.941377,2025-12-07 01:52:39.418967,0 days 00:00:01.477590,1,extensive,1,COMPLETE
162,-0.010674821554269206,2025-12-07 01:52:39.419973,2025-12-07 01:52:40.884142,0 days 00:00:01.464169,10,extensive,10,COMPLETE
163,0.00013629396337352015,2025-12-07 01:52:40.884669,2025-12-07 01:52:42.386154,0 days 00:00:01.501485,1,extensive,1,COMPLETE
164,-0.011992748964072689,2025-12-07 01:52:42.387983,2025-12-07 01:52:43.876863,0 days 00:00:01.488880,16,extensive,16,COMPLETE
165,-0.3186315686483496,2025-12-07 01:52:43.877868,2025-12-07 01:52:45.385017,0 days 00:00:01.507149,28,extensive,28,COMPLETE
166,-0.010409126173960429,2025-12-07 01:52:45.386280,2025-12-07 01:52:46.786693,0 days 00:00:01.400413,11,extensive,11,COMPLETE
167,-0.4534630567419265,2025-12-07 01:52:46.787692,2025-12-07 01:52:48.216132,0 days 00:00:01.428440,37,extensive,37,COMPLETE
168,-0.10713237910019376,2025-12-07 01:52:48.216132,2025-12-07 01:52:49.635236,0 days 00:00:01.419104,20,extensive,20,COMPLETE
169,-0.010674821554269206,2025-12-07 01:52:49.636522,2025-12-07 01:52:51.071914,0 days 00:00:01.435392,10,extensive,10,COMPLETE
170,0.00013629396337352015,2025-12-07 01:52:51.073002,2025-12-07 01:52:52.502166,0 days 00:00:01.429164,1,extensive,1,COMPLETE
171,-0.010674821554269206,2025-12-07 01:52:52.503788,2025-12-07 01:52:53.925579,0 days 00:00:01.421791,10,extensive,10,COMPLETE
172,-0.3186315686483496,2025-12-07 01:52:53.925579,2025-12-07 01:52:55.400918,0 days 00:00:01.475339,28,extensive,28,COMPLETE
173,-0.04807846876274654,2025-12-07 01:52:55.401923,2025-12-07 01:52:56.833352,0 days 00:00:01.431429,18,extensive,18,COMPLETE
174,0.00013629396337352015,2025-12-07 01:52:56.834353,2025-12-07 01:52:58.288388,0 days 00:00:01.454035,1,extensive,1,COMPLETE
175,-0.010674821554269206,2025-12-07 01:52:58.289568,2025-12-07 01:52:59.754412,0 days 00:00:01.464844,10,extensive,10,COMPLETE
176,-0.14977220088363138,2025-12-07 01:52:59.755681,2025-12-07 01:53:01.265486,0 days 00:00:01.509805,24,extensive,24,COMPLETE
177,-0.4579573080936658,2025-12-07 01:53:01.266493,2025-12-07 01:53:02.737720,0 days 00:00:01.471227,33,extensive,33,COMPLETE
178,-0.011992748964072689,2025-12-07 01:53:02.738721,2025-12-07 01:53:04.234434,0 days 00:00:01.495713,16,extensive,16,COMPLETE
179,0.00013629396337352015,2025-12-07 01:53:04.236615,2025-12-07 01:53:05.706503,0 days 00:00:01.469888,1,extensive,1,COMPLETE
180,-114912075.51307894,2025-12-07 01:53:05.707504,2025-12-07 01:53:07.307109,0 days 00:00:01.599605,148,extensive,148,COMPLETE
181,-0.01102976205781018,2025-12-07 01:53:07.308108,2025-12-07 01:53:08.769638,0 days 00:00:01.461530,8,extensive,8,COMPLETE
182,0.00013629396337352015,2025-12-07 01:53:08.770840,2025-12-07 01:53:10.234256,0 days 00:00:01.463416,1,extensive,1,COMPLETE
183,-0.10713237910019376,2025-12-07 01:53:10.234256,2025-12-07 01:53:11.653812,0 days 00:00:01.419556,20,extensive,20,COMPLETE
184,-0.010409126173960429,2025-12-07 01:53:11.654817,2025-12-07 01:53:13.085763,0 days 00:00:01.430946,11,extensive,11,COMPLETE
185,-0.10713237910019376,2025-12-07 01:53:13.087765,2025-12-07 01:53:14.506772,0 days 00:00:01.419007,20,extensive,20,COMPLETE
186,-75252.01071687622,2025-12-07 01:53:14.507776,2025-12-07 01:53:16.019927,0 days 00:00:01.512151,120,extensive,120,COMPLETE
187,0.00013629396337352015,2025-12-07 01:53:16.021073,2025-12-07 01:53:17.489200,0 days 00:00:01.468127,1,extensive,1,COMPLETE
188,-0.33982639641997886,2025-12-07 01:53:17.489851,2025-12-07 01:53:18.986777,0 days 00:00:01.496926,29,extensive,29,COMPLETE
189,-0.010674821554269206,2025-12-07 01:53:18.988064,2025-12-07 01:53:20.472743,0 days 00:00:01.484679,10,extensive,10,COMPLETE
190,-0.04800100759305718,2025-12-07 01:53:20.473993,2025-12-07 01:53:21.903364,0 days 00:00:01.429371,17,extensive,17,COMPLETE
191,-0.011010024908003365,2025-12-07 01:53:21.903874,2025-12-07 01:53:23.354320,0 days 00:00:01.450446,9,extensive,9,COMPLETE
192,0.00013629396337352015,2025-12-07 01:53:23.355326,2025-12-07 01:53:24.821391,0 days 00:00:01.466065,1,extensive,1,COMPLETE
193,-0.010674821554269206,2025-12-07 01:53:24.822395,2025-12-07 01:53:26.290015,0 days 00:00:01.467620,10,extensive,10,COMPLETE
194,-0.1386605928207478,2025-12-07 01:53:26.291141,2025-12-07 01:53:27.757109,0 days 00:00:01.465968,22,extensive,22,COMPLETE
195,-0.011992748964072689,2025-12-07 01:53:27.758112,2025-12-07 01:53:29.252651,0 days 00:00:01.494539,16,extensive,16,COMPLETE
196,-211330383.3990607,2025-12-07 01:53:29.253973,2025-12-07 01:53:30.903879,0 days 00:00:01.649906,282,extensive,282,COMPLETE
197,0.000799304423594919,2025-12-07 01:53:30.904985,2025-12-07 01:53:32.380022,0 days 00:00:01.475037,2,extensive,2,COMPLETE
198,0.00013629396337352015,2025-12-07 01:53:32.381027,2025-12-07 01:53:33.817360,0 days 00:00:01.436333,1,extensive,1,COMPLETE
199,-0.4530154297209716,2025-12-07 01:53:33.818874,2025-12-07 01:53:35.252132,0 days 00:00:01.433258,35,extensive,35,COMPLETE
200,-0.2194678194145491,2025-12-07 01:53:35.253132,2025-12-07 01:53:36.623030,0 days 00:00:01.369898,27,extensive,27,COMPLETE
201,0.00013629396337352015,2025-12-07 01:53:36.624077,2025-12-07 01:53:37.988400,0 days 00:00:01.364323,1,extensive,1,COMPLETE
202,-0.010409126173960429,2025-12-07 01:53:37.989413,2025-12-07 01:53:39.390754,0 days 00:00:01.401341,11,extensive,11,COMPLETE
203,-0.010409126173960429,2025-12-07 01:53:39.391850,2025-12-07 01:53:40.770646,0 days 00:00:01.378796,11,extensive,11,COMPLETE
204,-0.04800100759305718,2025-12-07 01:53:40.771650,2025-12-07 01:53:42.188250,0 days 00:00:01.416600,17,extensive,17,COMPLETE
205,0.00013629396337352015,2025-12-07 01:53:42.189251,2025-12-07 01:53:43.555591,0 days 00:00:01.366340,1,extensive,1,COMPLETE
206,-0.010674821554269206,2025-12-07 01:53:43.557056,2025-12-07 01:53:44.973977,0 days 00:00:01.416921,10,extensive,10,COMPLETE
207,-0.13925416754899858,2025-12-07 01:53:44.974981,2025-12-07 01:53:46.337985,0 days 00:00:01.363004,21,extensive,21,COMPLETE
208,0.00013629396337352015,2025-12-07 01:53:46.338988,2025-12-07 01:53:47.724411,0 days 00:00:01.385423,1,extensive,1,COMPLETE
209,-0.21685349288984127,2025-12-07 01:53:47.726416,2025-12-07 01:53:49.105920,0 days 00:00:01.379504,26,extensive,26,COMPLETE
210,-0.010674821554269206,2025-12-07 01:53:49.106926,2025-12-07 01:53:50.474226,0 days 00:00:01.367300,10,extensive,10,COMPLETE
211,0.00013629396337352015,2025-12-07 01:53:50.475993,2025-12-07 01:53:51.840599,0 days 00:00:01.364606,1,extensive,1,COMPLETE
212,-0.011649764943585975,2025-12-07 01:53:51.841652,2025-12-07 01:53:53.204965,0 days 00:00:01.363313,14,extensive,14,COMPLETE
213,-0.010674821554269206,2025-12-07 01:53:53.204965,2025-12-07 01:53:54.572596,0 days 00:00:01.367631,10,extensive,10,COMPLETE
214,0.00013629396337352015,2025-12-07 01:53:54.573602,2025-12-07 01:53:55.957834,0 days 00:00:01.384232,1,extensive,1,COMPLETE
215,-0.11122591597735006,2025-12-07 01:53:55.959835,2025-12-07 01:53:57.356182,0 days 00:00:01.396347,19,extensive,19,COMPLETE
216,-0.011010024908003365,2025-12-07 01:53:57.357488,2025-12-07 01:53:58.791538,0 days 00:00:01.434050,9,extensive,9,COMPLETE
217,-112114986.10772575,2025-12-07 01:53:58.793136,2025-12-07 01:54:00.254390,0 days 00:00:01.461254,178,extensive,178,COMPLETE
218,-0.14977220088363138,2025-12-07 01:54:00.255927,2025-12-07 01:54:01.625365,0 days 00:00:01.369438,24,extensive,24,COMPLETE
219,-0.011992748964072689,2025-12-07 01:54:01.626439,2025-12-07 01:54:02.992223,0 days 00:00:01.365784,16,extensive,16,COMPLETE
220,0.00013629396337352015,2025-12-07 01:54:02.993226,2025-12-07 01:54:04.356472,0 days 00:00:01.363246,1,extensive,1,COMPLETE
221,-0.01102976205781018,2025-12-07 01:54:04.357805,2025-12-07 01:54:05.725250,0 days 00:00:01.367445,8,extensive,8,COMPLETE
222,0.00013629396337352015,2025-12-07 01:54:05.726254,2025-12-07 01:54:07.092005,0 days 00:00:01.365751,1,extensive,1,COMPLETE
223,-0.010409126173960429,2025-12-07 01:54:07.093057,2025-12-07 01:54:08.507894,0 days 00:00:01.414837,11,extensive,11,COMPLETE
224,-0.1386605928207478,2025-12-07 01:54:08.509706,2025-12-07 01:54:09.943287,0 days 00:00:01.433581,22,extensive,22,COMPLETE
225,0.00013629396337352015,2025-12-07 01:54:09.944470,2025-12-07 01:54:11.323165,0 days 00:00:01.378695,1,extensive,1,COMPLETE
226,-0.011992748964072689,2025-12-07 01:54:11.324171,2025-12-07 01:54:12.708286,0 days 00:00:01.384115,16,extensive,16,COMPLETE
227,-0.010409126173960429,2025-12-07 01:54:12.710030,2025-12-07 01:54:14.089975,0 days 00:00:01.379945,11,extensive,11,COMPLETE
228,-0.2194678194145491,2025-12-07 01:54:14.090991,2025-12-07 01:54:15.491951,0 days 00:00:01.400960,27,extensive,27,COMPLETE
229,-0.011010024908003365,2025-12-07 01:54:15.493630,2025-12-07 01:54:16.856715,0 days 00:00:01.363085,9,extensive,9,COMPLETE
230,-0.4530154297209716,2025-12-07 01:54:16.859718,2025-12-07 01:54:18.293217,0 days 00:00:01.433499,35,extensive,35,COMPLETE
231,0.000799304423594919,2025-12-07 01:54:18.293217,2025-12-07 01:54:19.706609,0 days 00:00:01.413392,2,extensive,2,COMPLETE
232,-0.011010024908003365,2025-12-07 01:54:19.707656,2025-12-07 01:54:21.106874,0 days 00:00:01.399218,9,extensive,9,COMPLETE
233,0.00013629396337352015,2025-12-07 01:54:21.107876,2025-12-07 01:54:22.522049,0 days 00:00:01.414173,1,extensive,1,COMPLETE
234,0.00013629396337352015,2025-12-07 01:54:22.524051,2025-12-07 01:54:23.923036,0 days 00:00:01.398985,1,extensive,1,COMPLETE
235,-0.04800100759305718,2025-12-07 01:54:23.923548,2025-12-07 01:54:25.307786,0 days 00:00:01.384238,17,extensive,17,COMPLETE
236,-0.04800100759305718,2025-12-07 01:54:25.309179,2025-12-07 01:54:26.675667,0 days 00:00:01.366488,17,extensive,17,COMPLETE
237,0.00013629396337352015,2025-12-07 01:54:26.676761,2025-12-07 01:54:28.055940,0 days 00:00:01.379179,1,extensive,1,COMPLETE
238,-0.010674821554269206,2025-12-07 01:54:28.057340,2025-12-07 01:54:29.425144,0 days 00:00:01.367804,10,extensive,10,COMPLETE
239,-0.10713237910019376,2025-12-07 01:54:29.425144,2025-12-07 01:54:30.906358,0 days 00:00:01.481214,20,extensive,20,COMPLETE
240,-0.010674821554269206,2025-12-07 01:54:30.908856,2025-12-07 01:54:32.374702,0 days 00:00:01.465846,10,extensive,10,COMPLETE
241,0.00013629396337352015,2025-12-07 01:54:32.375709,2025-12-07 01:54:33.791824,0 days 00:00:01.416115,1,extensive,1,COMPLETE
242,0.00013629396337352015,2025-12-07 01:54:33.793731,2025-12-07 01:54:35.239011,0 days 00:00:01.445280,1,extensive,1,COMPLETE
243,-0.010674821554269206,2025-12-07 01:54:35.241278,2025-12-07 01:54:36.609424,0 days 00:00:01.368146,10,extensive,10,COMPLETE
244,-0.04800100759305718,2025-12-07 01:54:36.611078,2025-12-07 01:54:37.976645,0 days 00:00:01.365567,17,extensive,17,COMPLETE
245,-0.011010024908003365,2025-12-07 01:54:37.977750,2025-12-07 01:54:39.375191,0 days 00:00:01.397441,9,extensive,9,COMPLETE
246,-0.16363893036512547,2025-12-07 01:54:39.376198,2025-12-07 01:54:40.774671,0 days 00:00:01.398473,25,extensive,25,COMPLETE
247,-0.010674821554269206,2025-12-07 01:54:40.775685,2025-12-07 01:54:42.207324,0 days 00:00:01.431639,10,extensive,10,COMPLETE
248,0.00013629396337352015,2025-12-07 01:54:42.207841,2025-12-07 01:54:43.591189,0 days 00:00:01.383348,1,extensive,1,COMPLETE
249,-88390061.14655983,2025-12-07 01:54:43.592385,2025-12-07 01:54:45.106226,0 days 00:00:01.513841,331,extensive,331,COMPLETE
250,-0.10713237910019376,2025-12-07 01:54:45.107230,2025-12-07 01:54:46.527747,0 days 00:00:01.420517,20,extensive,20,COMPLETE
251,0.00013629396337352015,2025-12-07 01:54:46.529685,2025-12-07 01:54:47.891374,0 days 00:00:01.361689,1,extensive,1,COMPLETE
252,-0.011992748964072689,2025-12-07 01:54:47.891374,2025-12-07 01:54:49.278048,0 days 00:00:01.386674,16,extensive,16,COMPLETE
253,-0.33982639641997886,2025-12-07 01:54:49.279467,2025-12-07 01:54:50.673774,0 days 00:00:01.394307,29,extensive,29,COMPLETE
254,-0.011010024908003365,2025-12-07 01:54:50.675006,2025-12-07 01:54:52.057541,0 days 00:00:01.382535,9,extensive,9,COMPLETE
255,0.00013629396337352015,2025-12-07 01:54:52.058961,2025-12-07 01:54:53.427441,0 days 00:00:01.368480,1,extensive,1,COMPLETE
256,-0.04800100759305718,2025-12-07 01:54:53.428472,2025-12-07 01:54:54.811123,0 days 00:00:01.382651,17,extensive,17,COMPLETE
257,-0.010409126173960429,2025-12-07 01:54:54.812769,2025-12-07 01:54:56.223806,0 days 00:00:01.411037,11,extensive,11,COMPLETE
258,-0.2194678194145491,2025-12-07 01:54:56.224796,2025-12-07 01:54:57.607556,0 days 00:00:01.382760,27,extensive,27,COMPLETE
259,0.00013629396337352015,2025-12-07 01:54:57.608559,2025-12-07 01:54:58.991806,0 days 00:00:01.383247,1,extensive,1,COMPLETE
260,-0.010409126173960429,2025-12-07 01:54:58.993305,2025-12-07 01:55:00.375598,0 days 00:00:01.382293,11,extensive,11,COMPLETE
261,-0.04807846876274654,2025-12-07 01:55:00.376603,2025-12-07 01:55:01.758440,0 days 00:00:01.381837,18,extensive,18,COMPLETE
262,-0.010674821554269206,2025-12-07 01:55:01.759980,2025-12-07 01:55:03.160097,0 days 00:00:01.400117,10,extensive,10,COMPLETE
263,0.00013629396337352015,2025-12-07 01:55:03.161095,2025-12-07 01:55:04.558326,0 days 00:00:01.397231,1,extensive,1,COMPLETE
264,-0.14977220088363138,2025-12-07 01:55:04.559041,2025-12-07 01:55:05.977275,0 days 00:00:01.418234,24,extensive,24,COMPLETE
265,-0.4537650500509045,2025-12-07 01:55:05.978281,2025-12-07 01:55:07.458048,0 days 00:00:01.479767,36,extensive,36,COMPLETE
266,-0.010674821554269206,2025-12-07 01:55:07.459048,2025-12-07 01:55:08.858001,0 days 00:00:01.398953,10,extensive,10,COMPLETE
267,-0.04807846876274654,2025-12-07 01:55:08.859345,2025-12-07 01:55:10.311544,0 days 00:00:01.452199,18,extensive,18,COMPLETE
268,-0.010674821554269206,2025-12-07 01:55:10.313293,2025-12-07 01:55:11.708492,0 days 00:00:01.395199,10,extensive,10,COMPLETE
269,-0.14977220088363138,2025-12-07 01:55:11.709872,2025-12-07 01:55:13.093021,0 days 00:00:01.383149,24,extensive,24,COMPLETE
270,0.00013629396337352015,2025-12-07 01:55:13.094865,2025-12-07 01:55:14.458175,0 days 00:00:01.363310,1,extensive,1,COMPLETE
271,-0.011010024908003365,2025-12-07 01:55:14.459530,2025-12-07 01:55:15.858910,0 days 00:00:01.399380,9,extensive,9,COMPLETE
272,-0.04807846876274654,2025-12-07 01:55:15.859679,2025-12-07 01:55:17.226422,0 days 00:00:01.366743,18,extensive,18,COMPLETE
273,0.00013629396337352015,2025-12-07 01:55:17.227567,2025-12-07 01:55:18.626763,0 days 00:00:01.399196,1,extensive,1,COMPLETE
274,-0.4774774736557738,2025-12-07 01:55:18.627777,2025-12-07 01:55:20.029403,0 days 00:00:01.401626,34,extensive,34,COMPLETE
275,-0.010674821554269206,2025-12-07 01:55:20.030554,2025-12-07 01:55:21.476586,0 days 00:00:01.446032,10,extensive,10,COMPLETE
276,-130287178.08096343,2025-12-07 01:55:21.477882,2025-12-07 01:55:23.027293,0 days 00:00:01.549411,240,extensive,240,COMPLETE
277,-0.21685349288984127,2025-12-07 01:55:23.028298,2025-12-07 01:55:24.460686,0 days 00:00:01.432388,26,extensive,26,COMPLETE
278,0.00013629396337352015,2025-12-07 01:55:24.461690,2025-12-07 01:55:25.924948,0 days 00:00:01.463258,1,extensive,1,COMPLETE
279,-0.04800100759305718,2025-12-07 01:55:25.926837,2025-12-07 01:55:27.329289,0 days 00:00:01.402452,17,extensive,17,COMPLETE
280,-0.010674821554269206,2025-12-07 01:55:27.330425,2025-12-07 01:55:28.725849,0 days 00:00:01.395424,10,extensive,10,COMPLETE
281,-78605724.86543329,2025-12-07 01:55:28.726853,2025-12-07 01:55:30.280070,0 days 00:00:01.553217,416,extensive,416,COMPLETE
282,-34158950.27332225,2025-12-07 01:55:30.281070,2025-12-07 01:55:31.845119,0 days 00:00:01.564049,484,extensive,484,COMPLETE
283,0.00013629396337352015,2025-12-07 01:55:31.846342,2025-12-07 01:55:33.226167,0 days 00:00:01.379825,1,extensive,1,COMPLETE
284,-0.011992748964072689,2025-12-07 01:55:33.228005,2025-12-07 01:55:34.596431,0 days 00:00:01.368426,16,extensive,16,COMPLETE
285,-0.2194678194145491,2025-12-07 01:55:34.597435,2025-12-07 01:55:35.962313,0 days 00:00:01.364878,27,extensive,27,COMPLETE
286,-0.011010024908003365,2025-12-07 01:55:35.964303,2025-12-07 01:55:37.345325,0 days 00:00:01.381022,9,extensive,9,COMPLETE
287,-0.10713237910019376,2025-12-07 01:55:37.345325,2025-12-07 01:55:38.711340,0 days 00:00:01.366015,20,extensive,20,COMPLETE
288,0.00013629396337352015,2025-12-07 01:55:38.712355,2025-12-07 01:55:40.157986,0 days 00:00:01.445631,1,extensive,1,COMPLETE
289,-0.47349228254818015,2025-12-07 01:55:40.159192,2025-12-07 01:55:41.527741,0 days 00:00:01.368549,40,extensive,40,COMPLETE
290,-0.010409126173960429,2025-12-07 01:55:41.528741,2025-12-07 01:55:42.979806,0 days 00:00:01.451065,11,extensive,11,COMPLETE
291,-0.011992748964072689,2025-12-07 01:55:42.981609,2025-12-07 01:55:44.378474,0 days 00:00:01.396865,16,extensive,16,COMPLETE
292,0.00013629396337352015,2025-12-07 01:55:44.379479,2025-12-07 01:55:45.681227,0 days 00:00:01.301748,1,extensive,1,COMPLETE
293,-0.3186315686483496,2025-12-07 01:55:45.682226,2025-12-07 01:55:47.059540,0 days 00:00:01.377314,28,extensive,28,COMPLETE
294,-0.010674821554269206,2025-12-07 01:55:47.060540,2025-12-07 01:55:48.459256,0 days 00:00:01.398716,10,extensive,10,COMPLETE
295,-0.14697050684435572,2025-12-07 01:55:48.460255,2025-12-07 01:55:49.861980,0 days 00:00:01.401725,23,extensive,23,COMPLETE
296,0.00013629396337352015,2025-12-07 01:55:49.861980,2025-12-07 01:55:51.260849,0 days 00:00:01.398869,1,extensive,1,COMPLETE
297,-0.010409126173960429,2025-12-07 01:55:51.261687,2025-12-07 01:55:52.661592,0 days 00:00:01.399905,11,extensive,11,COMPLETE
298,-0.04800100759305718,2025-12-07 01:55:52.662816,2025-12-07 01:55:54.045751,0 days 00:00:01.382935,17,extensive,17,COMPLETE
299,0.00013629396337352015,2025-12-07 01:55:54.046268,2025-12-07 01:55:55.448781,0 days 00:00:01.402513,1,extensive,1,COMPLETE
