number,value,datetime_start,datetime_complete,duration,params_ridge_alpha,params_selector__k,user_attrs_feature_level,user_attrs_top_k_features,state
0,-17369.683348600658,2025-12-07 01:55:57.495147,2025-12-07 01:55:59.012364,0 days 00:00:01.517217,0.041858227295469716,476,extensive,476,COMPLETE
1,-14.377080446712078,2025-12-07 01:55:59.013371,2025-12-07 01:56:00.496778,0 days 00:00:01.483407,13.3032451015229,300,extensive,300,COMPLETE
2,-0.9392441175300722,2025-12-07 01:56:00.497704,2025-12-07 01:56:01.926091,0 days 00:00:01.428387,0.0012363188277052211,78,extensive,78,COMPLETE
3,-165146.89154445744,2025-12-07 01:56:01.926091,2025-12-07 01:56:03.463880,0 days 00:00:01.537789,0.00025502648504032837,434,extensive,434,COMPLETE
4,-1139.1980542548733,2025-12-07 01:56:03.465043,2025-12-07 01:56:04.911287,0 days 00:00:01.446244,1.6136341713591311,355,extensive,355,COMPLETE
5,-347009.84339049767,2025-12-07 01:56:04.911287,2025-12-07 01:56:06.428165,0 days 00:00:01.516878,0.000139345022513376,485,extensive,485,COMPLETE
6,-0.44708628312992366,2025-12-07 01:56:06.429000,2025-12-07 01:56:07.829798,0 days 00:00:01.400798,67.1581131106993,107,extensive,107,COMPLETE
7,-0.929571847570349,2025-12-07 01:56:07.830803,2025-12-07 01:56:09.245545,0 days 00:00:01.414742,0.0018740223688836334,92,extensive,92,COMPLETE
8,-12389.81298782926,2025-12-07 01:56:09.246721,2025-12-07 01:56:10.698363,0 days 00:00:01.451642,0.013480180290890806,263,extensive,263,COMPLETE
9,-24300.463059150337,2025-12-07 01:56:10.699403,2025-12-07 01:56:12.097958,0 days 00:00:01.398555,0.10558813779064824,146,extensive,146,COMPLETE
10,0.0027971197194404476,2025-12-07 01:56:12.098843,2025-12-07 01:56:13.481272,0 days 00:00:01.382429,701.4109129011315,3,extensive,3,COMPLETE
11,0.0027072530421392202,2025-12-07 01:56:13.483367,2025-12-07 01:56:14.862784,0 days 00:00:01.379417,612.0117715317866,3,extensive,3,COMPLETE
12,-0.0060490538121111825,2025-12-07 01:56:14.864435,2025-12-07 01:56:16.299163,0 days 00:00:01.434728,863.9715474724188,15,extensive,15,COMPLETE
13,0.002866768869508688,2025-12-07 01:56:16.300201,2025-12-07 01:56:17.766236,0 days 00:00:01.466035,783.2121514844528,3,extensive,3,COMPLETE
14,-72.00467965457399,2025-12-07 01:56:17.766236,2025-12-07 01:56:19.266158,0 days 00:00:01.499922,42.66177861155277,190,extensive,190,COMPLETE
15,-739.8279347718748,2025-12-07 01:56:19.266158,2025-12-07 01:56:20.749566,0 days 00:00:01.483408,2.1880964086312056,194,extensive,194,COMPLETE
16,-0.16191477735259918,2025-12-07 01:56:20.750713,2025-12-07 01:56:22.194762,0 days 00:00:01.444049,143.65691860413116,40,extensive,40,COMPLETE
17,-114.28966179350402,2025-12-07 01:56:22.196458,2025-12-07 01:56:23.849177,0 days 00:00:01.652719,8.936394864868713,160,extensive,160,COMPLETE
18,-0.140806353328631,2025-12-07 01:56:23.850178,2025-12-07 01:56:25.482593,0 days 00:00:01.632415,243.76632245684794,58,extensive,58,COMPLETE
19,-1911.7891266236911,2025-12-07 01:56:25.483641,2025-12-07 01:56:27.013375,0 days 00:00:01.529734,0.8239278991020161,346,extensive,346,COMPLETE
20,-1.9072677871378623,2025-12-07 01:56:27.014436,2025-12-07 01:56:28.499749,0 days 00:00:01.485313,10.574799019192506,121,extensive,121,COMPLETE
21,-0.0045954310210312155,2025-12-07 01:56:28.500791,2025-12-07 01:56:29.914084,0 days 00:00:01.413293,918.5231892062468,10,extensive,10,COMPLETE
22,-0.03818619371594175,2025-12-07 01:56:29.915624,2025-12-07 01:56:31.380554,0 days 00:00:01.464930,338.8687681741472,17,extensive,17,COMPLETE
23,-0.30592685275723963,2025-12-07 01:56:31.381567,2025-12-07 01:56:32.849650,0 days 00:00:01.468083,48.29860737125653,61,extensive,61,COMPLETE
24,0.0008637407683197799,2025-12-07 01:56:32.851688,2025-12-07 01:56:34.264932,0 days 00:00:01.413244,878.5294392698725,1,extensive,1,COMPLETE
25,-0.1967033057258034,2025-12-07 01:56:34.266045,2025-12-07 01:56:35.665846,0 days 00:00:01.399801,145.307593783338,54,extensive,54,COMPLETE
26,-1.4562398098883726,2025-12-07 01:56:35.666936,2025-12-07 01:56:37.127356,0 days 00:00:01.460420,26.11172737081779,121,extensive,121,COMPLETE
27,-3.9821411082486318,2025-12-07 01:56:37.128361,2025-12-07 01:56:38.660903,0 days 00:00:01.532542,250.39460667658935,216,extensive,216,COMPLETE
28,-0.41010192101612536,2025-12-07 01:56:38.661910,2025-12-07 01:56:40.048353,0 days 00:00:01.386443,4.628771168860417,35,extensive,35,COMPLETE
29,-40.983846047061355,2025-12-07 01:56:40.048789,2025-12-07 01:56:41.583207,0 days 00:00:01.534418,95.25294025355872,430,extensive,430,COMPLETE
30,-0.9295735051221806,2025-12-07 01:56:41.584292,2025-12-07 01:56:43.150259,0 days 00:00:01.565967,0.12674462207375978,88,extensive,88,COMPLETE
31,-0.00544099648630673,2025-12-07 01:56:43.151386,2025-12-07 01:56:44.662754,0 days 00:00:01.511368,827.0331120950681,16,extensive,16,COMPLETE
32,-0.0076988703304672335,2025-12-07 01:56:44.664262,2025-12-07 01:56:46.194158,0 days 00:00:01.529896,336.8654988356619,12,extensive,12,COMPLETE
33,0.000890535365996444,2025-12-07 01:56:46.195162,2025-12-07 01:56:47.834797,0 days 00:00:01.639635,983.0295521991593,1,extensive,1,COMPLETE
34,-0.13607577750763022,2025-12-07 01:56:47.835797,2025-12-07 01:56:49.381609,0 days 00:00:01.545812,365.53428335822264,77,extensive,77,COMPLETE
35,-0.3313698973723508,2025-12-07 01:56:49.382637,2025-12-07 01:56:50.914279,0 days 00:00:01.531642,19.655716097389817,45,extensive,45,COMPLETE
36,-30.16685900375862,2025-12-07 01:56:50.914279,2025-12-07 01:56:52.618235,0 days 00:00:01.703956,75.81613926961643,142,extensive,142,COMPLETE
37,-0.1184054540068622,2025-12-07 01:56:52.619386,2025-12-07 01:56:54.117409,0 days 00:00:01.498023,440.2326136233628,73,extensive,73,COMPLETE
38,-10626.576573846243,2025-12-07 01:56:54.118413,2025-12-07 01:56:55.698037,0 days 00:00:01.579624,0.014716401311693245,313,extensive,313,COMPLETE
39,-0.27147138189559383,2025-12-07 01:56:55.698458,2025-12-07 01:56:57.230100,0 days 00:00:01.531642,147.9736163841426,103,extensive,103,COMPLETE
40,-0.25487959440767155,2025-12-07 01:56:57.230100,2025-12-07 01:56:58.785928,0 days 00:00:01.555828,31.88214508369307,30,extensive,30,COMPLETE
41,0.0017031297842815911,2025-12-07 01:56:58.786926,2025-12-07 01:57:00.298471,0 days 00:00:01.511545,760.9755538581537,2,extensive,2,COMPLETE
42,0.0014656982685699038,2025-12-07 01:57:00.300187,2025-12-07 01:57:01.851482,0 days 00:00:01.551295,440.62924131555053,2,extensive,2,COMPLETE
43,-0.08893675713097293,2025-12-07 01:57:01.852524,2025-12-07 01:57:03.412602,0 days 00:00:01.560078,425.6947150640664,40,extensive,40,COMPLETE
44,-0.29305710579453265,2025-12-07 01:57:03.415108,2025-12-07 01:57:04.915372,0 days 00:00:01.500264,121.7922827179731,69,extensive,69,COMPLETE
45,-0.4579471840173795,2025-12-07 01:57:04.915372,2025-12-07 01:57:06.432053,0 days 00:00:01.516681,0.0008911314410141324,33,extensive,33,COMPLETE
46,-2.265118448010004,2025-12-07 01:57:06.433320,2025-12-07 01:57:08.100914,0 days 00:00:01.667594,535.0772763253772,398,extensive,398,COMPLETE
47,-0.22725327804887163,2025-12-07 01:57:08.102145,2025-12-07 01:57:09.567046,0 days 00:00:01.464901,184.99934499956902,92,extensive,92,COMPLETE
48,-2.1923931704026303,2025-12-07 01:57:09.567046,2025-12-07 01:57:11.066179,0 days 00:00:01.499133,56.72346049551837,251,extensive,251,COMPLETE
49,-0.32339999298490457,2025-12-07 01:57:11.067192,2025-12-07 01:57:12.534437,0 days 00:00:01.467245,3.7170010616693214,31,extensive,31,COMPLETE
50,0.0007371485562656099,2025-12-07 01:57:12.534437,2025-12-07 01:57:13.968580,0 days 00:00:01.434143,570.6018269880552,1,extensive,1,COMPLETE
51,0.0029660813019307675,2025-12-07 01:57:13.969285,2025-12-07 01:57:15.401437,0 days 00:00:01.432152,928.8558619253896,3,extensive,3,COMPLETE
52,-0.16906228053090455,2025-12-07 01:57:15.402472,2025-12-07 01:57:16.849995,0 days 00:00:01.447523,197.0790769839346,52,extensive,52,COMPLETE
53,-0.15308698965301404,2025-12-07 01:57:16.851001,2025-12-07 01:57:18.299682,0 days 00:00:01.448681,77.36874041314555,26,extensive,26,COMPLETE
54,-0.05772165709406696,2025-12-07 01:57:18.301701,2025-12-07 01:57:19.815089,0 days 00:00:01.513388,993.7431520855379,58,extensive,58,COMPLETE
55,0.0005125187173528797,2025-12-07 01:57:19.816093,2025-12-07 01:57:21.299562,0 days 00:00:01.483469,275.85190612080515,1,extensive,1,COMPLETE
56,-0.05642378600760264,2025-12-07 01:57:21.300720,2025-12-07 01:57:22.748473,0 days 00:00:01.447753,591.112081375915,22,extensive,22,COMPLETE
57,-70.75234709902844,2025-12-07 01:57:22.750474,2025-12-07 01:57:24.215391,0 days 00:00:01.464917,0.4182808255452213,127,extensive,127,COMPLETE
58,-143.40839315489498,2025-12-07 01:57:24.216880,2025-12-07 01:57:25.701930,0 days 00:00:01.485050,17.397398510052046,176,extensive,176,COMPLETE
59,-0.6973738522172276,2025-12-07 01:57:25.704105,2025-12-07 01:57:27.166687,0 days 00:00:01.462582,219.6618508650855,286,extensive,286,COMPLETE
60,-0.32003230405152966,2025-12-07 01:57:27.167729,2025-12-07 01:57:28.597064,0 days 00:00:01.429335,44.569233207169006,55,extensive,55,COMPLETE
61,0.0007965864234269112,2025-12-07 01:57:28.598069,2025-12-07 01:57:29.983064,0 days 00:00:01.384995,690.9408032251698,1,extensive,1,COMPLETE
62,-0.027882743681386435,2025-12-07 01:57:29.984322,2025-12-07 01:57:31.402116,0 days 00:00:01.417794,896.9935293948986,18,extensive,18,COMPLETE
63,-0.09549478839764951,2025-12-07 01:57:31.404104,2025-12-07 01:57:32.852260,0 days 00:00:01.448156,377.8545632186312,42,extensive,42,COMPLETE
64,-0.10690647345921904,2025-12-07 01:57:32.853293,2025-12-07 01:57:34.282817,0 days 00:00:01.429524,96.57638568420334,22,extensive,22,COMPLETE
65,-5437.125083689595,2025-12-07 01:57:34.283522,2025-12-07 01:57:35.815353,0 days 00:00:01.531831,996.8089467442966,495,extensive,495,COMPLETE
66,-0.10664729067988876,2025-12-07 01:57:35.816989,2025-12-07 01:57:37.233718,0 days 00:00:01.416729,513.0283364695516,81,extensive,81,COMPLETE
67,-0.17775380700727483,2025-12-07 01:57:37.234741,2025-12-07 01:57:38.568736,0 days 00:00:01.333995,265.20355356990734,103,extensive,103,COMPLETE
68,-0.009749288954521282,2025-12-07 01:57:38.570258,2025-12-07 01:57:40.050840,0 days 00:00:01.480582,184.60973033203638,14,extensive,14,COMPLETE
69,-0.16702787977286224,2025-12-07 01:57:40.051851,2025-12-07 01:57:41.570372,0 days 00:00:01.518521,126.17125287641598,45,extensive,45,COMPLETE
70,-0.0936676485981504,2025-12-07 01:57:41.571377,2025-12-07 01:57:43.018618,0 days 00:00:01.447241,601.4403486586241,66,extensive,66,COMPLETE
71,0.0008920794355784892,2025-12-07 01:57:43.019622,2025-12-07 01:57:44.471103,0 days 00:00:01.451481,989.930929423918,1,extensive,1,COMPLETE
72,-0.007870116777291694,2025-12-07 01:57:44.472108,2025-12-07 01:57:45.948503,0 days 00:00:01.476395,338.6620539635655,9,extensive,9,COMPLETE
73,-0.06735233318206901,2025-12-07 01:57:45.949503,2025-12-07 01:57:47.515127,0 days 00:00:01.565624,574.7132786771632,32,extensive,32,COMPLETE
74,-0.009583431458324335,2025-12-07 01:57:47.517130,2025-12-07 01:57:48.984737,0 days 00:00:01.467607,325.23987215339537,13,extensive,13,COMPLETE
75,0.0017920150270707518,2025-12-07 01:57:48.985756,2025-12-07 01:57:50.470263,0 days 00:00:01.484507,957.8113060150982,2,extensive,2,COMPLETE
76,-0.47283742933886613,2025-12-07 01:57:50.471412,2025-12-07 01:57:51.851390,0 days 00:00:01.379978,0.025680747560300105,42,extensive,42,COMPLETE
77,-0.07884933023267167,2025-12-07 01:57:51.852675,2025-12-07 01:57:53.241665,0 days 00:00:01.388990,439.18847566830743,26,extensive,26,COMPLETE
78,-0.14672300884159103,2025-12-07 01:57:53.243673,2025-12-07 01:57:54.671377,0 days 00:00:01.427704,232.58361989954506,62,extensive,62,COMPLETE
79,-0.010575469752153177,2025-12-07 01:57:54.672382,2025-12-07 01:57:56.150717,0 days 00:00:01.478335,113.60648030533014,16,extensive,16,COMPLETE
80,0.00013629416750260415,2025-12-07 01:57:56.151722,2025-12-07 01:57:57.534894,0 days 00:00:01.383172,0.00011334514313456057,1,extensive,1,COMPLETE
81,0.0008705156864682687,2025-12-07 01:57:57.535896,2025-12-07 01:57:58.970507,0 days 00:00:01.434611,902.6279883246135,1,extensive,1,COMPLETE
82,-0.6475943073460192,2025-12-07 01:57:58.971643,2025-12-07 01:58:00.444411,0 days 00:00:01.472768,613.6916063092218,217,extensive,217,COMPLETE
83,-0.08764705733473303,2025-12-07 01:58:00.445914,2025-12-07 01:58:01.871205,0 days 00:00:01.425291,413.88872247757376,48,extensive,48,COMPLETE
84,-0.05646842817724743,2025-12-07 01:58:01.872239,2025-12-07 01:58:03.369076,0 days 00:00:01.496837,754.0864873503045,32,extensive,32,COMPLETE
85,-0.08081632777167846,2025-12-07 01:58:03.370080,2025-12-07 01:58:04.866409,0 days 00:00:01.496329,176.65121018996095,19,extensive,19,COMPLETE
86,-0.10637183241252335,2025-12-07 01:58:04.867413,2025-12-07 01:58:06.302917,0 days 00:00:01.435504,279.323442768723,36,extensive,36,COMPLETE
87,-0.011008718367716663,2025-12-07 01:58:06.302917,2025-12-07 01:58:07.721913,0 days 00:00:01.418996,0.11954875652583813,9,extensive,9,COMPLETE
88,-0.08570681901970072,2025-12-07 01:58:07.722941,2025-12-07 01:58:09.185394,0 days 00:00:01.462453,667.6351629860554,76,extensive,76,COMPLETE
89,-0.13865991189101556,2025-12-07 01:58:09.186397,2025-12-07 01:58:10.619302,0 days 00:00:01.432905,0.0014248968409122788,22,extensive,22,COMPLETE
90,-0.5320095955946581,2025-12-07 01:58:10.619895,2025-12-07 01:58:12.035492,0 days 00:00:01.415597,0.0002341768984075224,50,extensive,50,COMPLETE
91,0.0008889043548310586,2025-12-07 01:58:12.036599,2025-12-07 01:58:13.370693,0 days 00:00:01.334094,975.8647959681655,1,extensive,1,COMPLETE
92,-2.1608948111476667,2025-12-07 01:58:13.372203,2025-12-07 01:58:14.868173,0 days 00:00:01.495970,434.2087206859106,464,extensive,464,COMPLETE
93,-0.004757540773349556,2025-12-07 01:58:14.871679,2025-12-07 01:58:16.285098,0 days 00:00:01.413419,876.9625759067186,10,extensive,10,COMPLETE
94,-0.04705162582103062,2025-12-07 01:58:16.286060,2025-12-07 01:58:17.737810,0 days 00:00:01.451750,979.5628520014653,32,extensive,32,COMPLETE
95,0.0006758690313780255,2025-12-07 01:58:17.739902,2025-12-07 01:58:19.121566,0 days 00:00:01.381664,471.376096525458,1,extensive,1,COMPLETE
96,-0.08604757597935127,2025-12-07 01:58:19.122569,2025-12-07 01:58:20.503467,0 days 00:00:01.380898,264.3350036281955,25,extensive,25,COMPLETE
97,-0.009146600686581574,2025-12-07 01:58:20.504907,2025-12-07 01:58:21.949615,0 days 00:00:01.444708,156.66228985547104,12,extensive,12,COMPLETE
98,-57206.186929789685,2025-12-07 01:58:21.951408,2025-12-07 01:58:23.505286,0 days 00:00:01.553878,0.004743396193582956,376,extensive,376,COMPLETE
99,-0.21821972453064087,2025-12-07 01:58:23.506394,2025-12-07 01:58:25.022308,0 days 00:00:01.515914,75.66049761044592,42,extensive,42,COMPLETE
100,-0.07284430438935381,2025-12-07 01:58:25.023505,2025-12-07 01:58:26.637147,0 days 00:00:01.613642,689.4054013422655,60,extensive,60,COMPLETE
101,0.0029835097639926054,2025-12-07 01:58:26.638146,2025-12-07 01:58:28.089247,0 days 00:00:01.451101,959.5097223194565,3,extensive,3,COMPLETE
102,-0.07549421641515841,2025-12-07 01:58:28.091332,2025-12-07 01:58:29.554268,0 days 00:00:01.462936,328.4128943881316,24,extensive,24,COMPLETE
103,-0.008208504779469402,2025-12-07 01:58:29.555270,2025-12-07 01:58:31.136459,0 days 00:00:01.581189,523.8691940767227,13,extensive,13,COMPLETE
104,-0.005506715200583286,2025-12-07 01:58:31.138714,2025-12-07 01:58:32.688607,0 days 00:00:01.549893,695.5585397314222,8,extensive,8,COMPLETE
105,-0.08354948289272231,2025-12-07 01:58:32.689869,2025-12-07 01:58:34.303617,0 days 00:00:01.613748,424.81878279686964,35,extensive,35,COMPLETE
106,-0.05249338086563878,2025-12-07 01:58:34.305629,2025-12-07 01:58:35.929193,0 days 00:00:01.623564,695.5297949833747,21,extensive,21,COMPLETE
107,0.0008937391663761396,2025-12-07 01:58:35.929193,2025-12-07 01:58:37.589733,0 days 00:00:01.660540,997.4833275694638,1,extensive,1,COMPLETE
108,-0.16224756300446175,2025-12-07 01:58:37.590885,2025-12-07 01:58:39.266026,0 days 00:00:01.675141,214.5356417052335,51,extensive,51,COMPLETE
109,-0.21929940847485066,2025-12-07 01:58:39.267031,2025-12-07 01:58:40.822852,0 days 00:00:01.555821,0.07650699147945163,27,extensive,27,COMPLETE
110,-1705.5684304830065,2025-12-07 01:58:40.823967,2025-12-07 01:58:42.539429,0 days 00:00:01.715462,1.4889914492883745,326,extensive,326,COMPLETE
111,0.0008812051575039689,2025-12-07 01:58:42.541567,2025-12-07 01:58:44.106141,0 days 00:00:01.564574,943.633437973618,1,extensive,1,COMPLETE
112,-0.004319506611615287,2025-12-07 01:58:44.107654,2025-12-07 01:58:45.654796,0 days 00:00:01.547142,993.2102978492387,10,extensive,10,COMPLETE
113,-0.10331565759498502,2025-12-07 01:58:45.655801,2025-12-07 01:58:47.203104,0 days 00:00:01.547303,330.2001003024912,40,extensive,40,COMPLETE
114,-0.007450002281543022,2025-12-07 01:58:47.204063,2025-12-07 01:58:48.737382,0 days 00:00:01.533319,584.3906831122696,15,extensive,15,COMPLETE
115,-0.007017273581276869,2025-12-07 01:58:48.739478,2025-12-07 01:58:50.235249,0 days 00:00:01.495771,457.17092298935984,7,extensive,7,COMPLETE
116,-0.051600985313599246,2025-12-07 01:58:50.235249,2025-12-07 01:58:51.821606,0 days 00:00:01.586357,727.0978810435928,24,extensive,24,COMPLETE
117,0.0005067898162607332,2025-12-07 01:58:51.822611,2025-12-07 01:58:53.337742,0 days 00:00:01.515131,270.2197055430934,1,extensive,1,COMPLETE
118,-0.07565833206172008,2025-12-07 01:58:53.338752,2025-12-07 01:58:54.807451,0 days 00:00:01.468699,496.7250208660889,37,extensive,37,COMPLETE
119,-0.045236063146580685,2025-12-07 01:58:54.807451,2025-12-07 01:58:56.305234,0 days 00:00:01.497783,740.6405529963783,20,extensive,20,COMPLETE
120,-0.1527752282914279,2025-12-07 01:58:56.306238,2025-12-07 01:58:57.789016,0 days 00:00:01.482778,142.69893660156052,30,extensive,30,COMPLETE
121,0.0008888913531041043,2025-12-07 01:58:57.789986,2025-12-07 01:58:59.259520,0 days 00:00:01.469534,975.8081845919334,1,extensive,1,COMPLETE
122,-0.007568931093012006,2025-12-07 01:58:59.260026,2025-12-07 01:59:00.786488,0 days 00:00:01.526462,355.2871512939992,12,extensive,12,COMPLETE
123,0.0007321310761792358,2025-12-07 01:59:00.787486,2025-12-07 01:59:02.421345,0 days 00:00:01.633859,561.6831767733222,1,extensive,1,COMPLETE
124,-0.02757239920692604,2025-12-07 01:59:02.422639,2025-12-07 01:59:04.005658,0 days 00:00:01.583019,918.281204904362,18,extensive,18,COMPLETE
125,-0.004234666889515311,2025-12-07 01:59:04.006665,2025-12-07 01:59:05.621622,0 days 00:00:01.614957,994.6530946397545,9,extensive,9,COMPLETE
126,-0.08857214343623372,2025-12-07 01:59:05.623794,2025-12-07 01:59:07.138383,0 days 00:00:01.514589,406.36895582807574,48,extensive,48,COMPLETE
127,-0.12736812694560354,2025-12-07 01:59:07.140596,2025-12-07 01:59:08.638565,0 days 00:00:01.497969,203.82434374374083,29,extensive,29,COMPLETE
128,-0.05071312581048778,2025-12-07 01:59:08.640792,2025-12-07 01:59:10.235417,0 days 00:00:01.594625,648.1315689579217,19,extensive,19,COMPLETE
129,-0.09819554461987767,2025-12-07 01:59:10.235417,2025-12-07 01:59:11.740706,0 days 00:00:01.505289,321.8537619164289,36,extensive,36,COMPLETE
130,0.0015403964946328157,2025-12-07 01:59:11.741902,2025-12-07 01:59:13.056779,0 days 00:00:01.314877,522.7247731542881,2,extensive,2,COMPLETE
131,-0.006261859706604422,2025-12-07 01:59:13.057778,2025-12-07 01:59:14.490777,0 days 00:00:01.432999,571.1270868842561,7,extensive,7,COMPLETE
132,0.0008188660241346865,2025-12-07 01:59:14.492199,2025-12-07 01:59:15.885942,0 days 00:00:01.393743,745.1615291257899,1,extensive,1,COMPLETE
133,-0.03412030965402143,2025-12-07 01:59:15.886929,2025-12-07 01:59:17.290719,0 days 00:00:01.403790,532.3478569085784,18,extensive,18,COMPLETE
134,-0.004382891100196111,2025-12-07 01:59:17.291816,2025-12-07 01:59:18.822290,0 days 00:00:01.530474,988.7339423568105,12,extensive,12,COMPLETE
135,-0.08380710258902446,2025-12-07 01:59:18.824183,2025-12-07 01:59:20.237774,0 days 00:00:01.413591,391.5226118989925,26,extensive,26,COMPLETE
136,0.0012489824596849664,2025-12-07 01:59:20.238774,2025-12-07 01:59:21.691513,0 days 00:00:01.452739,254.823769439784,2,extensive,2,COMPLETE
137,-0.47035739558814255,2025-12-07 01:59:21.692617,2025-12-07 01:59:23.221625,0 days 00:00:01.529008,0.27572482520031655,40,extensive,40,COMPLETE
138,-0.04092704977232294,2025-12-07 01:59:23.221625,2025-12-07 01:59:24.741927,0 days 00:00:01.520302,230.7624611264991,17,extensive,17,COMPLETE
139,-0.07983106613354223,2025-12-07 01:59:24.743045,2025-12-07 01:59:26.237443,0 days 00:00:01.494398,460.0889650903001,28,extensive,28,COMPLETE
140,-0.1362304204557084,2025-12-07 01:59:26.237443,2025-12-07 01:59:27.658524,0 days 00:00:01.421081,288.96978509343813,54,extensive,54,COMPLETE
141,0.0008110616374779797,2025-12-07 01:59:27.659568,2025-12-07 01:59:29.073065,0 days 00:00:01.413497,725.4521114845844,1,extensive,1,COMPLETE
142,-0.005476389220526586,2025-12-07 01:59:29.074078,2025-12-07 01:59:30.556662,0 days 00:00:01.482584,710.4995639355666,10,extensive,10,COMPLETE
143,-0.006702536610979193,2025-12-07 01:59:30.557680,2025-12-07 01:59:32.023013,0 days 00:00:01.465333,504.3676895500573,9,extensive,9,COMPLETE
144,-0.17863083617807818,2025-12-07 01:59:32.024020,2025-12-07 01:59:33.592359,0 days 00:00:01.568339,973.8456042929523,278,extensive,278,COMPLETE
145,-2.09519760615369,2025-12-07 01:59:33.593477,2025-12-07 01:59:35.073907,0 days 00:00:01.480430,339.60571716674974,230,extensive,230,COMPLETE
146,0.0007754122592873447,2025-12-07 01:59:35.074911,2025-12-07 01:59:36.526269,0 days 00:00:01.451358,644.5665201391308,1,extensive,1,COMPLETE
147,-0.02649581388135695,2025-12-07 01:59:36.528425,2025-12-07 01:59:37.921419,0 days 00:00:01.392994,994.9391432961185,18,extensive,18,COMPLETE
148,-0.07920332506825611,2025-12-07 01:59:37.921419,2025-12-07 01:59:39.353683,0 days 00:00:01.432264,453.20225663929057,29,extensive,29,COMPLETE
149,-0.042887362836997976,2025-12-07 01:59:39.354707,2025-12-07 01:59:40.775489,0 days 00:00:01.420782,164.46389624557037,18,extensive,18,COMPLETE
150,-0.010559917309339658,2025-12-07 01:59:40.776571,2025-12-07 01:59:42.273477,0 days 00:00:01.496906,10.012484453949703,10,extensive,10,COMPLETE
151,0.0008245303894570677,2025-12-07 01:59:42.274515,2025-12-07 01:59:43.644554,0 days 00:00:01.370039,760.0046157850591,1,extensive,1,COMPLETE
152,-0.005580402769706505,2025-12-07 01:59:43.645555,2025-12-07 01:59:45.058252,0 days 00:00:01.412697,697.3245741173646,9,extensive,9,COMPLETE
153,0.0007049812578167428,2025-12-07 01:59:45.059257,2025-12-07 01:59:46.458083,0 days 00:00:01.398826,516.0421208367355,1,extensive,1,COMPLETE
154,-0.042168222706867854,2025-12-07 01:59:46.459618,2025-12-07 01:59:47.872421,0 days 00:00:01.412803,976.6004355933763,23,extensive,23,COMPLETE
155,-0.08995519417898297,2025-12-07 01:59:47.873785,2025-12-07 01:59:49.308264,0 days 00:00:01.434479,374.54078720946006,35,extensive,35,COMPLETE
156,0.00014814782898309176,2025-12-07 01:59:49.309270,2025-12-07 01:59:50.726552,0 days 00:00:01.417282,6.629556635233644,1,extensive,1,COMPLETE
157,-0.039999709217899936,2025-12-07 01:59:50.728064,2025-12-07 01:59:52.223447,0 days 00:00:01.495383,266.0112667633186,17,extensive,17,COMPLETE
158,-0.04702758239071092,2025-12-07 01:59:52.223447,2025-12-07 01:59:53.828914,0 days 00:00:01.605467,994.907785065469,27,extensive,27,COMPLETE
159,-0.005752848099408496,2025-12-07 01:59:53.829920,2025-12-07 01:59:55.660583,0 days 00:00:01.830663,607.5345785673383,11,extensive,11,COMPLETE
160,-0.08998623064455924,2025-12-07 01:59:55.661717,2025-12-07 01:59:57.653164,0 days 00:00:01.991447,417.5800436310514,43,extensive,43,COMPLETE
161,0.001710890457039797,2025-12-07 01:59:57.654163,2025-12-07 01:59:59.461354,0 days 00:00:01.807191,775.4704388925227,2,extensive,2,COMPLETE
162,0.0008072694036777758,2025-12-07 01:59:59.462356,2025-12-07 02:00:01.377489,0 days 00:00:01.915133,716.1649941193384,1,extensive,1,COMPLETE
163,-0.03318955538444757,2025-12-07 02:00:01.378726,2025-12-07 02:00:03.457927,0 days 00:00:02.079201,570.9419957588012,17,extensive,17,COMPLETE
164,-0.0050578280140778364,2025-12-07 02:00:03.458575,2025-12-07 02:00:05.361330,0 days 00:00:01.902755,804.0897432183269,10,extensive,10,COMPLETE
165,-0.06158907129656436,2025-12-07 02:00:05.362492,2025-12-07 02:00:07.238674,0 days 00:00:01.876182,518.8988039307363,24,extensive,24,COMPLETE
166,0.0008904410255972847,2025-12-07 02:00:07.240179,2025-12-07 02:00:09.291613,0 days 00:00:02.051434,982.6116744464371,1,extensive,1,COMPLETE
167,-0.009787104845510783,2025-12-07 02:00:09.292815,2025-12-07 02:00:11.294545,0 days 00:00:02.001730,299.34376795660336,13,extensive,13,COMPLETE
168,-0.06044170738353286,2025-12-07 02:00:11.295713,2025-12-07 02:00:13.311589,0 days 00:00:02.015876,702.5895767522766,33,extensive,33,COMPLETE
169,-0.04215417498927706,2025-12-07 02:00:13.312829,2025-12-07 02:00:15.224278,0 days 00:00:01.911449,994.0629387541331,21,extensive,21,COMPLETE
170,0.00066706994728342,2025-12-07 02:00:15.224278,2025-12-07 02:00:17.095345,0 days 00:00:01.871067,458.63180149760797,1,extensive,1,COMPLETE
171,-0.0053222726720461395,2025-12-07 02:00:17.096414,2025-12-07 02:00:19.009762,0 days 00:00:01.913348,743.9511688304033,10,extensive,10,COMPLETE
172,-1.8977934301373878,2025-12-07 02:00:19.010801,2025-12-07 02:00:20.872364,0 days 00:00:01.861563,589.1357588368058,166,extensive,166,COMPLETE
173,-0.007519530665025198,2025-12-07 02:00:20.873370,2025-12-07 02:00:22.742346,0 days 00:00:01.868976,376.72092050296766,8,extensive,8,COMPLETE
174,-0.03878338937778173,2025-12-07 02:00:22.743630,2025-12-07 02:00:24.645568,0 days 00:00:01.901938,978.8221966860094,20,extensive,20,COMPLETE
175,0.000809962897255286,2025-12-07 02:00:24.647134,2025-12-07 02:00:26.495545,0 days 00:00:01.848411,722.742464166688,1,extensive,1,COMPLETE
176,-0.00655076100708137,2025-12-07 02:00:26.497110,2025-12-07 02:00:28.290025,0 days 00:00:01.792915,515.4852833545882,12,extensive,12,COMPLETE
177,-0.047349801150533444,2025-12-07 02:00:28.291024,2025-12-07 02:00:30.093916,0 days 00:00:01.802892,996.6657520217212,26,extensive,26,COMPLETE
178,-0.007543673407177098,2025-12-07 02:00:30.094914,2025-12-07 02:00:31.972340,0 days 00:00:01.877426,349.5152850579432,10,extensive,10,COMPLETE
179,-0.030829104008671854,2025-12-07 02:00:31.973343,2025-12-07 02:00:33.909264,0 days 00:00:01.935921,710.9674517010412,18,extensive,18,COMPLETE
180,-0.11538569610531653,2025-12-07 02:00:33.910343,2025-12-07 02:00:35.678960,0 days 00:00:01.768617,241.34855681669055,33,extensive,33,COMPLETE
181,0.0008918150043330334,2025-12-07 02:00:35.680194,2025-12-07 02:00:37.493377,0 days 00:00:01.813183,988.7406391692596,1,extensive,1,COMPLETE
182,0.0015691361040496659,2025-12-07 02:00:37.494390,2025-12-07 02:00:39.396427,0 days 00:00:01.902037,557.9019927543044,2,extensive,2,COMPLETE
183,-0.006583548682254266,2025-12-07 02:00:39.397481,2025-12-07 02:00:41.447593,0 days 00:00:02.050112,523.0504471966836,9,extensive,9,COMPLETE
184,0.0016632905438307422,2025-12-07 02:00:41.448598,2025-12-07 02:00:43.427067,0 days 00:00:01.978469,692.2231369092505,2,extensive,2,COMPLETE
185,0.0007401136368793878,2025-12-07 02:00:43.428093,2025-12-07 02:00:45.396671,0 days 00:00:01.968578,575.9495329364622,1,extensive,1,COMPLETE
186,-0.03638597640148907,2025-12-07 02:00:45.397746,2025-12-07 02:00:47.343520,0 days 00:00:01.945774,416.7904576666332,17,extensive,17,COMPLETE
187,-0.04958926453525244,2025-12-07 02:00:47.344675,2025-12-07 02:00:49.327636,0 days 00:00:01.982961,747.9749859222285,23,extensive,23,COMPLETE
188,-0.007530223585644258,2025-12-07 02:00:49.328640,2025-12-07 02:00:51.243868,0 days 00:00:01.915228,351.44047734153804,10,extensive,10,COMPLETE
189,0.0007545158349917166,2025-12-07 02:00:51.245999,2025-12-07 02:00:53.275567,0 days 00:00:02.029568,602.7897436185,1,extensive,1,COMPLETE
190,-0.07956623395231317,2025-12-07 02:00:53.277235,2025-12-07 02:00:55.210153,0 days 00:00:01.932918,429.1799353986708,27,extensive,27,COMPLETE
191,0.0008263549148315175,2025-12-07 02:00:55.210660,2025-12-07 02:00:57.011235,0 days 00:00:01.800575,764.88816159082,1,extensive,1,COMPLETE
192,-0.006009314077902728,2025-12-07 02:00:57.013252,2025-12-07 02:00:58.711153,0 days 00:00:01.697901,746.5160269091346,14,extensive,14,COMPLETE
193,-0.006047434901636987,2025-12-07 02:00:58.712209,2025-12-07 02:01:00.361705,0 days 00:00:01.649496,552.2354473902795,11,extensive,11,COMPLETE
194,-0.11122576764101282,2025-12-07 02:01:00.362709,2025-12-07 02:01:02.027668,0 days 00:00:01.664959,0.0005605208207325656,19,extensive,19,COMPLETE
195,0.0008884366731350957,2025-12-07 02:01:02.028818,2025-12-07 02:01:03.644714,0 days 00:00:01.615896,973.8333599955118,1,extensive,1,COMPLETE
196,-0.005360920745608973,2025-12-07 02:01:03.645715,2025-12-07 02:01:05.294523,0 days 00:00:01.648808,735.4559280935199,10,extensive,10,COMPLETE
197,-2.908802029792401,2025-12-07 02:01:05.296376,2025-12-07 02:01:06.910417,0 days 00:00:01.614041,462.5830313626517,142,extensive,142,COMPLETE
198,-0.3186097901796298,2025-12-07 02:01:06.912429,2025-12-07 02:01:08.511316,0 days 00:00:01.598887,0.005407603573331367,28,extensive,28,COMPLETE
199,-0.008857518815943507,2025-12-07 02:01:08.512428,2025-12-07 02:01:10.242962,0 days 00:00:01.730534,288.02543388989324,16,extensive,16,COMPLETE
200,-0.004264101234606003,2025-12-07 02:01:10.242962,2025-12-07 02:01:11.932030,0 days 00:00:01.689068,964.0138908675157,8,extensive,8,COMPLETE
201,0.002997041822762355,2025-12-07 02:01:11.932030,2025-12-07 02:01:13.544918,0 days 00:00:01.612888,984.7332359692848,3,extensive,3,COMPLETE
202,-0.005854313027806442,2025-12-07 02:01:13.546001,2025-12-07 02:01:15.110216,0 days 00:00:01.564215,633.008441494619,10,extensive,10,COMPLETE
203,-0.03845891121450884,2025-12-07 02:01:15.111749,2025-12-07 02:01:16.831367,0 days 00:00:01.719618,992.8443411045589,20,extensive,20,COMPLETE
204,0.0008938256266647718,2025-12-07 02:01:16.832516,2025-12-07 02:01:18.511757,0 days 00:00:01.679241,997.8806724197236,1,extensive,1,COMPLETE
205,0.0015827239917684717,2025-12-07 02:01:18.512957,2025-12-07 02:01:20.181778,0 days 00:00:01.668821,575.3554301268088,2,extensive,2,COMPLETE
206,0.0007215676972857447,2025-12-07 02:01:20.182977,2025-12-07 02:01:21.814617,0 days 00:00:01.631640,543.419524445482,1,extensive,1,COMPLETE
207,-0.006060965734892713,2025-12-07 02:01:21.815733,2025-12-07 02:01:23.511039,0 days 00:00:01.695306,702.0053726598533,16,extensive,16,COMPLETE
208,-0.0843106327144512,2025-12-07 02:01:23.512042,2025-12-07 02:01:25.179476,0 days 00:00:01.667434,414.85817267768186,37,extensive,37,COMPLETE
209,-0.05758611575975318,2025-12-07 02:01:25.180481,2025-12-07 02:01:26.746944,0 days 00:00:01.566463,633.860827867968,25,extensive,25,COMPLETE
210,-0.006919648418309092,2025-12-07 02:01:26.747943,2025-12-07 02:01:28.462204,0 days 00:00:01.714261,453.9673155926368,12,extensive,12,COMPLETE
211,0.0008118609229907925,2025-12-07 02:01:28.463498,2025-12-07 02:01:30.094763,0 days 00:00:01.631265,727.4330931214275,1,extensive,1,COMPLETE
212,-0.005383331339144777,2025-12-07 02:01:30.095766,2025-12-07 02:01:31.731215,0 days 00:00:01.635449,735.6466615629436,9,extensive,9,COMPLETE
213,-0.004297451352777111,2025-12-07 02:01:31.731720,2025-12-07 02:01:33.262532,0 days 00:00:01.530812,999.4087683730137,10,extensive,10,COMPLETE
214,0.0007414209868833455,2025-12-07 02:01:33.263613,2025-12-07 02:01:34.761308,0 days 00:00:01.497695,578.3260786214787,1,extensive,1,COMPLETE
215,-0.0387282185347401,2025-12-07 02:01:34.762760,2025-12-07 02:01:36.330033,0 days 00:00:01.567273,981.1906753899417,20,extensive,20,COMPLETE
216,-2.6577002580453644,2025-12-07 02:01:36.331040,2025-12-07 02:01:38.111606,0 days 00:00:01.780566,509.70962004532953,418,extensive,418,COMPLETE
217,-0.03856040802826044,2025-12-07 02:01:38.113017,2025-12-07 02:01:39.713014,0 days 00:00:01.599997,329.4311347338173,18,extensive,18,COMPLETE
218,-0.00537178350526583,2025-12-07 02:01:39.714288,2025-12-07 02:01:41.346342,0 days 00:00:01.632054,737.9399779930002,9,extensive,9,COMPLETE
219,0.0008050156632410562,2025-12-07 02:01:41.348113,2025-12-07 02:01:42.980444,0 days 00:00:01.632331,2.568787228254893,2,extensive,2,COMPLETE
220,-0.07194649692356692,2025-12-07 02:01:42.981449,2025-12-07 02:01:44.611299,0 days 00:00:01.629850,524.9495546830843,29,extensive,29,COMPLETE
221,0.0008319166932682457,2025-12-07 02:01:44.611804,2025-12-07 02:01:46.161806,0 days 00:00:01.550002,780.1004660795007,1,extensive,1,COMPLETE
222,0.0008795037896957014,2025-12-07 02:01:46.162810,2025-12-07 02:01:47.813488,0 days 00:00:01.650678,936.8355647944901,1,extensive,1,COMPLETE
223,-0.004428192045930923,2025-12-07 02:01:47.815601,2025-12-07 02:01:49.528591,0 days 00:00:01.712990,976.2560878431495,12,extensive,12,COMPLETE
224,-0.03212071408025948,2025-12-07 02:01:49.529591,2025-12-07 02:01:51.149597,0 days 00:00:01.620006,637.5728825625138,18,extensive,18,COMPLETE
225,0.0006321912266863405,2025-12-07 02:01:51.150703,2025-12-07 02:01:52.712802,0 days 00:00:01.562099,411.10717882549176,1,extensive,1,COMPLETE
226,-0.0059186953528790704,2025-12-07 02:01:52.713627,2025-12-07 02:01:54.313669,0 days 00:00:01.600042,984.4185529697511,13,extensive,13,COMPLETE
227,-0.005698386986943027,2025-12-07 02:01:54.314779,2025-12-07 02:01:55.912111,0 days 00:00:01.597332,675.0900970936761,9,extensive,9,COMPLETE
228,-0.0577688340824812,2025-12-07 02:01:55.912111,2025-12-07 02:01:57.481266,0 days 00:00:01.569155,564.6677855111238,22,extensive,22,COMPLETE
229,0.0008039614954579166,2025-12-07 02:01:57.482271,2025-12-07 02:01:59.011842,0 days 00:00:01.529571,708.2102967569848,1,extensive,1,COMPLETE
230,-0.004087566611254497,2025-12-07 02:01:59.012846,2025-12-07 02:02:00.630622,0 days 00:00:01.617776,997.3784596597693,11,extensive,11,COMPLETE
231,-0.004854128631266256,2025-12-07 02:02:00.631861,2025-12-07 02:02:02.298239,0 days 00:00:01.666378,846.6893952915195,9,extensive,9,COMPLETE
232,0.0008192022383252858,2025-12-07 02:02:02.299242,2025-12-07 02:02:03.932758,0 days 00:00:01.633516,746.0295073468874,1,extensive,1,COMPLETE
233,0.0006895670093122938,2025-12-07 02:02:03.932758,2025-12-07 02:02:05.497497,0 days 00:00:01.564739,491.89163873056776,1,extensive,1,COMPLETE
234,-0.047276907616671617,2025-12-07 02:02:05.499174,2025-12-07 02:02:07.035534,0 days 00:00:01.536360,745.4561682753838,19,extensive,19,COMPLETE
235,-0.004360115350043732,2025-12-07 02:02:07.036606,2025-12-07 02:02:08.662929,0 days 00:00:01.626323,981.8889316908594,10,extensive,10,COMPLETE
236,0.0008924613067412546,2025-12-07 02:02:08.664519,2025-12-07 02:02:10.357784,0 days 00:00:01.693265,991.6560755806079,1,extensive,1,COMPLETE
237,-0.1629191708277887,2025-12-07 02:02:10.358790,2025-12-07 02:02:12.456877,0 days 00:00:02.098087,0.5807334691874856,25,extensive,25,COMPLETE
238,-0.03443972325943142,2025-12-07 02:02:12.457884,2025-12-07 02:02:14.203042,0 days 00:00:01.745158,508.04869143623694,17,extensive,17,COMPLETE
239,-2.6473464998621723,2025-12-07 02:02:14.204049,2025-12-07 02:02:15.997207,0 days 00:00:01.793158,423.78530825713,344,extensive,344,COMPLETE
240,-0.005714853345696584,2025-12-07 02:02:15.998720,2025-12-07 02:02:17.868273,0 days 00:00:01.869553,614.9122552199574,11,extensive,11,COMPLETE
241,0.0008853360579410922,2025-12-07 02:02:17.869277,2025-12-07 02:02:19.712029,0 days 00:00:01.842752,960.6139708009091,1,extensive,1,COMPLETE
242,-0.004275398895837094,2025-12-07 02:02:19.713034,2025-12-07 02:02:21.592390,0 days 00:00:01.879356,984.2325887596759,9,extensive,9,COMPLETE
243,-0.005591888899191821,2025-12-07 02:02:21.593389,2025-12-07 02:02:23.292361,0 days 00:00:01.698972,695.1372419685044,9,extensive,9,COMPLETE
244,0.0008147818118120487,2025-12-07 02:02:23.293357,2025-12-07 02:02:24.987583,0 days 00:00:01.694226,734.7440721935715,1,extensive,1,COMPLETE
245,0.0008940377046509443,2025-12-07 02:02:24.989585,2025-12-07 02:02:26.755274,0 days 00:00:01.765689,998.856989556153,1,extensive,1,COMPLETE
246,-0.03408027767538243,2025-12-07 02:02:26.756277,2025-12-07 02:02:28.457284,0 days 00:00:01.701007,534.3617233850387,18,extensive,18,COMPLETE
247,-0.005401656124777092,2025-12-07 02:02:28.458287,2025-12-07 02:02:30.179108,0 days 00:00:01.720821,726.57973821914,10,extensive,10,COMPLETE
248,-0.06463195780614395,2025-12-07 02:02:30.180113,2025-12-07 02:02:31.869727,0 days 00:00:01.689614,365.93528011331875,19,extensive,19,COMPLETE
249,-82.42812945806112,2025-12-07 02:02:31.870728,2025-12-07 02:02:33.529588,0 days 00:00:01.658860,33.0484949228488,188,extensive,188,COMPLETE
250,0.0007350120762927107,2025-12-07 02:02:33.530568,2025-12-07 02:02:35.157453,0 days 00:00:01.626885,566.7843743636644,1,extensive,1,COMPLETE
251,-0.0048669375899580425,2025-12-07 02:02:35.158458,2025-12-07 02:02:36.751253,0 days 00:00:01.592795,796.212627858853,11,extensive,11,COMPLETE
252,-0.04779874132233745,2025-12-07 02:02:36.752258,2025-12-07 02:02:38.391294,0 days 00:00:01.639036,983.4795974289055,26,extensive,26,COMPLETE
253,-0.00783846086345219,2025-12-07 02:02:38.392293,2025-12-07 02:02:40.119517,0 days 00:00:01.727224,518.4364397675222,15,extensive,15,COMPLETE
254,-0.0931498071554741,2025-12-07 02:02:40.120522,2025-12-07 02:02:41.948563,0 days 00:00:01.828041,332.2270125704735,32,extensive,32,COMPLETE
255,0.000781061853538397,2025-12-07 02:02:41.950216,2025-12-07 02:02:43.856402,0 days 00:00:01.906186,656.5088808167134,1,extensive,1,COMPLETE
256,-0.5071929637796955,2025-12-07 02:02:43.857407,2025-12-07 02:02:45.783523,0 days 00:00:01.926116,991.3375457483742,461,extensive,461,COMPLETE
257,-0.007076660504553837,2025-12-07 02:02:45.784528,2025-12-07 02:02:47.550386,0 days 00:00:01.765858,419.1355287336787,10,extensive,10,COMPLETE
258,-0.04678164964239129,2025-12-07 02:02:47.551390,2025-12-07 02:02:49.284286,0 days 00:00:01.732896,693.3674795881328,20,extensive,20,COMPLETE
259,-0.006118471938262833,2025-12-07 02:02:49.285285,2025-12-07 02:02:51.058098,0 days 00:00:01.772813,599.8784860226025,9,extensive,9,COMPLETE
260,0.0008939188783288291,2025-12-07 02:02:51.060101,2025-12-07 02:02:52.724410,0 days 00:00:01.664309,998.3096704399952,1,extensive,1,COMPLETE
261,-0.0756834289849632,2025-12-07 02:02:52.725415,2025-12-07 02:02:54.347894,0 days 00:00:01.622479,470.1261853110439,27,extensive,27,COMPLETE
262,-0.04002633376472361,2025-12-07 02:02:54.348896,2025-12-07 02:02:56.049489,0 days 00:00:01.700593,264.98094730420064,17,extensive,17,COMPLETE
263,0.000821797767829017,2025-12-07 02:02:56.049997,2025-12-07 02:02:57.813661,0 days 00:00:01.763664,752.7849927999127,1,extensive,1,COMPLETE
264,0.0008145419225165836,2025-12-07 02:02:57.814666,2025-12-07 02:02:59.440698,0 days 00:00:01.626032,734.1393270908891,1,extensive,1,COMPLETE
265,-0.007372079802612415,2025-12-07 02:02:59.441699,2025-12-07 02:03:01.057432,0 days 00:00:01.615733,384.0051720123865,12,extensive,12,COMPLETE
266,-0.05060731450103347,2025-12-07 02:03:01.058438,2025-12-07 02:03:02.819549,0 days 00:00:01.761111,589.3523675602179,20,extensive,20,COMPLETE
267,-0.004300522147247817,2025-12-07 02:03:02.820553,2025-12-07 02:03:04.519649,0 days 00:00:01.699096,998.5436316195436,10,extensive,10,COMPLETE
268,-0.45570654344426514,2025-12-07 02:03:04.520653,2025-12-07 02:03:06.234680,0 days 00:00:01.714027,0.1998418007103266,33,extensive,33,COMPLETE
269,0.0008936479991524804,2025-12-07 02:03:06.239719,2025-12-07 02:03:07.905579,0 days 00:00:01.665860,997.0647772595596,1,extensive,1,COMPLETE
270,0.0006912622996749033,2025-12-07 02:03:07.906158,2025-12-07 02:03:09.611734,0 days 00:00:01.705576,494.4907970879476,1,extensive,1,COMPLETE
271,-0.045263915318327075,2025-12-07 02:03:09.612738,2025-12-07 02:03:11.359119,0 days 00:00:01.746381,739.759252731375,20,extensive,20,COMPLETE
272,-0.004105728718409862,2025-12-07 02:03:11.360124,2025-12-07 02:03:12.963713,0 days 00:00:01.603589,992.2296692133508,11,extensive,11,COMPLETE
273,-0.06849928049104163,2025-12-07 02:03:12.964716,2025-12-07 02:03:14.651719,0 days 00:00:01.687003,563.3689311529047,26,extensive,26,COMPLETE
274,-0.007451442715593319,2025-12-07 02:03:14.652723,2025-12-07 02:03:16.404349,0 days 00:00:01.751626,327.82105892070143,11,extensive,11,COMPLETE
275,-0.08189530911809643,2025-12-07 02:03:16.405354,2025-12-07 02:03:18.149547,0 days 00:00:01.744193,698.021023892787,114,extensive,114,COMPLETE
276,0.0008935207823721111,2025-12-07 02:03:18.150057,2025-12-07 02:03:19.887647,0 days 00:00:01.737590,996.4814519339129,1,extensive,1,COMPLETE
277,-0.036228303046975364,2025-12-07 02:03:19.888650,2025-12-07 02:03:21.598905,0 days 00:00:01.710255,423.90129267405604,17,extensive,17,COMPLETE
278,0.0008126230215420582,2025-12-07 02:03:21.599410,2025-12-07 02:03:23.318567,0 days 00:00:01.719157,729.3296989816569,1,extensive,1,COMPLETE
279,-0.006381761059365942,2025-12-07 02:03:23.319571,2025-12-07 02:03:25.027620,0 days 00:00:01.708049,534.46203049135,10,extensive,10,COMPLETE
280,-0.45317203454219973,2025-12-07 02:03:25.028761,2025-12-07 02:03:26.774887,0 days 00:00:01.746126,0.026549240449033732,37,extensive,37,COMPLETE
281,-0.08422366518774689,2025-12-07 02:03:26.775892,2025-12-07 02:03:28.459097,0 days 00:00:01.683205,245.72953068161164,24,extensive,24,COMPLETE
282,-0.004349534918874058,2025-12-07 02:03:28.460600,2025-12-07 02:03:30.021457,0 days 00:00:01.560857,998.0135405292732,12,extensive,12,COMPLETE
283,0.000811933763020467,2025-12-07 02:03:30.022461,2025-12-07 02:03:31.913254,0 days 00:00:01.890793,727.6140375843484,1,extensive,1,COMPLETE
284,-0.03612913041521978,2025-12-07 02:03:31.914259,2025-12-07 02:03:33.935618,0 days 00:00:02.021359,435.73907436104423,18,extensive,18,COMPLETE
285,-0.006119336344745337,2025-12-07 02:03:33.935618,2025-12-07 02:03:35.805655,0 days 00:00:01.870037,582.1879748305896,10,extensive,10,COMPLETE
286,0.0008175122093657672,2025-12-07 02:03:35.806826,2025-12-07 02:03:37.622129,0 days 00:00:01.815303,741.6826873946422,1,extensive,1,COMPLETE
287,-0.0916991300040435,2025-12-07 02:03:37.623271,2025-12-07 02:03:39.203087,0 days 00:00:01.579816,359.1947757002765,30,extensive,30,COMPLETE
288,-0.04065989675840246,2025-12-07 02:03:39.204096,2025-12-07 02:03:40.672069,0 days 00:00:01.467973,978.2513823575878,19,extensive,19,COMPLETE
289,-0.005977374162071854,2025-12-07 02:03:40.672580,2025-12-07 02:03:42.285953,0 days 00:00:01.613373,609.0687488184618,10,extensive,10,COMPLETE
290,-0.0067360604293054864,2025-12-07 02:03:42.287093,2025-12-07 02:03:43.919373,0 days 00:00:01.632280,499.1710134217292,9,extensive,9,COMPLETE
291,-0.1560512071765273,2025-12-07 02:03:43.919373,2025-12-07 02:03:45.555729,0 days 00:00:01.636356,744.145535548357,131,extensive,131,COMPLETE
292,-0.042722943173840254,2025-12-07 02:03:45.556734,2025-12-07 02:03:47.135239,0 days 00:00:01.578505,996.1518854330723,24,extensive,24,COMPLETE
293,0.00016580697497185307,2025-12-07 02:03:47.136239,2025-12-07 02:03:48.869726,0 days 00:00:01.733487,16.686169449343353,1,extensive,1,COMPLETE
294,-0.039207384218035234,2025-12-07 02:03:48.870729,2025-12-07 02:03:50.623249,0 days 00:00:01.752520,297.18355820560504,17,extensive,17,COMPLETE
295,0.0007276160719999295,2025-12-07 02:03:50.631256,2025-12-07 02:03:52.303650,0 days 00:00:01.672394,553.7937946019988,1,extensive,1,COMPLETE
296,-0.005307666105393238,2025-12-07 02:03:52.305667,2025-12-07 02:03:53.888315,0 days 00:00:01.582648,747.1807787371055,10,extensive,10,COMPLETE
297,-0.13546685312666082,2025-12-07 02:03:53.889321,2025-12-07 02:03:55.436687,0 days 00:00:01.547366,205.4673082226749,39,extensive,39,COMPLETE
298,-0.08295728543259469,2025-12-07 02:03:55.437853,2025-12-07 02:03:56.981640,0 days 00:00:01.543787,399.244356745558,26,extensive,26,COMPLETE
299,-0.3646598933336893,2025-12-07 02:03:56.981640,2025-12-07 02:03:58.620122,0 days 00:00:01.638482,752.5796088683154,231,extensive,231,COMPLETE
