number,value,datetime_start,datetime_complete,duration,params_selector__k,params_xgb_colsample_bytree,params_xgb_learning_rate,params_xgb_max_depth,params_xgb_min_child_weight,params_xgb_n_estimators,params_xgb_reg_alpha,params_xgb_reg_lambda,params_xgb_subsample,user_attrs_feature_level,user_attrs_top_k_features,state
0,-0.0016559721404409238,2025-12-07 02:29:33.708397,2025-12-07 02:29:38.157734,0 days 00:00:04.449337,301,0.659195090518222,0.0018410729205738682,5,20,792,4.330880728874676,0.1360354613611808,0.7391963650868432,extensive,301,COMPLETE
1,-0.0013097308219407837,2025-12-07 02:29:38.158734,2025-12-07 02:29:43.406606,0 days 00:00:05.247872,263,0.7994655844802532,0.002294868368113055,8,1,891,1.5212112147976886,0.26425260575499165,0.8819459112971966,extensive,263,COMPLETE
2,-0.0016559721404409238,2025-12-07 02:29:43.407605,2025-12-07 02:29:50.346480,0 days 00:00:06.938875,100,0.3836963163912251,0.0031357757322577457,6,6,1592,3.925879806965068,1.120548642504815,0.6671117368334277,extensive,100,COMPLETE
3,-0.0016559721404409238,2025-12-07 02:29:50.347483,2025-12-07 02:29:53.578716,0 days 00:00:03.231233,405,0.664526911140863,0.001948567125127258,7,12,447,4.828160165372797,15.255065745117381,0.3278702476319986,extensive,405,COMPLETE
4,-0.0016559721404409238,2025-12-07 02:29:53.579717,2025-12-07 02:30:02.745822,0 days 00:00:09.166105,130,0.5640914962437609,0.001611904472760919,5,2,2082,4.546602010393911,0.11998556988857204,0.7105398159072942,extensive,130,COMPLETE
5,-0.0016559721404409238,2025-12-07 02:30:02.749221,2025-12-07 02:30:21.318871,0 days 00:00:18.569650,448,0.6280261676059677,0.0020609249413202366,8,7,3885,4.697494707820946,6.0758057027616355,0.6120408127066865,extensive,448,COMPLETE
6,-0.0016543701889344398,2025-12-07 02:30:21.319871,2025-12-07 02:30:28.787651,0 days 00:00:07.467780,415,0.4175897174514871,0.0011935477742481386,7,19,1436,1.3567451588694794,0.7840758945457351,0.3530955012311517,extensive,415,COMPLETE
7,-0.0016559721404409238,2025-12-07 02:30:28.788653,2025-12-07 02:30:31.430473,0 days 00:00:02.641820,100,0.3845545349848576,0.02306261812167794,5,6,483,3.861223846483287,18.65762858779244,0.6256176498949491,extensive,100,COMPLETE
8,-0.017894497994606223,2025-12-07 02:30:31.431478,2025-12-07 02:30:36.572418,0 days 00:00:05.140940,432,0.7374043008245925,0.0204345549841614,3,17,481,0.5793452976256486,0.6680983417211186,0.7241144063085703,extensive,432,COMPLETE
9,-0.0016559721404409238,2025-12-07 02:30:36.573423,2025-12-07 02:30:49.345170,0 days 00:00:12.771747,237,0.4865893930293973,0.003568426123255422,7,7,2973,4.436063712881633,2.931155546232916,0.3381350101716142,extensive,237,COMPLETE
10,-0.0016559721404409238,2025-12-07 02:30:49.347171,2025-12-07 02:31:02.009978,0 days 00:00:12.662807,240,0.8715484865104504,0.008455883456798038,10,1,2823,2.020130360093224,0.3870642499276702,0.8817222664727193,extensive,240,COMPLETE
11,-0.001657047365299924,2025-12-07 02:31:02.012980,2025-12-07 02:31:09.018971,0 days 00:00:07.005991,342,0.8531335541888795,0.001130608712890527,9,14,1361,1.555763097643428,0.3567799240901919,0.4426518351756435,extensive,342,COMPLETE
12,-0.0028753217645850113,2025-12-07 02:31:09.019976,2025-12-07 02:31:20.897857,0 days 00:00:11.877881,486,0.30868344475460596,0.006256278997611279,8,16,1243,0.8291466033591804,0.2617917698766357,0.48127177775317426,extensive,486,COMPLETE
13,-0.0016559721404409238,2025-12-07 02:31:20.898861,2025-12-07 02:31:29.531802,0 days 00:00:08.632941,196,0.7799535301810271,0.0010108222966678556,9,10,1927,2.6249498782445357,1.8499407691640863,0.8952111981919756,extensive,196,COMPLETE
14,-0.0016559721404409238,2025-12-07 02:31:29.532802,2025-12-07 02:31:34.664638,0 days 00:00:05.131836,353,0.5164452127264749,0.004385489206446598,8,20,1006,2.7976421403146214,0.76153794790977,0.8124752905964475,extensive,353,COMPLETE
15,-0.16006974028923962,2025-12-07 02:31:34.664638,2025-12-07 02:32:25.006182,0 days 00:00:50.341544,309,0.4616909382908097,0.012248071740693027,6,3,2621,0.05032876156253119,0.22904597442065502,0.5134184657311098,extensive,309,COMPLETE
16,-0.0016595772364493093,2025-12-07 02:32:25.007182,2025-12-07 02:32:32.060088,0 days 00:00:07.052906,7,0.7332068392567611,0.0027122786787817793,10,11,1726,1.468586820590161,3.1188346891664906,0.4069164505203967,extensive,7,COMPLETE
17,-0.0016559721404409238,2025-12-07 02:32:32.061088,2025-12-07 02:32:36.979052,0 days 00:00:04.917964,387,0.41225961936782485,0.005096152631576724,3,17,923,3.173702982876557,0.5458977944116741,0.5573190868889712,extensive,387,COMPLETE
18,-0.0015129909692221204,2025-12-07 02:32:36.980259,2025-12-07 02:32:47.877254,0 days 00:00:10.896995,169,0.304998137277942,0.0013911697551315248,9,4,2448,1.5109242504035338,1.1185547215296812,0.8067094964913917,extensive,169,COMPLETE
19,-0.0016559721404409238,2025-12-07 02:32:47.878757,2025-12-07 02:32:58.373610,0 days 00:00:10.494853,163,0.5750225305677121,0.009963411123803225,9,4,2476,2.090770411410371,1.5633691708749797,0.8247547643433206,extensive,163,COMPLETE
20,-0.001792650317886409,2025-12-07 02:32:58.374613,2025-12-07 02:33:12.278819,0 days 00:00:13.904206,25,0.3023181279994615,0.037741480644363244,10,1,3387,0.9724410174612632,6.730779775682275,0.8035427942276789,extensive,25,COMPLETE
21,-0.0015018611745322523,2025-12-07 02:33:12.279863,2025-12-07 02:33:22.709872,0 days 00:00:10.430009,282,0.35615390921239826,0.0013410398054179394,7,4,2218,1.5590713666674156,0.9385121602167107,0.7757968797215828,extensive,282,COMPLETE
22,-0.0016559721404409238,2025-12-07 02:33:22.710872,2025-12-07 02:33:32.967496,0 days 00:00:10.256624,198,0.3454312507256217,0.0015025126805437775,8,4,2340,1.9393613214021415,1.1429397953328362,0.7756178546831842,extensive,198,COMPLETE
23,-0.029349064686755206,2025-12-07 02:33:32.968546,2025-12-07 02:35:20.468117,0 days 00:01:47.499571,286,0.8303452463926684,0.0026450895053328955,9,4,3221,0.26766858579311137,0.20117222084483494,0.8659650913594781,extensive,286,COMPLETE
24,-0.0007498871195266524,2025-12-07 02:35:20.468622,2025-12-07 02:35:36.404378,0 days 00:00:15.935756,265,0.33786826786350166,0.0014080613634277553,7,9,2284,1.0398360098259845,0.437991982341155,0.8456894743093192,extensive,265,COMPLETE
25,-0.0015150956403134168,2025-12-07 02:35:36.405378,2025-12-07 02:35:51.133228,0 days 00:00:14.727850,271,0.5107671721321884,0.002313029957889097,6,8,1853,0.9272497027537808,0.47156627398828943,0.8489558711450008,extensive,271,COMPLETE
26,-0.0016559721404409238,2025-12-07 02:35:51.134228,2025-12-07 02:36:01.138102,0 days 00:00:10.003874,330,0.44091357667201886,0.0039034700056484756,7,9,2187,2.3063044916920585,0.31682458767474625,0.7723778904119888,extensive,330,COMPLETE
27,-0.001653103094667004,2025-12-07 02:36:01.138608,2025-12-07 02:36:13.194116,0 days 00:00:12.055508,246,0.3675032174985023,0.0010018553661469709,4,2,2779,1.7620566607313886,0.17243153891477708,0.6880422194870932,extensive,246,COMPLETE
28,-0.0011955918611189127,2025-12-07 02:36:13.195114,2025-12-07 02:36:31.478695,0 days 00:00:18.283581,374,0.8028063758566318,0.001446361669734869,6,13,2120,1.1312457551527588,2.3163286974967314,0.8966384200223694,extensive,374,COMPLETE
29,-0.0014859243371147708,2025-12-07 02:36:31.478695,2025-12-07 02:36:40.028842,0 days 00:00:08.550147,369,0.6927072484988169,0.0018333456393157116,4,13,1110,1.1472139650353366,2.1895100487771044,0.8945793481575308,extensive,369,COMPLETE
30,-0.001546747688346839,2025-12-07 02:36:40.030089,2025-12-07 02:36:55.895451,0 days 00:00:15.865362,480,0.8976419148238376,0.002577812950646097,5,15,699,0.4467440183902922,0.10176881815422424,0.8439714381723797,extensive,480,COMPLETE
31,-0.0015596228835319155,2025-12-07 02:36:55.896455,2025-12-07 02:37:05.536748,0 days 00:00:09.640293,365,0.6952548013610866,0.001771777552168608,4,13,1222,1.1165260975967832,2.4812703983174034,0.8941894661860273,extensive,365,COMPLETE
32,-0.002037236573229665,2025-12-07 02:37:05.536748,2025-12-07 02:37:22.730881,0 days 00:00:17.194133,301,0.7939863303100841,0.0017441934057092516,4,12,1708,0.6427012427271683,4.592207252010185,0.8551747351456929,extensive,301,COMPLETE
33,-0.0011655336186545684,2025-12-07 02:37:22.737504,2025-12-07 02:37:26.113542,0 days 00:00:03.376038,382,0.7844458029921781,0.0021145204492599443,6,14,284,1.2175727723938592,2.1564961712602075,0.8972317723759511,extensive,382,COMPLETE
34,-0.0006941390835125683,2025-12-07 02:37:26.114541,2025-12-07 02:37:29.777791,0 days 00:00:03.663250,331,0.8044394686077682,0.0033981032178137917,6,10,393,1.2013536897911479,4.016488349427745,0.7495866854851633,extensive,331,COMPLETE
35,0.0014593489156557633,2025-12-07 02:37:29.778792,2025-12-07 02:37:36.491493,0 days 00:00:06.712701,395,0.7627213918970774,0.0030616817097758628,6,10,229,0.24436720101717335,9.893218454597832,0.7446555465366368,extensive,395,COMPLETE
36,0.001809277556235574,2025-12-07 02:37:36.493013,2025-12-07 02:37:43.510899,0 days 00:00:07.017886,457,0.7518841592894242,0.0030518401321160517,6,10,237,0.044478676920706395,10.622724116844935,0.7504078593694409,extensive,457,COMPLETE
37,-0.012435938692724783,2025-12-07 02:37:43.511858,2025-12-07 02:37:57.432700,0 days 00:00:13.920842,435,0.6258330995300498,0.005184832871026895,5,10,707,0.12585554053829917,10.421740469402085,0.6689892642028903,extensive,435,COMPLETE
38,-0.002252500185388954,2025-12-07 02:37:57.433723,2025-12-07 02:38:06.808140,0 days 00:00:09.374417,453,0.7518651852803822,0.006197222530192859,6,9,344,0.3901957489951759,11.060049000801053,0.7385502835270898,extensive,453,COMPLETE
39,0.0011753329900738112,2025-12-07 02:38:06.809140,2025-12-07 02:38:11.539278,0 days 00:00:04.730138,500,0.7009134602647052,0.003407924898332975,5,11,205,0.014676933775968487,9.644168128887143,0.6450429960807045,extensive,500,COMPLETE
40,0.0017239587087979717,2025-12-07 02:38:11.540034,2025-12-07 02:38:17.023605,0 days 00:00:05.483571,497,0.688257830172034,0.003183102859180377,5,11,237,0.04830980082119448,10.906535113662644,0.6348283475212521,extensive,497,COMPLETE
41,0.0022438032007674837,2025-12-07 02:38:17.024605,2025-12-07 02:38:22.271152,0 days 00:00:05.246547,497,0.672155612221834,0.0030896085010668054,5,11,217,0.07400315321265749,9.711867302805613,0.651370389056572,extensive,497,COMPLETE
42,0.0015024203296724048,2025-12-07 02:38:22.271152,2025-12-07 02:38:27.478505,0 days 00:00:05.207353,500,0.6712761545299539,0.003000532442720799,5,11,213,0.09583662040126455,11.336952518666145,0.641688282560861,extensive,500,COMPLETE
43,-0.0032414139414846943,2025-12-07 02:38:27.479508,2025-12-07 02:38:35.750287,0 days 00:00:08.270779,461,0.6554575841278953,0.004683955896097232,5,12,567,0.6330286904087521,13.80661316692455,0.5908144335568986,extensive,461,COMPLETE
44,-0.001379818729230986,2025-12-07 02:38:35.751799,2025-12-07 02:38:48.159836,0 days 00:00:12.408037,421,0.6536006796080238,0.0029393288652505983,5,7,630,0.23039522690884404,7.532472165053956,0.585079872859054,extensive,421,COMPLETE
45,-0.002918208304792206,2025-12-07 02:38:48.160836,2025-12-07 02:38:57.030002,0 days 00:00:08.869166,468,0.6044266138670182,0.004188826061940106,4,11,818,0.7573936800048429,18.738162354591463,0.6842145781462252,extensive,468,COMPLETE
46,-0.0022843310905616234,2025-12-07 02:38:57.031520,2025-12-07 02:39:03.966765,0 days 00:00:06.935245,494,0.7228960964250344,0.006266614478079844,6,12,246,0.40743381545254437,13.895521880416187,0.6459262111990562,extensive,494,COMPLETE
47,-0.0015802633002595101,2025-12-07 02:39:03.969016,2025-12-07 02:39:13.031850,0 days 00:00:09.062834,407,0.6745894925544194,0.002297637458350511,5,8,525,0.009495465552769575,5.242463464728255,0.709123033925116,extensive,407,COMPLETE
48,-0.0009968793843162145,2025-12-07 02:39:13.033453,2025-12-07 02:39:17.802337,0 days 00:00:04.768884,448,0.7584522475785916,0.0031300089850317646,3,6,389,0.5085499348058333,7.926856334747486,0.5494717047713873,extensive,448,COMPLETE
49,-0.0016559721404409238,2025-12-07 02:39:17.803342,2025-12-07 02:39:22.803603,0 days 00:00:05.000261,477,0.630198857654422,0.007923415972988282,5,8,859,3.7925423189066736,14.79241269216077,0.7151834016850037,extensive,477,COMPLETE
50,6.211711031741303e-05,2025-12-07 02:39:22.804603,2025-12-07 02:39:33.134790,0 days 00:00:10.330187,433,0.7130764470893125,0.0036543621212118066,5,11,498,0.26635462171416235,8.774031757261032,0.6191398318205067,extensive,433,COMPLETE
51,0.0008821774193729093,2025-12-07 02:39:33.135805,2025-12-07 02:39:38.232758,0 days 00:00:05.096953,499,0.697067390878288,0.003202563153138821,5,11,211,0.05278554039355263,10.30938138594574,0.6442940481338554,extensive,499,COMPLETE
52,0.000251123836795523,2025-12-07 02:39:38.233762,2025-12-07 02:39:46.336623,0 days 00:00:08.102861,500,0.749972504792003,0.0024914997645001076,6,10,251,0.2720794658413661,5.988274708739232,0.6471373333715669,extensive,500,COMPLETE
53,-0.0016473644359455235,2025-12-07 02:39:46.337623,2025-12-07 02:39:53.212640,0 days 00:00:06.875017,472,0.6680563025938558,0.003854465507160351,5,9,438,0.6730030354261414,9.142578935318841,0.683813461556812,extensive,472,COMPLETE
54,-0.011169716423169884,2025-12-07 02:39:53.214642,2025-12-07 02:40:03.467752,0 days 00:00:10.253110,451,0.76706947532318,0.0050818586457022,4,12,708,0.03236470582875828,12.396374166807885,0.5709872346801067,extensive,451,COMPLETE
55,-0.0006733435039173822,2025-12-07 02:40:03.468752,2025-12-07 02:40:07.638428,0 days 00:00:04.169676,394,0.5513407324219485,0.0020349752755006766,6,14,202,0.45758961848812185,19.425721595549806,0.5266551628117873,extensive,394,COMPLETE
56,-0.0018158454677083362,2025-12-07 02:40:07.639938,2025-12-07 02:40:15.260274,0 days 00:00:07.620336,423,0.7133384463752905,0.002908227926342366,5,11,613,0.8150611692830313,3.936695070874088,0.6130781630422604,extensive,423,COMPLETE
57,-0.02026169590598322,2025-12-07 02:40:15.261280,2025-12-07 02:40:54.989786,0 days 00:00:39.728506,481,0.8219309772818058,0.005720873653717643,7,10,966,0.23143364087029436,16.204294349904405,0.7503877485386217,extensive,481,COMPLETE
58,-0.005589972763831552,2025-12-07 02:40:54.993422,2025-12-07 02:41:04.195160,0 days 00:00:09.201738,463,0.7375482070888639,0.00436085106331786,6,15,390,0.005564180185847756,6.54659679860633,0.6349911489849172,extensive,463,COMPLETE
59,-0.0016559721404409238,2025-12-07 02:41:04.196161,2025-12-07 02:41:11.664611,0 days 00:00:07.468450,406,0.6809951702114375,0.003409641351773602,4,13,1460,3.253909307755533,11.569856315478997,0.6997598419134796,extensive,406,COMPLETE
60,-0.014975863513476165,2025-12-07 02:41:11.665611,2025-12-07 02:41:19.497228,0 days 00:00:07.831617,435,0.63274617805784,0.01607408851179759,5,9,508,0.5470771691120171,8.869702592790832,0.6553569827027534,extensive,435,COMPLETE
61,0.0012596292342085629,2025-12-07 02:41:19.498233,2025-12-07 02:41:26.046934,0 days 00:00:06.548701,496,0.7046030622856235,0.0029870195082365098,5,11,266,0.1839044905436836,9.329416150311035,0.6657731138501183,extensive,496,COMPLETE
62,0.00072541283403497,2025-12-07 02:41:26.047934,2025-12-07 02:41:31.108472,0 days 00:00:05.060538,500,0.6475593366818273,0.0028471373041550024,5,11,200,0.20661663870273594,5.49116729650084,0.6650601079836401,extensive,500,COMPLETE
63,0.000267560818494846,2025-12-07 02:41:31.109473,2025-12-07 02:41:38.520829,0 days 00:00:07.411356,480,0.6018986763659552,0.002233977953121605,5,10,355,0.3595376134493043,7.612812821543754,0.7293426238004138,extensive,480,COMPLETE
64,-0.001971843565816108,2025-12-07 02:41:38.520829,2025-12-07 02:41:55.400251,0 days 00:00:16.879422,443,0.7110890215676282,0.0036319687586435917,6,12,591,0.15693427399076051,16.689530222146495,0.6052221442162597,extensive,443,COMPLETE
65,-0.0008490372504744345,2025-12-07 02:41:55.401250,2025-12-07 02:42:02.068071,0 days 00:00:06.666821,464,0.7731210243105568,0.002568814478378835,4,8,444,0.537457850806587,12.894798381907886,0.623969449809101,extensive,464,COMPLETE
66,-0.002948520428418089,2025-12-07 02:42:02.069070,2025-12-07 02:42:11.315457,0 days 00:00:09.246387,487,0.7306319312137758,0.0040776183858851405,5,12,779,0.9084732494192354,6.756286666952404,0.6691817873836946,extensive,487,COMPLETE
67,-0.0011086279061207627,2025-12-07 02:42:11.316444,2025-12-07 02:42:17.823966,0 days 00:00:06.507522,465,0.5822512016032305,0.0030610108236279257,7,11,333,0.7097829306980123,10.248690483516699,0.7838615590478479,extensive,465,COMPLETE
68,-0.0931353101109409,2025-12-07 02:42:17.825969,2025-12-07 02:42:36.362573,0 days 00:00:18.536604,487,0.687614804884072,0.04286379513793641,6,7,1004,0.3601245216460883,3.1949385812343722,0.7089733269108378,extensive,487,COMPLETE
69,-0.03958032894324822,2025-12-07 02:42:36.363573,2025-12-07 02:43:21.462491,0 days 00:00:45.098918,421,0.8547165065933015,0.0019265738300367247,4,13,3522,0.00014562966341812034,16.147180337402613,0.5750882921027054,extensive,421,COMPLETE
70,0.0012002185327218233,2025-12-07 02:43:21.463489,2025-12-07 02:43:29.036601,0 days 00:00:07.573112,453,0.7024069308638882,0.001584858430769413,5,9,331,0.18581125886751,8.671887157701764,0.7529260271775396,extensive,453,COMPLETE
71,0.000848831765688729,2025-12-07 02:43:29.038601,2025-12-07 02:43:36.361192,0 days 00:00:07.322591,450,0.7444424805037595,0.0011682741588797485,5,9,312,0.15478591468872682,9.271776468447898,0.7535573270197676,extensive,450,COMPLETE
72,0.0007548793185424193,2025-12-07 02:43:36.362189,2025-12-07 02:43:41.655302,0 days 00:00:05.293113,69,0.7102730123615691,0.0017111894840319795,5,10,476,0.3258452820256724,4.784435023523627,0.7958872701802487,extensive,69,COMPLETE
73,-0.0019039051663621482,2025-12-07 02:43:41.656302,2025-12-07 02:44:00.108369,0 days 00:00:18.452067,483,0.6707627444950364,0.0025007141758973087,6,10,683,0.13244530170036992,11.95976028461487,0.3078092083278463,extensive,483,COMPLETE
74,-0.000872642320930872,2025-12-07 02:44:00.109374,2025-12-07 02:44:06.154695,0 days 00:00:06.045321,500,0.6419485975318515,0.004596587211604215,5,9,317,0.5528212081370767,7.666475105546104,0.6932852946537652,extensive,500,COMPLETE
75,-6.376689721210305e-05,2025-12-07 02:44:06.155197,2025-12-07 02:44:12.190230,0 days 00:00:06.035033,472,0.6955922936342445,0.0033666423205555734,6,11,203,0.3683408337061722,9.761933791321756,0.7661294899783669,extensive,472,COMPLETE
76,0.0013946047778867765,2025-12-07 02:44:12.191233,2025-12-07 02:44:20.929265,0 days 00:00:08.738032,454,0.7274433359386708,0.0015928287850793226,4,8,560,0.16291191390446838,5.968474420393452,0.7252330612841891,extensive,454,COMPLETE
77,-0.001130630223183086,2025-12-07 02:44:20.930267,2025-12-07 02:44:25.569235,0 days 00:00:04.638968,396,0.8191029988252957,0.001289667434858015,3,7,431,0.7527735845003002,6.027981536723063,0.7279593320931422,extensive,396,COMPLETE
78,0.0011404929390343617,2025-12-07 02:44:25.570919,2025-12-07 02:44:37.047301,0 days 00:00:11.476382,442,0.7275620606032565,0.0015533446635314645,4,8,754,0.1710038844651277,12.968532344944686,0.7364483871969512,extensive,442,COMPLETE
79,-0.00041997613323637345,2025-12-07 02:44:37.048308,2025-12-07 02:44:43.738437,0 days 00:00:06.690129,415,0.7813154637857159,0.002109739359021231,3,6,600,0.4624407750609896,3.866336672293358,0.8314716168210197,extensive,415,COMPLETE
80,-0.0014614598263708405,2025-12-07 02:44:43.739440,2025-12-07 02:44:52.229475,0 days 00:00:08.490035,430,0.7620994674978178,0.0016295375495790048,4,19,895,0.973681320017348,8.158804266000473,0.6775596035066832,extensive,430,COMPLETE
81,-0.0016559721404409238,2025-12-07 02:44:52.230478,2025-12-07 02:44:54.630685,0 days 00:00:02.400207,457,0.6137539558824535,0.002386291121842929,5,8,320,4.959631110905055,6.929475428744278,0.6592954342252887,extensive,457,COMPLETE
82,0.0010940212309566248,2025-12-07 02:44:54.631685,2025-12-07 02:45:06.947714,0 days 00:00:12.316029,490,0.6600723797879892,0.0018763117629786367,5,9,556,0.15344859345990558,11.734651265625917,0.6346660427157653,extensive,490,COMPLETE
83,0.00021924826973107603,2025-12-07 02:45:06.947714,2025-12-07 02:45:15.376835,0 days 00:00:08.429121,474,0.7022596395558317,0.0026722949715876514,6,12,289,0.285144747642621,14.704590935434064,0.6018049122794442,extensive,474,COMPLETE
84,-0.0016559721404409238,2025-12-07 02:45:15.377839,2025-12-07 02:45:18.289913,0 days 00:00:02.912074,456,0.724825330877453,0.0012843241559068199,4,10,413,4.066807173206135,10.940906203607547,0.7614798641634719,extensive,456,COMPLETE
85,-0.0018903535927137227,2025-12-07 02:45:18.290913,2025-12-07 02:45:30.085868,0 days 00:00:11.794955,489,0.6773162484370919,0.0038701555965712214,5,5,510,0.0933435790322923,8.421541107579984,0.7115696042803685,extensive,489,COMPLETE
86,-0.0008317564123152543,2025-12-07 02:45:30.087121,2025-12-07 02:45:36.938145,0 days 00:00:06.851024,442,0.7451769258713233,0.002870414209674541,7,11,276,0.6271399770917431,17.60791863769453,0.7896769686659036,extensive,442,COMPLETE
87,-0.00391807784808007,2025-12-07 02:45:36.938145,2025-12-07 02:46:03.769673,0 days 00:00:26.831528,468,0.796481429246529,0.0010646056411342014,6,9,1113,0.0017538315273189498,5.4110100747357235,0.6979070892901618,extensive,468,COMPLETE
88,-0.00028093850624085387,2025-12-07 02:46:03.770673,2025-12-07 02:46:10.076745,0 days 00:00:06.306072,477,0.6895019728402313,0.003265248684983931,4,10,386,0.44455962089029205,10.313305272239699,0.7242956165934906,extensive,477,COMPLETE
89,-0.020409151857996077,2025-12-07 02:46:10.078954,2025-12-07 02:46:23.481906,0 days 00:00:13.402952,458,0.661716812877699,0.009797919203904805,5,12,661,0.2605141679549463,14.381161164131733,0.6334172226990072,extensive,458,COMPLETE
90,-0.0016559721404409238,2025-12-07 02:46:23.482906,2025-12-07 02:46:26.286107,0 days 00:00:02.803201,232,0.7207287325537216,0.0049310768291537495,6,7,504,2.467798546468481,7.23511894724531,0.739630870743315,extensive,232,COMPLETE
91,0.00020748874147054805,2025-12-07 02:46:26.287613,2025-12-07 02:46:37.968262,0 days 00:00:11.680649,442,0.7283383978562892,0.0021682059858405796,4,8,778,0.15765495335597535,13.234076059117433,0.8197717619842375,extensive,442,COMPLETE
92,-0.00034784082623025753,2025-12-07 02:46:37.968262,2025-12-07 02:46:42.061783,0 days 00:00:04.093521,490,0.7547023640747623,0.0015162058849951497,4,8,208,0.32253149424964034,9.209749783759715,0.7436295967354587,extensive,490,COMPLETE
93,0.0010877217929892529,2025-12-07 02:46:42.062786,2025-12-07 02:46:46.315732,0 days 00:00:04.252946,439,0.7048028555209377,0.0015154298585775376,3,11,355,0.1210934093528641,12.493740866163785,0.6695668731374383,extensive,439,COMPLETE
94,-0.0002777176010409314,2025-12-07 02:46:46.317732,2025-12-07 02:47:02.158820,0 days 00:00:15.841088,471,0.732461923084988,0.0019350331156525265,5,10,760,0.22417920130879726,11.179665230293246,0.3833645591553117,extensive,471,COMPLETE
95,-0.047278872167790365,2025-12-07 02:47:02.159820,2025-12-07 02:47:49.019453,0 days 00:00:46.859633,427,0.774296248127048,0.005609462803942597,4,9,3997,0.4948375338030584,8.097754352414764,0.7742852617510747,extensive,427,COMPLETE
96,0.0021324830373360784,2025-12-07 02:47:49.020462,2025-12-07 02:47:54.889978,0 days 00:00:05.869516,408,0.682198481395436,0.0035696897029329124,5,11,278,0.09492239785926766,15.393744683291507,0.6983286737508523,extensive,408,COMPLETE
97,-0.0016559721404409238,2025-12-07 02:47:54.890981,2025-12-07 02:47:57.864001,0 days 00:00:02.973020,397,0.6423632954732695,0.003626734584146778,5,13,446,2.916275083184975,19.511003502172542,0.6487249588205782,extensive,397,COMPLETE
98,0.0008286183083353974,2025-12-07 02:47:57.865001,2025-12-07 02:48:02.743104,0 days 00:00:04.878103,360,0.6823438571027242,0.003076004661838612,5,12,270,0.00035998078502014197,15.041924415162581,0.6774629207234674,extensive,360,COMPLETE
99,-0.000767971803006621,2025-12-07 02:48:02.744617,2025-12-07 02:48:10.276245,0 days 00:00:07.531628,348,0.6171828967395709,0.0027036704692838423,5,11,560,0.6042173976379376,6.184146092867829,0.703060699559334,extensive,348,COMPLETE
100,-0.023389101966312238,2025-12-07 02:48:10.277247,2025-12-07 02:48:46.897707,0 days 00:00:36.620460,378,0.6676025677788504,0.004204419822801741,6,14,1991,0.39599345419634363,9.454553681492044,0.7184879263480454,extensive,378,COMPLETE
101,-0.041018597944480296,2025-12-07 02:48:46.899215,2025-12-07 02:48:53.613295,0 days 00:00:06.714080,414,0.7146673078835539,0.02862487415769727,5,10,294,0.19361508781824388,13.274221693023451,0.7352203505515604,extensive,414,COMPLETE
102,0.0017098642537320592,2025-12-07 02:48:53.614295,2025-12-07 02:48:59.750515,0 days 00:00:06.136220,451,0.739793669342268,0.0024190563289746923,4,11,388,0.09191389215815791,17.32657638375797,0.6925062505888118,extensive,451,COMPLETE
103,0.0011952107208649254,2025-12-07 02:48:59.751515,2025-12-07 02:49:08.737561,0 days 00:00:08.986046,493,0.7631934216819783,0.002419287383553111,5,11,380,0.07263855515094206,17.38510933912525,0.6951555710170049,extensive,493,COMPLETE
104,-4.039323937047682e-05,2025-12-07 02:49:08.738565,2025-12-07 02:49:17.473474,0 days 00:00:08.734909,453,0.7841075985709122,0.0023060974833720173,5,11,386,0.2964463175375296,17.458201032468978,0.6861097653268513,extensive,453,COMPLETE
105,-0.0010336657531953748,2025-12-07 02:49:17.474480,2025-12-07 02:49:27.256699,0 days 00:00:09.782219,483,0.7388677295554871,0.0028361774620427145,4,12,637,0.10212033285497668,17.2606659072779,0.7585838285918732,extensive,483,COMPLETE
106,-0.000531326438499069,2025-12-07 02:49:27.257699,2025-12-07 02:49:37.327526,0 days 00:00:10.069827,492,0.7629252876738964,0.00246065515352163,5,11,459,0.42253743965487206,15.659257747603228,0.6938614664571943,extensive,492,COMPLETE
107,0.0008307317569502167,2025-12-07 02:49:37.328529,2025-12-07 02:49:46.446830,0 days 00:00:09.118301,463,0.8110182706391735,0.0031251816222214357,6,10,271,0.09403470272497329,19.78271688995736,0.620688016707444,extensive,463,COMPLETE
108,0.0005375742697730038,2025-12-07 02:49:46.447825,2025-12-07 02:49:54.989687,0 days 00:00:08.541862,478,0.749383929691204,0.002039146521595265,5,13,366,0.2782122091703595,11.130762584701769,0.6593316511637419,extensive,478,COMPLETE
109,-0.0016331776817410937,2025-12-07 02:49:54.990682,2025-12-07 02:49:58.387471,0 days 00:00:03.396789,404,0.7911915464822357,0.0017593367953140904,4,9,519,1.6881448142280628,14.544906310806129,0.7221366764724644,extensive,404,COMPLETE
110,-0.0015501385055705825,2025-12-07 02:49:58.389007,2025-12-07 02:50:04.784605,0 days 00:00:06.395598,430,0.6870111775191271,0.003581739946081631,6,10,436,0.8519997686008752,11.842625181476699,0.6784930259705872,extensive,430,COMPLETE
111,0.0015970355545586272,2025-12-07 02:50:04.785607,2025-12-07 02:50:09.986414,0 days 00:00:05.200807,497,0.7055154387700833,0.00329768166094669,5,11,212,0.09071025504154276,9.951762106925433,0.5921633653236379,extensive,497,COMPLETE
112,0.00021458884003215198,2025-12-07 02:50:09.989880,2025-12-07 02:50:15.916709,0 days 00:00:05.926829,500,0.6977856818314141,0.003943891745573466,5,12,263,0.07572747268165395,1.3643974248275956,0.5557740925393763,extensive,500,COMPLETE
113,0.0002621871300811929,2025-12-07 02:50:15.917711,2025-12-07 02:50:24.135290,0 days 00:00:08.217579,488,0.7122828665667535,0.002703671458306086,5,11,349,0.21953604437695917,10.292864293458992,0.5920076193412209,extensive,488,COMPLETE
114,-0.00022539010898270373,2025-12-07 02:50:24.136295,2025-12-07 02:50:29.666187,0 days 00:00:05.529892,470,0.769414048827442,0.00340367265285349,5,10,225,0.3598865823566929,8.971265842019175,0.6064864236938998,extensive,470,COMPLETE
115,0.0005462413999018553,2025-12-07 02:50:29.668186,2025-12-07 02:50:33.360416,0 days 00:00:03.692230,118,0.6515881493863319,0.002313225569215798,5,12,323,0.48361829988445126,15.929773492137787,0.6303642763169983,extensive,118,COMPLETE
116,0.0017316214996847175,2025-12-07 02:50:33.361419,2025-12-07 02:50:37.117659,0 days 00:00:03.756240,454,0.7399360997087355,0.0030105842008640873,4,11,202,0.10580801227925948,13.118839050498403,0.7077079106299604,extensive,454,COMPLETE
117,-0.0015850414544902325,2025-12-07 02:50:37.118659,2025-12-07 02:50:39.244897,0 days 00:00:02.126238,452,0.7404757934246753,0.003083320876506777,3,11,205,1.3189802096218743,7.371092616857022,0.5758521611840777,extensive,452,COMPLETE
118,0.00040965032254491884,2025-12-07 02:50:39.246399,2025-12-07 02:50:47.794111,0 days 00:00:08.547712,447,0.6780459826302189,0.002911996974147922,4,9,553,0.23289122030486906,8.368654988279715,0.7109911203289194,extensive,447,COMPLETE
119,-0.0004995839987194476,2025-12-07 02:50:47.795111,2025-12-07 02:50:53.211742,0 days 00:00:05.416631,325,0.7219020731477951,0.0036302745881296667,4,10,459,0.5805449619093624,13.446017030536922,0.6528522659448106,extensive,325,COMPLETE
120,-0.001147401465304417,2025-12-07 02:50:53.212742,2025-12-07 02:50:57.960786,0 days 00:00:04.748044,418,0.7015963243121017,0.004567619464930763,4,12,301,0.375689813056707,10.196580161050923,0.4536550537827638,extensive,418,COMPLETE
121,0.0012503685540341536,2025-12-07 02:50:57.962212,2025-12-07 02:51:06.389175,0 days 00:00:08.426963,478,0.7595631437287522,0.0025700721192226553,5,11,367,0.08146051019142876,12.284748498179715,0.6988398008423601,extensive,478,COMPLETE
122,0.0014413395298776832,2025-12-07 02:51:06.390493,2025-12-07 02:51:15.359319,0 days 00:00:08.968826,462,0.7538436400348902,0.0025886368227019878,7,11,201,0.14519277234730316,11.05139947662496,0.7461165470356769,extensive,462,COMPLETE
123,0.0015038677043798243,2025-12-07 02:51:15.360319,2025-12-07 02:51:22.667876,0 days 00:00:07.307557,463,0.7525810090384338,0.002622458835523319,7,13,210,0.007664244668509512,11.972230333138395,0.6721988068451606,extensive,463,COMPLETE
124,-0.00025516688740171806,2025-12-07 02:51:22.668876,2025-12-07 02:51:30.174044,0 days 00:00:07.505168,462,0.7467995692223914,0.0032410645973299694,7,13,201,0.3063911714632137,11.65909223643252,0.6690234551903731,extensive,462,COMPLETE
125,0.0008055065645048062,2025-12-07 02:51:30.175043,2025-12-07 02:51:39.389277,0 days 00:00:09.214234,466,0.7346414598660034,0.0026920965502783404,7,12,268,0.014473954905548328,13.772421386504707,0.6440634441549902,extensive,466,COMPLETE
126,-0.0008651435010849454,2025-12-07 02:51:39.390286,2025-12-07 02:51:56.494448,0 days 00:00:17.104162,477,0.7736371598803835,0.0029577395834641212,7,14,430,0.18000842868940198,9.743673706113698,0.6135636975079913,extensive,477,COMPLETE
127,7.645876124702984e-05,2025-12-07 02:51:56.495447,2025-12-07 02:52:06.176515,0 days 00:00:09.681068,436,0.8364522452425899,0.002175977120799877,8,13,200,0.1705649941993532,10.707888072600772,0.5297028248055717,extensive,436,COMPLETE
128,-0.026626647752629202,2025-12-07 02:52:06.178018,2025-12-07 02:52:22.014019,0 days 00:00:15.836001,486,0.7177900408080965,0.003880154144406123,7,17,589,0.010976341914271576,0.5979893573856454,0.7273048757096778,extensive,486,COMPLETE
129,-0.00033849274258020606,2025-12-07 02:52:22.015022,2025-12-07 02:52:34.503311,0 days 00:00:12.488289,459,0.7547251196976764,0.0033638967430341237,8,12,295,0.2901400367711729,15.508278507641597,0.6743614483772356,extensive,459,COMPLETE
130,-0.019632674635623237,2025-12-07 02:52:34.504314,2025-12-07 02:53:49.053671,0 days 00:01:14.549357,498,0.6886228756188697,0.0028295712378975835,7,10,3104,0.45359954383951173,12.726340995956749,0.6841493348924677,extensive,498,COMPLETE
131,0.001954340778687206,2025-12-07 02:53:49.054674,2025-12-07 02:54:01.527390,0 days 00:00:12.472716,477,0.7562892623061765,0.0025279534036976013,6,11,390,0.11125594001824918,11.815881852799084,0.7054148671165673,extensive,477,COMPLETE
132,-1.3574318836121849e-05,2025-12-07 02:54:01.529444,2025-12-07 02:54:22.068533,0 days 00:00:20.539089,471,0.7840368394522456,0.0024784780072302196,7,11,476,0.11583076865804467,11.302301713952858,0.71035608354942,extensive,471,COMPLETE
133,-0.0007933538268767674,2025-12-07 02:54:22.069533,2025-12-07 02:54:34.475912,0 days 00:00:12.406379,482,0.736748631321496,0.0032285870970056424,6,11,396,0.23795640781105695,14.358222846610206,0.7454134755919662,extensive,482,COMPLETE
134,-0.0016559721404409238,2025-12-07 02:54:34.476911,2025-12-07 02:54:36.731911,0 days 00:00:02.255000,445,0.7455790707654535,0.0026359606149240207,6,10,268,3.449155625772602,8.025460908328293,0.6580662371242039,extensive,445,COMPLETE
135,0.0006195816463547462,2025-12-07 02:54:36.733415,2025-12-07 02:54:43.652277,0 days 00:00:06.918862,490,0.7305798176958573,0.003081832386956823,7,12,200,0.000964156124185031,9.340890010650842,0.7677586147172898,extensive,490,COMPLETE
136,-0.00011852165565025737,2025-12-07 02:54:43.652781,2025-12-07 02:54:54.720641,0 days 00:00:11.067860,500,0.7189487503362901,0.003578759037919159,6,15,357,0.12226960587238925,12.248456219462465,0.7185773269823988,extensive,500,COMPLETE
137,-0.0016559721404409238,2025-12-07 02:54:54.721643,2025-12-07 02:54:58.009325,0 days 00:00:03.287682,463,0.7965950588903455,0.004220883436058774,8,11,499,4.66542848873952,6.65497670624953,0.7035614724164851,extensive,463,COMPLETE
138,-0.023755236762240006,2025-12-07 02:54:58.010816,2025-12-07 02:56:11.968366,0 days 00:01:13.957550,428,0.6692532191208225,0.0022854978496277207,6,10,3608,0.366085882291463,10.20497811366241,0.6411191952380829,extensive,428,COMPLETE
139,0.0006331184955846725,2025-12-07 02:56:11.968366,2025-12-07 02:56:24.831301,0 days 00:00:12.862935,477,0.7055446046834499,0.002056514172585852,7,11,319,0.20326132410560738,18.046263862137977,0.6864239006402896,extensive,477,COMPLETE
140,-0.04628249535695191,2025-12-07 02:56:24.832307,2025-12-07 02:56:50.430181,0 days 00:00:25.597874,191,0.7687106412108995,0.0029236703024888367,4,12,2636,0.10853831366209069,0.15031502857693904,0.7799184914288422,extensive,191,COMPLETE
141,0.0008661135389596749,2025-12-07 02:56:50.431205,2025-12-07 02:56:59.605037,0 days 00:00:09.173832,479,0.7547851921330417,0.0024838925022456445,5,11,396,0.10953335408213027,12.264185602855438,0.7308607861114081,extensive,479,COMPLETE
142,4.7162587184512716e-05,2025-12-07 02:56:59.606043,2025-12-07 02:57:07.847786,0 days 00:00:08.241743,470,0.7544711686189803,0.00273064153048807,6,11,273,0.31238988780833854,13.04811674454795,0.6995057250769021,extensive,470,COMPLETE
143,0.0013612539458706847,2025-12-07 02:57:07.850297,2025-12-07 02:57:16.081416,0 days 00:00:08.231119,453,0.7802233718420374,0.0025641904834772414,5,10,361,0.07856175031843482,10.988482947885387,0.666997465429485,extensive,453,COMPLETE
144,-0.003571649387616412,2025-12-07 02:57:16.082470,2025-12-07 02:57:22.224668,0 days 00:00:06.142198,449,0.7796563777073159,0.0034220695697125664,4,16,421,0.004656058403511007,10.959700477328273,0.6270313156451637,extensive,449,COMPLETE
145,0.0007584557933816664,2025-12-07 02:57:22.225516,2025-12-07 02:57:30.753884,0 days 00:00:08.528368,456,0.7254597922187901,0.0031163140465622526,6,10,279,0.2333641375319497,9.171111771888382,0.6528570880959087,extensive,456,COMPLETE
146,-0.0014689829382864932,2025-12-07 02:57:30.754891,2025-12-07 02:57:40.661570,0 days 00:00:09.906679,440,0.7397503267303305,0.0037905323116427594,5,10,549,0.5095893710396551,14.66160020776614,0.6637800976516915,extensive,440,COMPLETE
147,0.00022123946203352526,2025-12-07 02:57:40.662575,2025-12-07 02:57:50.597431,0 days 00:00:09.934856,484,0.8034326993642072,0.002258977302919831,6,11,334,0.39666654491509606,0.8939543965391078,0.7536885762691914,extensive,484,COMPLETE
148,-0.0007977557846623092,2025-12-07 02:57:50.598435,2025-12-07 02:57:59.765618,0 days 00:00:09.167183,468,0.545925954830982,0.00279667535704883,4,10,654,0.17229332597311256,7.349138847052996,0.6871218048252642,extensive,468,COMPLETE
149,-0.005616709301513219,2025-12-07 02:57:59.766623,2025-12-07 02:58:28.036228,0 days 00:00:28.269605,390,0.6955012569121448,0.0019474188088604452,5,12,1593,0.28295131987231104,8.426377391675,0.6747252056781863,extensive,390,COMPLETE
150,0.001623273278373157,2025-12-07 02:58:28.037228,2025-12-07 02:58:32.481032,0 days 00:00:04.443804,412,0.6597800161538443,0.002423588632260624,5,9,201,0.08984004907253688,16.231910269751403,0.7425166820178531,extensive,412,COMPLETE
151,0.001770969214968332,2025-12-07 02:58:32.481032,2025-12-07 02:58:37.902017,0 days 00:00:05.420985,412,0.6312384074103516,0.0025536205683801753,5,9,257,0.09469802951002244,15.997279977971484,0.7402481333331015,extensive,412,COMPLETE
152,0.0027422972526548093,2025-12-07 02:58:37.903020,2025-12-07 02:58:43.149159,0 days 00:00:05.246139,408,0.6378753705204051,0.002556824241408497,5,9,256,0.06455916321532792,16.830863113317605,0.7365845181623139,extensive,408,COMPLETE
153,-0.0016559721404409238,2025-12-07 02:58:43.150665,2025-12-07 02:58:45.227828,0 days 00:00:02.077163,410,0.6328808948791004,0.0024034079188575944,5,9,221,2.2238077633449764,16.101089255923682,0.7378130015474537,extensive,410,COMPLETE
154,0.0027523688311149597,2025-12-07 02:58:45.228909,2025-12-07 02:58:49.456656,0 days 00:00:04.227747,394,0.6468620778995026,0.0028474903435887875,5,8,209,0.0030911826817740656,19.428393323844713,0.7628324511249432,extensive,394,COMPLETE
155,0.0021518983734991615,2025-12-07 02:58:49.457660,2025-12-07 02:58:54.730276,0 days 00:00:05.272616,406,0.6235958319986135,0.0027138658506100557,5,9,270,0.018245210693435404,19.42504194460866,0.8013099254950429,extensive,406,COMPLETE
156,0.002282362707205906,2025-12-07 02:58:54.731779,2025-12-07 02:58:59.979434,0 days 00:00:05.247655,383,0.6130236854112384,0.0021105302892410723,5,8,288,0.025211868591663925,18.35808303958187,0.7624802020605856,extensive,383,COMPLETE
157,0.0025508572848261433,2025-12-07 02:58:59.982322,2025-12-07 02:59:05.909468,0 days 00:00:05.927146,382,0.6166095611730048,0.0021445145824485656,5,8,316,0.029669628568859442,17.503764449458068,0.786702587568191,extensive,382,COMPLETE
158,0.002936888908831925,2025-12-07 02:59:05.910468,2025-12-07 02:59:14.234270,0 days 00:00:08.323802,382,0.5975355656590201,0.002172085172080353,5,7,474,0.02961102228024557,19.942087557213764,0.8162725962744354,extensive,382,COMPLETE
159,0.0033905999595558547,2025-12-07 02:59:14.235273,2025-12-07 02:59:22.605498,0 days 00:00:08.370225,382,0.5791725391947004,0.002122756332891284,5,7,463,0.07093792322212238,19.82147825615771,0.8072581666451791,extensive,382,COMPLETE
160,0.0033871962232846498,2025-12-07 02:59:22.606500,2025-12-07 02:59:30.639387,0 days 00:00:08.032887,382,0.5856376000047169,0.0018827003429019318,5,7,471,0.006580490467477246,19.934557077448357,0.8122586179601483,extensive,382,COMPLETE
161,0.003154123691414138,2025-12-07 02:59:30.640390,2025-12-07 02:59:38.747016,0 days 00:00:08.106626,383,0.5843022435415849,0.001906874971911085,5,7,470,0.016473292348420536,19.099621521284522,0.8350478677044427,extensive,383,COMPLETE
162,0.0026829903659792986,2025-12-07 02:59:38.748017,2025-12-07 02:59:46.361109,0 days 00:00:07.613092,371,0.5897738890234672,0.0018544839697488787,5,7,449,0.003941651039530851,19.987350924230835,0.8044581046955573,extensive,371,COMPLETE
163,0.0027768663396938362,2025-12-07 02:59:46.362109,2025-12-07 02:59:54.089608,0 days 00:00:07.727499,371,0.5899742085394154,0.0017926514332489926,5,7,454,0.012557488326281188,19.726962146491772,0.8051915314279474,extensive,371,COMPLETE
164,0.001433460320906114,2025-12-07 02:59:54.090611,2025-12-07 03:00:02.938177,0 days 00:00:08.847566,370,0.5893343558748748,0.0019717989484485288,5,7,486,0.21068993003382383,19.967693356028914,0.8082017940143028,extensive,370,COMPLETE
165,0.0019651245430193365,2025-12-07 03:00:02.939180,2025-12-07 03:00:14.093613,0 days 00:00:11.154433,380,0.5657923568869965,0.0017839527305635536,5,7,683,0.007433977127371066,18.832924466258497,0.8320876744230468,extensive,380,COMPLETE
166,0.0029094823241510768,2025-12-07 03:00:14.094519,2025-12-07 03:00:24.911184,0 days 00:00:10.816665,381,0.5541138786488159,0.0017365213282874914,5,7,688,0.0010232183655221432,18.772637850135816,0.8666940294982772,extensive,381,COMPLETE
167,0.0030097832007153955,2025-12-07 03:00:24.912188,2025-12-07 03:00:35.547309,0 days 00:00:10.635121,360,0.5691168704106234,0.0016960566639314164,5,7,649,0.03244049647898118,18.885318089966102,0.8650155940295259,extensive,360,COMPLETE
168,0.0019467337935196911,2025-12-07 03:00:35.548310,2025-12-07 03:00:48.896570,0 days 00:00:13.348260,381,0.5664243644856812,0.0017311472161583028,5,6,823,0.006947527115016545,19.935927737400604,0.8356392656587023,extensive,381,COMPLETE
169,0.0005560827086087036,2025-12-07 03:00:48.897574,2025-12-07 03:01:00.306916,0 days 00:00:11.409342,362,0.5466449592837654,0.0018639420987352183,5,7,682,0.2658342117516052,17.970886826128304,0.8742362008499104,extensive,362,COMPLETE
170,0.003177725402257988,2025-12-07 03:01:00.307918,2025-12-07 03:01:12.347139,0 days 00:00:12.039221,353,0.5892033490959776,0.0013903201234921787,5,7,745,0.03130627275989702,18.444958599615354,0.8489785530900341,extensive,353,COMPLETE
171,0.0024079107110145013,2025-12-07 03:01:12.348139,2025-12-07 03:01:23.938004,0 days 00:00:11.589865,339,0.591869453902618,0.001859601707051301,5,6,736,0.01658805949376364,18.526283370479963,0.8604549499080861,extensive,339,COMPLETE
172,0.0033628864258703115,2025-12-07 03:01:23.938004,2025-12-07 03:01:35.196248,0 days 00:00:11.258244,349,0.5961649583048265,0.0014474027747414487,5,6,708,0.005327037402717701,19.952272185613825,0.8657605376589719,extensive,349,COMPLETE
173,0.0014018153519055703,2025-12-07 03:01:35.197251,2025-12-07 03:01:50.449326,0 days 00:00:15.252075,338,0.595785868018948,0.0016596872823550642,5,6,917,0.19167628713676454,18.19435222756827,0.850560199639826,extensive,338,COMPLETE
174,0.0019351676987490185,2025-12-07 03:01:50.450326,2025-12-07 03:02:03.315730,0 days 00:00:12.865404,355,0.5787487813278127,0.0014327209063539922,5,5,746,0.19227017979896333,19.9990417711113,0.867746160941086,extensive,355,COMPLETE
175,0.002579270910046801,2025-12-07 03:02:03.316730,2025-12-07 03:02:13.505202,0 days 00:00:10.188472,370,0.6127231629162995,0.0014068095788052793,5,5,594,0.016095134932253723,17.79189093634207,0.7976955965154178,extensive,370,COMPLETE
176,0.00238215062768532,2025-12-07 03:02:13.506712,2025-12-07 03:02:27.560343,0 days 00:00:14.053631,372,0.6099737827026058,0.0012128665699071583,5,5,860,0.0073297491299593315,17.965718833300578,0.7991301486909412,extensive,372,COMPLETE
177,0.0026444074907847614,2025-12-07 03:02:27.562343,2025-12-07 03:02:41.447848,0 days 00:00:13.885505,369,0.6075145806368034,0.0012285025869156695,5,5,840,0.016430366434112623,17.753271025891763,0.820656158179161,extensive,369,COMPLETE
178,0.0025899770095462182,2025-12-07 03:02:41.448852,2025-12-07 03:02:56.897314,0 days 00:00:15.448462,346,0.604841421947636,0.001333872443842534,5,5,983,0.007005956139127079,17.254670974307427,0.8842716712418733,extensive,346,COMPLETE
179,0.0030549965504476826,2025-12-07 03:02:56.898318,2025-12-07 03:03:12.092101,0 days 00:00:15.193783,347,0.6034050364423168,0.0012327855853668044,5,5,978,0.0038845789701714593,17.081104785083458,0.8156608380474428,extensive,347,COMPLETE
180,0.0008974609508312451,2025-12-07 03:03:12.093101,2025-12-07 03:03:28.637204,0 days 00:00:16.544103,318,0.5342343108742054,0.0013328730839447884,5,5,1118,0.31023777945051045,16.805875691628636,0.8576281827447162,extensive,318,COMPLETE
181,0.0021462061747061036,2025-12-07 03:03:28.638208,2025-12-07 03:03:44.248482,0 days 00:00:15.610274,345,0.604807905576149,0.0011727402940741643,5,5,1026,4.997646546834461e-05,17.40726685233021,0.8204543122851601,extensive,345,COMPLETE
182,0.002802371682412893,2025-12-07 03:03:44.249485,2025-12-07 03:03:59.116250,0 days 00:00:14.866765,371,0.5884195976789652,0.0012653386464714059,5,4,840,0.14462513347329992,17.32630772198543,0.8829815499465891,extensive,371,COMPLETE
183,0.0020065017792095796,2025-12-07 03:03:59.117255,2025-12-07 03:04:16.386858,0 days 00:00:17.269603,356,0.5902274559595263,0.0013490747083375486,5,4,1006,0.17936647145214285,19.99883991796055,0.8821651928870764,extensive,356,COMPLETE
184,0.0030322057804712164,2025-12-07 03:04:16.387858,2025-12-07 03:04:30.243835,0 days 00:00:13.855977,337,0.5743900246861943,0.0010469909912044833,5,6,850,0.14789530483852995,16.500668400195224,0.8857886621664685,extensive,337,COMPLETE
185,0.0021471551798472412,2025-12-07 03:04:30.245949,2025-12-07 03:04:45.896000,0 days 00:00:15.650051,362,0.5759444887174577,0.0010856630802166685,5,7,924,0.16925501742225385,16.408580336233538,0.8442007850555372,extensive,362,COMPLETE
186,0.0009798781297060872,2025-12-07 03:04:45.898002,2025-12-07 03:04:56.821337,0 days 00:00:10.923335,390,0.5598172124702337,0.0010125710502423895,5,6,620,0.26399934587530305,15.197877197192774,0.8846703440467636,extensive,390,COMPLETE
187,0.0024593787911874423,2025-12-07 03:04:56.822435,2025-12-07 03:05:10.901727,0 days 00:00:14.079292,370,0.5823307825167086,0.0012531751812471402,5,4,804,0.12647469873967543,16.962911438402898,0.8144368168609686,extensive,370,COMPLETE
188,0.00028282956678182813,2025-12-07 03:05:10.902727,2025-12-07 03:05:24.710201,0 days 00:00:13.807474,352,0.5976215677444393,0.0015115866838964302,5,3,846,0.3354086794118829,15.169447348036579,0.7909362250411538,extensive,352,COMPLETE
189,0.0021270192556159806,2025-12-07 03:05:24.711264,2025-12-07 03:05:41.084539,0 days 00:00:16.373275,398,0.5352875744174587,0.0014595692896960401,5,6,945,0.1361807766327206,17.391171972771414,0.8971218969598758,extensive,398,COMPLETE
190,0.0009749753251518204,2025-12-07 03:05:41.085572,2025-12-07 03:05:59.755163,0 days 00:00:18.669591,375,0.5704618705171584,0.001369068705882634,5,7,1100,0.22800870172827076,19.96949424281109,0.8274005686407724,extensive,375,COMPLETE
191,0.002855505791177252,2025-12-07 03:05:59.755163,2025-12-07 03:06:13.272673,0 days 00:00:13.517510,366,0.5818565579069674,0.001251924252699332,5,4,773,0.12936101132491773,16.82436531350363,0.8112024216899268,extensive,366,COMPLETE
192,0.0030549970002655322,2025-12-07 03:06:13.273675,2025-12-07 03:06:25.751636,0 days 00:00:12.477961,364,0.6049520350035118,0.0011249813787338624,5,3,699,0.10867883155802727,16.461835796509895,0.8123868438529113,extensive,364,COMPLETE
193,0.0029000251962484347,2025-12-07 03:06:25.752636,2025-12-07 03:06:39.082843,0 days 00:00:13.330207,366,0.6023822647579251,0.0011819260024228762,5,3,749,0.11811882657136777,14.563660438613663,0.8381628301090008,extensive,366,COMPLETE
194,0.003013497259089245,2025-12-07 03:06:39.084351,2025-12-07 03:06:51.694540,0 days 00:00:12.610189,332,0.5844965829511654,0.0011459439611733965,5,3,754,0.13776944873443053,14.728531095328393,0.8416578167205023,extensive,332,COMPLETE
195,0.002858980109339271,2025-12-07 03:06:51.695292,2025-12-07 03:07:03.261625,0 days 00:00:11.566333,298,0.5865852044607528,0.0010861208368046736,5,3,734,0.15984005692344652,14.416259047367163,0.8415091041203737,extensive,298,COMPLETE
196,0.0015949851632290901,2025-12-07 03:07:03.262438,2025-12-07 03:07:14.177575,0 days 00:00:10.915137,301,0.5594397372265478,0.0011125194728182082,5,3,721,0.2883689223441254,14.220864512085516,0.8427027348874025,extensive,301,COMPLETE
197,0.0027393356505445166,2025-12-07 03:07:14.179079,2025-12-07 03:07:26.641466,0 days 00:00:12.462387,326,0.5808189357681429,0.0010088558888220664,5,2,750,0.16401362061380526,15.364768768858331,0.8375370530153313,extensive,326,COMPLETE
198,0.0008320795218826523,2025-12-07 03:07:26.642477,2025-12-07 03:07:38.832690,0 days 00:00:12.190213,327,0.5771202125937931,0.0010490725888545513,5,2,784,0.3544760614891813,14.72322376158753,0.8703931234173115,extensive,327,COMPLETE
199,0.0024727461860423183,2025-12-07 03:07:38.833690,2025-12-07 03:07:49.628351,0 days 00:00:10.794661,317,0.555788004064337,0.0011349790223695554,5,3,666,0.1832105365682648,15.80391509100056,0.8536600108472283,extensive,317,COMPLETE
200,0.0030478000855782192,2025-12-07 03:07:49.629351,2025-12-07 03:08:01.111203,0 days 00:00:11.481852,287,0.5822757306800067,0.0011741838296743423,5,2,731,0.14385869787424826,14.156325274150047,0.8377989920348521,extensive,287,COMPLETE
201,0.0033283334640455595,2025-12-07 03:08:01.112206,2025-12-07 03:08:12.387160,0 days 00:00:11.274954,278,0.5788266654769584,0.001167418776180498,5,2,732,0.14953474828902286,14.095878172908964,0.8389720936191001,extensive,278,COMPLETE
202,0.0032528106366621254,2025-12-07 03:08:12.388162,2025-12-07 03:08:26.246140,0 days 00:00:13.857978,295,0.5951715588746536,0.001255489464609538,5,2,885,0.12015724482381357,13.724819348624044,0.8281044923599026,extensive,295,COMPLETE
203,0.002349570793029776,2025-12-07 03:08:26.247642,2025-12-07 03:08:39.616290,0 days 00:00:13.368648,285,0.5848320054372772,0.0011771501281342414,5,1,868,0.21842391891205024,14.168032518392629,0.8266865626122294,extensive,285,COMPLETE
204,0.0034754385117538034,2025-12-07 03:08:39.617294,2025-12-07 03:08:50.198551,0 days 00:00:10.581257,271,0.5696257706705696,0.0012534268471612456,5,3,705,0.1329588822726106,13.586453870683656,0.8476322328402767,extensive,271,COMPLETE
205,0.0011768537363625597,2025-12-07 03:08:50.200554,2025-12-07 03:09:00.198378,0 days 00:00:09.997824,269,0.567894162176042,0.0012696964144119046,5,3,704,0.3569865281985324,13.829488300359227,0.8490895035358887,extensive,269,COMPLETE
206,-0.0016559721404409238,2025-12-07 03:09:00.200379,2025-12-07 03:09:03.613945,0 days 00:00:03.413566,257,0.5975003287108783,0.0011112727168872565,5,1,638,4.299458520310756,15.697367530139799,0.8640400122412484,extensive,257,COMPLETE
207,0.0018803058537549082,2025-12-07 03:09:03.614949,2025-12-07 03:09:16.925744,0 days 00:00:13.310795,289,0.5434544850166407,0.0012424200734695357,5,2,901,0.23923422562381855,14.395296018536271,0.8136105957531325,extensive,289,COMPLETE
208,0.0029315306104642502,2025-12-07 03:09:16.926744,2025-12-07 03:09:29.503920,0 days 00:00:12.577176,294,0.5718845230265616,0.001153857995550216,5,2,807,0.16429562412080495,16.35242355511413,0.8361245053164095,extensive,294,COMPLETE
209,0.0006891702758419586,2025-12-07 03:09:29.504924,2025-12-07 03:09:39.839550,0 days 00:00:10.334626,296,0.5074247971962083,0.0011490417817881162,5,2,743,0.3909321722944814,15.973101283405715,0.8378016939667319,extensive,296,COMPLETE
210,0.0038073903983631605,2025-12-07 03:09:39.840553,2025-12-07 03:09:52.329828,0 days 00:00:12.489275,274,0.571054479497736,0.0010713700245981977,5,3,839,0.12034745946763668,13.555748204408715,0.8752065217364444,extensive,274,COMPLETE
211,0.003921377209780104,2025-12-07 03:09:52.330827,2025-12-07 03:10:03.799081,0 days 00:00:11.468254,244,0.5720148906154308,0.0010807495891158444,5,3,812,0.144521518742856,14.407747079372568,0.8741024871202527,extensive,244,COMPLETE
212,0.0031641821761181723,2025-12-07 03:10:03.799720,2025-12-07 03:10:15.104010,0 days 00:00:11.304290,277,0.5687598410969115,0.0010967390668994933,5,3,750,0.13160910128556372,13.559963253364526,0.8536621587939728,extensive,277,COMPLETE
213,0.002254971303738973,2025-12-07 03:10:15.105013,2025-12-07 03:10:26.928908,0 days 00:00:11.823895,277,0.5587671011790507,0.001102609562680373,5,3,799,0.2345678119119731,13.452752691620883,0.8610711660090006,extensive,277,COMPLETE
214,0.002856565232630004,2025-12-07 03:10:26.929908,2025-12-07 03:10:36.723161,0 days 00:00:09.793253,275,0.5735840728591375,0.0010151238996536412,5,2,639,0.14130167124194998,13.30776442802929,0.8480341602278046,extensive,275,COMPLETE
215,0.0023147949092089393,2025-12-07 03:10:36.723866,2025-12-07 03:10:46.240332,0 days 00:00:09.516466,241,0.5678063762038489,0.0010890755895906433,5,3,685,0.2870174754913923,14.1452915681307,0.8702831338963767,extensive,241,COMPLETE
216,0.004075393951936975,2025-12-07 03:10:46.241335,2025-12-07 03:10:58.830500,0 days 00:00:12.589165,255,0.5538828624731982,0.0011736656635449843,5,2,879,0.1341788173794811,15.010927491960285,0.8323086820543385,extensive,255,COMPLETE
217,0.0036888576438670606,2025-12-07 03:10:58.831500,2025-12-07 03:11:11.698699,0 days 00:00:12.867199,264,0.5613293663545709,0.0011761860345598195,5,2,882,0.1273433867808119,15.616941107979004,0.8552662171275913,extensive,264,COMPLETE
218,0.0004915777521979173,2025-12-07 03:11:11.701703,2025-12-07 03:11:23.130316,0 days 00:00:11.428613,224,0.5226922853507963,0.001433401190769528,5,2,947,0.44928482847995754,16.286446904226587,0.8555123629668715,extensive,224,COMPLETE
219,0.002747425117811786,2025-12-07 03:11:23.132317,2025-12-07 03:11:37.505231,0 days 00:00:14.372914,259,0.5481717919047988,0.0010009783695072384,5,1,1026,0.24187209331545279,12.921721068707667,0.8750950536037599,extensive,259,COMPLETE
220,0.003316524297730513,2025-12-07 03:11:37.506230,2025-12-07 03:11:49.671662,0 days 00:00:12.165432,250,0.5336318666343524,0.0016257208910181373,5,2,872,0.10842532027341226,1.943556160272302,0.8245285731727516,extensive,250,COMPLETE
221,0.003689935962040406,2025-12-07 03:11:49.672662,2025-12-07 03:12:02.560205,0 days 00:00:12.887543,265,0.5323057951083933,0.0011883338222817474,5,2,903,0.137478480811256,2.976587187141385,0.8268345920058229,extensive,265,COMPLETE
222,0.004724310234548039,2025-12-07 03:12:02.561706,2025-12-07 03:12:15.065142,0 days 00:00:12.503436,250,0.5355730494720568,0.001139334114661753,5,2,900,0.12268958046372215,2.2513306674580766,0.827025700753371,extensive,250,COMPLETE
223,0.0035579990720785437,2025-12-07 03:12:15.066141,2025-12-07 03:12:27.504865,0 days 00:00:12.438724,253,0.49965618351437485,0.0013572094243833894,5,1,896,0.10793866390994014,2.0189306446517947,0.8232798350491277,extensive,253,COMPLETE
224,0.00212683235774754,2025-12-07 03:12:27.505828,2025-12-07 03:12:41.786686,0 days 00:00:14.280858,256,0.5121728778957885,0.001584710326932633,5,1,1067,0.2818878282467445,1.14111715822622,0.8260077101819955,extensive,256,COMPLETE
225,0.0021046088561698837,2025-12-07 03:12:41.788190,2025-12-07 03:12:53.820355,0 days 00:00:12.032165,230,0.4797250980917793,0.0013561854781035144,5,2,910,0.11592902035517118,2.4875870675840583,0.8291723135639117,extensive,230,COMPLETE
226,0.003065189361393439,2025-12-07 03:12:53.821358,2025-12-07 03:13:05.575205,0 days 00:00:11.753847,246,0.5230229384022402,0.0012121626211914237,5,1,886,0.33025052350946527,1.7725756319114454,0.8531546332750508,extensive,246,COMPLETE
227,0.0029097647765736756,2025-12-07 03:13:05.576715,2025-12-07 03:13:17.421519,0 days 00:00:11.844804,252,0.5238242108969802,0.0011781731953737164,5,1,887,0.3291896595584737,1.7313711931744868,0.850543621419635,extensive,252,COMPLETE
228,0.003040972210287022,2025-12-07 03:13:17.422519,2025-12-07 03:13:47.566756,0 days 00:00:30.144237,246,0.48588405862742007,0.0012770537217794303,10,2,940,0.24849036493382504,1.5393548810347712,0.8229404407965012,extensive,246,COMPLETE
229,0.0007053590901137108,2025-12-07 03:13:47.567760,2025-12-07 03:14:00.336927,0 days 00:00:12.769167,267,0.48358473260326834,0.0013525850501257912,5,2,986,0.39078405729356325,1.5308390477520966,0.8211704490545187,extensive,267,COMPLETE
230,0.0034269385592848867,2025-12-07 03:14:00.337931,2025-12-07 03:14:12.982443,0 days 00:00:12.644512,247,0.49682042455073155,0.0012007033533812314,5,1,948,0.25479727181313583,1.7763133424604867,0.8274781566467397,extensive,247,COMPLETE
231,0.003437559049655259,2025-12-07 03:14:12.982443,2025-12-07 03:14:25.563518,0 days 00:00:12.581075,248,0.49309384168792153,0.0012431343363240289,5,1,953,0.24895477717114833,2.030840173202037,0.8267897734590193,extensive,248,COMPLETE
232,0.003473413031365428,2025-12-07 03:14:25.564522,2025-12-07 03:14:38.316477,0 days 00:00:12.751955,245,0.5320591209401347,0.0012769843521127076,5,1,948,0.2641297148886902,1.9846381752366293,0.8291864686967197,extensive,245,COMPLETE
233,0.0013064902953380624,2025-12-07 03:14:38.317528,2025-12-07 03:14:53.174750,0 days 00:00:14.857222,220,0.5310531387302857,0.001249882241663935,5,1,1165,0.27285604204798386,2.0032333774286673,0.8283271454918698,extensive,220,COMPLETE
234,0.0018775414541371733,2025-12-07 03:14:53.175748,2025-12-07 03:15:09.588681,0 days 00:00:16.412933,247,0.4997533368601256,0.0014719547804710289,5,1,1298,0.3450225699196717,1.9167940292735857,0.80846308814551,extensive,247,COMPLETE
235,0.004171563732288774,2025-12-07 03:15:09.589680,2025-12-07 03:15:22.778871,0 days 00:00:13.189191,237,0.4988983946996687,0.0013040121458335711,5,1,999,0.21629019221306436,2.635405052356618,0.8517183272316047,extensive,237,COMPLETE
236,0.002519675746473826,2025-12-07 03:15:22.779871,2025-12-07 03:15:36.343214,0 days 00:00:13.563343,215,0.4936286939367865,0.001346192492564366,5,1,1071,0.21898768114105382,1.743946875398632,0.8476137247617032,extensive,215,COMPLETE
237,0.0007254664281217682,2025-12-07 03:15:36.343721,2025-12-07 03:15:47.770159,0 days 00:00:11.426438,235,0.4531569637320133,0.001284626671062078,5,1,980,0.45166889784490427,2.7401348166911155,0.8157977603805374,extensive,235,COMPLETE
238,0.0032287992020279357,2025-12-07 03:15:47.771164,2025-12-07 03:16:00.461510,0 days 00:00:12.690346,265,0.5175538275781125,0.0015666532341603186,5,1,892,0.09534687779562491,2.0963421799448416,0.8566606294068649,extensive,265,COMPLETE
239,0.0019601876328118792,2025-12-07 03:16:00.462508,2025-12-07 03:16:12.454163,0 days 00:00:11.991655,264,0.5214288529945781,0.001552403064076233,5,1,863,0.2811985819480806,2.2067304350298103,0.8539685243718024,extensive,264,COMPLETE
240,0.0036239893675975208,2025-12-07 03:16:12.455435,2025-12-07 03:16:25.042066,0 days 00:00:12.586631,244,0.5031796918188991,0.0014439356216952364,5,1,918,0.11263079992235078,2.038621832691328,0.8606561499039534,extensive,244,COMPLETE
241,0.0034977942226852576,2025-12-07 03:16:25.043069,2025-12-07 03:16:37.290337,0 days 00:00:12.247268,243,0.47145290816761715,0.0014399941856121884,5,1,911,0.11674212623948049,2.348770633366151,0.8614636519249943,extensive,243,COMPLETE
242,0.0038335136674588766,2025-12-07 03:16:37.293104,2025-12-07 03:16:49.543868,0 days 00:00:12.250764,242,0.5036511551267021,0.0014925896822422047,5,1,911,0.20973433293153199,2.3515324715696684,0.8610811124168569,extensive,242,COMPLETE
243,0.0035813086909701384,2025-12-07 03:16:49.545873,2025-12-07 03:17:03.249750,0 days 00:00:13.703877,239,0.476385161941542,0.0014674309902040954,5,1,1045,0.20646625695304976,2.4431964056488185,0.8626995687413805,extensive,239,COMPLETE
244,0.003488998104678768,2025-12-07 03:17:03.250752,2025-12-07 03:17:16.607917,0 days 00:00:13.357165,240,0.47174702566038457,0.0014618503817241748,5,1,1020,0.21192764775396083,2.4012702905506216,0.8629148169015851,extensive,240,COMPLETE
245,0.003384332503209094,2025-12-07 03:17:16.608917,2025-12-07 03:17:31.456155,0 days 00:00:14.847238,237,0.4624570294024402,0.0014638551345863204,5,1,1163,0.23088136726509237,2.3810575893501955,0.8737457261770089,extensive,237,COMPLETE
246,0.00025842679248300193,2025-12-07 03:17:31.457155,2025-12-07 03:17:45.063076,0 days 00:00:13.605921,209,0.47380643071801926,0.0015977506636155458,5,1,1207,0.4313590098922052,2.529211854398093,0.8769849817568705,extensive,209,COMPLETE
247,0.0029796931573327448,2025-12-07 03:17:45.064623,2025-12-07 03:17:58.392697,0 days 00:00:13.328074,239,0.44238773545942633,0.0014863904307964334,5,1,1049,0.23000797638941337,3.28611782317379,0.8633854492120671,extensive,239,COMPLETE
248,0.0038465128453695576,2025-12-07 03:17:58.393701,2025-12-07 03:18:12.446207,0 days 00:00:14.052506,253,0.5018579589717912,0.001392623458418527,5,1,1040,0.22789177953294698,2.1971481549164467,0.8990575883952288,extensive,253,COMPLETE
249,8.335321168143987e-05,2025-12-07 03:18:12.447206,2025-12-07 03:18:24.375288,0 days 00:00:11.928082,230,0.4585247342042957,0.001430912306957094,5,2,1121,0.5348054784609151,2.3622919732628427,0.894574993572473,extensive,230,COMPLETE
250,0.0030492584643413054,2025-12-07 03:18:24.376525,2025-12-07 03:18:37.590388,0 days 00:00:13.213863,247,0.4685587314678797,0.0014162575542524005,5,1,1029,0.331222726897962,2.177984943840008,0.8751589050167782,extensive,247,COMPLETE
251,0.0038882844037097706,2025-12-07 03:18:37.591398,2025-12-07 03:18:51.054758,0 days 00:00:13.463360,255,0.49676021304137147,0.0013091558092465827,5,2,992,0.22983607935258232,2.9392101479046695,0.8999424653511292,extensive,255,COMPLETE
252,0.003285299470194588,2025-12-07 03:18:51.055764,2025-12-07 03:19:07.024318,0 days 00:00:15.968554,253,0.4855160402893524,0.001485577603471908,5,1,1207,0.23746125474365115,2.8804689874537472,0.8967623175997608,extensive,253,COMPLETE
253,0.0017767484834413,2025-12-07 03:19:07.026324,2025-12-07 03:19:18.889091,0 days 00:00:11.862767,240,0.4995820572186715,0.0013355197331810001,5,1,962,0.4289196376427048,2.626969443841209,0.8860632131332911,extensive,240,COMPLETE
254,0.0009945591874249333,2025-12-07 03:19:18.890092,2025-12-07 03:19:32.704393,0 days 00:00:13.814301,228,0.5041983481981088,0.0016492138961814915,5,2,1071,0.2340480964235912,3.3161911855099895,0.8727897611028695,extensive,228,COMPLETE
255,-0.0016559721404409238,2025-12-07 03:19:32.705245,2025-12-07 03:19:38.257576,0 days 00:00:05.552331,255,0.49562347743590934,0.0013863382279529477,5,1,1161,2.8945073602137015,2.333378161644956,0.8849494535192867,extensive,255,COMPLETE
256,0.0016392293717338118,2025-12-07 03:19:38.258576,2025-12-07 03:19:50.651444,0 days 00:00:12.392868,235,0.4697879806190528,0.0015004360387744977,5,2,991,0.3367041011798383,2.9911075634272777,0.8975548270567089,extensive,235,COMPLETE
257,0.002991650786930052,2025-12-07 03:19:50.652444,2025-12-07 03:20:03.943494,0 days 00:00:13.291050,264,0.5068359174808098,0.0013155801629706836,5,1,952,0.21335500270405483,1.9335393284431204,0.8639756552455905,extensive,264,COMPLETE
258,0.0025420464718395688,2025-12-07 03:20:03.944503,2025-12-07 03:20:17.681878,0 days 00:00:13.737375,248,0.5333019343865546,0.0016060230893549083,5,2,1048,0.3530113371553396,2.1188233288417786,0.87352587900095,extensive,248,COMPLETE
259,-0.0642040496054761,2025-12-07 03:20:17.683012,2025-12-07 03:20:30.371109,0 days 00:00:12.688097,259,0.49042902469792976,0.01629140744486248,5,1,936,0.20508840666383585,2.3963630784001237,0.8644134066385374,extensive,259,COMPLETE
260,0.003636210749698406,2025-12-07 03:20:30.373169,2025-12-07 03:20:44.444341,0 days 00:00:14.071172,239,0.4246443451206191,0.0013958900151401401,5,1,1109,0.2095612942274948,1.3092461236699646,0.885008690173982,extensive,239,COMPLETE
261,0.000971942576466378,2025-12-07 03:20:44.445344,2025-12-07 03:20:56.855552,0 days 00:00:12.410208,209,0.4502306232122589,0.0013322058827908944,5,1,1103,0.4507953823734712,2.8792683849305583,0.8879876651474536,extensive,209,COMPLETE
262,0.003256697923104864,2025-12-07 03:20:56.857555,2025-12-07 03:21:10.180041,0 days 00:00:13.322486,240,0.474767046601567,0.0014094930020330343,5,1,1032,0.2569613700929274,1.3070589982490035,0.8793844220161422,extensive,240,COMPLETE
263,0.0008808088048466075,2025-12-07 03:21:10.181044,2025-12-07 03:21:27.774194,0 days 00:00:17.593150,273,0.41247445855677983,0.0012099835185432515,5,1,1382,0.3088806263118157,2.267835950461573,0.8982988698430195,extensive,273,COMPLETE
264,0.0029277406141927273,2025-12-07 03:21:27.776194,2025-12-07 03:21:40.043631,0 days 00:00:12.267437,223,0.43613124540894305,0.0012911160705503827,5,2,974,0.18368609198103067,2.6385117621295007,0.8628804983548137,extensive,223,COMPLETE
265,-0.0016546871339935265,2025-12-07 03:21:40.045661,2025-12-07 03:21:45.406483,0 days 00:00:05.360822,236,0.38476671625066206,0.0014624866472024338,5,1,1158,1.8437357269890218,2.0707604407705404,0.8763100953671826,extensive,236,COMPLETE
266,0.0001594067927248958,2025-12-07 03:21:45.407490,2025-12-07 03:21:54.837222,0 days 00:00:09.429732,258,0.4651468048139947,0.0012034457774161725,5,2,837,0.5731921171914243,3.79192953253206,0.84235573014066,extensive,258,COMPLETE
267,0.00357367279315605,2025-12-07 03:21:54.838222,2025-12-07 03:22:10.911102,0 days 00:00:16.072880,243,0.43326828116692917,0.0013383358336624721,5,1,1256,0.1932313229310923,2.562472578298398,0.8596193478681756,extensive,243,COMPLETE
268,0.0018158909321838168,2025-12-07 03:22:10.913613,2025-12-07 03:22:25.733808,0 days 00:00:14.820195,241,0.4281731251333128,0.0013774463363965786,5,1,1234,0.36649190388274866,1.6338794174364641,0.8696357578856692,extensive,241,COMPLETE
269,0.0030935893491278454,2025-12-07 03:22:25.734807,2025-12-07 03:22:41.613974,0 days 00:00:15.879167,250,0.40424414747211745,0.0014867066631730126,5,1,1256,0.22340390489816556,2.5094075381654717,0.8864103575365425,extensive,250,COMPLETE
270,0.0009784811848127333,2025-12-07 03:22:41.614974,2025-12-07 03:22:56.349659,0 days 00:00:14.734685,225,0.5115588593533918,0.0013189805346820837,5,1,1124,0.11195753566339155,2.322746186015955,0.8535776058670468,extensive,225,COMPLETE
271,0.00202623048863911,2025-12-07 03:22:56.350660,2025-12-07 03:23:09.325886,0 days 00:00:12.975226,235,0.49076497499486843,0.0012621664956881694,5,1,1021,0.3146143282184964,1.362661232238729,0.8618420899337779,extensive,235,COMPLETE
272,0.000299083892962589,2025-12-07 03:23:09.326888,2025-12-07 03:23:20.497839,0 days 00:00:11.170951,267,0.42587760986279344,0.0010757151498124412,5,1,934,0.49399718107442986,1.98524477381015,0.8773632057149321,extensive,267,COMPLETE
273,0.0034573039840540463,2025-12-07 03:23:20.498839,2025-12-07 03:23:35.148902,0 days 00:00:14.650063,256,0.48181457557930085,0.0014253549717174257,5,2,1086,0.1923456483091962,2.7381906989275073,0.8994224218350666,extensive,256,COMPLETE
274,0.0033380417913942972,2025-12-07 03:23:35.149905,2025-12-07 03:23:51.918337,0 days 00:00:16.768432,253,0.48434846630792766,0.0011893409136193946,5,2,1286,0.27405831627853056,2.711730694015441,0.8854349923409023,extensive,253,COMPLETE
275,-0.028646806585561402,2025-12-07 03:23:51.919339,2025-12-07 03:24:05.618389,0 days 00:00:13.699050,214,0.5014737487467891,0.007353593917369282,5,2,1082,0.21241676096468481,3.484951002539575,0.8998486676850637,extensive,214,COMPLETE
276,0.001816474668266251,2025-12-07 03:24:05.619392,2025-12-07 03:24:19.667971,0 days 00:00:14.048579,241,0.46010141046566416,0.0013609481240251312,5,1,1169,0.42794004325180357,2.9807376624977375,0.8909851981081743,extensive,241,COMPLETE
277,-0.0016559721404409238,2025-12-07 03:24:19.668975,2025-12-07 03:24:24.697243,0 days 00:00:05.028268,260,0.47832758758699123,0.0015262534031256847,5,2,1018,2.551081902124013,1.7898231035313683,0.8473979925367502,extensive,260,COMPLETE
278,0.000935307257855326,2025-12-07 03:24:24.698426,2025-12-07 03:24:38.409428,0 days 00:00:13.711002,229,0.5413093006210608,0.0012785293133190233,5,1,1093,0.38485095999149477,2.2290903880967257,0.8752621765503094,extensive,229,COMPLETE
279,0.00417896243594799,2025-12-07 03:24:38.410433,2025-12-07 03:24:51.216311,0 days 00:00:12.805878,248,0.5131775634954348,0.0011044626599778801,5,2,931,0.11575411261505764,2.588807993752474,0.833594764745594,extensive,248,COMPLETE
280,0.0044808764471248414,2025-12-07 03:24:51.218852,2025-12-07 03:25:03.914126,0 days 00:00:12.695274,250,0.514089591597943,0.0010744643711311753,5,2,923,0.106594740057022,2.689467196229491,0.8353304778829124,extensive,250,COMPLETE
281,0.004336020347333676,2025-12-07 03:25:03.914633,2025-12-07 03:25:16.786127,0 days 00:00:12.871494,247,0.5130497000132307,0.0010909098598298195,5,2,938,0.12288828402434941,2.683027778440667,0.8335984435060538,extensive,247,COMPLETE
282,0.003658322544401201,2025-12-07 03:25:16.787126,2025-12-07 03:25:29.420940,0 days 00:00:12.633814,265,0.5143411751684775,0.0010660422099468198,5,2,891,0.1612550091446734,2.729486334874884,0.8341964797144693,extensive,265,COMPLETE
283,0.003260466898331038,2025-12-07 03:25:29.421943,2025-12-07 03:25:41.736557,0 days 00:00:12.314614,275,0.5150969058839504,0.0010204733304639809,5,2,849,0.13777997911874906,2.740537055949662,0.8391928654571984,extensive,275,COMPLETE
284,0.0035801418469411463,2025-12-07 03:25:41.737557,2025-12-07 03:25:54.662044,0 days 00:00:12.924487,266,0.5135052409395937,0.0010700913819083613,5,3,914,0.13019916491899325,3.1456680152067413,0.8460840795366438,extensive,266,COMPLETE
285,0.0036634731174695068,2025-12-07 03:25:54.663044,2025-12-07 03:26:06.601152,0 days 00:00:11.938108,268,0.5250071972900692,0.0010761468481511,5,3,837,0.12258753336506827,3.188731091589194,0.8548150578010716,extensive,268,COMPLETE
286,0.0035434614870958336,2025-12-07 03:26:06.602155,2025-12-07 03:26:18.353574,0 days 00:00:11.751419,270,0.5245927883546971,0.0010752078953322728,5,3,823,0.11592475313208629,3.1749895773299057,0.8540375867364631,extensive,270,COMPLETE
287,0.0033561794598562975,2025-12-07 03:26:18.354574,2025-12-07 03:26:30.321559,0 days 00:00:11.966985,281,0.5140959579284967,0.0010074943268891866,5,3,828,0.11099953250938956,3.1792586983680877,0.8589102820090581,extensive,281,COMPLETE
288,0.0036706447031530733,2025-12-07 03:26:30.322559,2025-12-07 03:26:41.888580,0 days 00:00:11.566021,267,0.5239222755786195,0.0010843827200393051,5,3,819,0.11479319135418349,3.5686694924372535,0.8501337901676085,extensive,267,COMPLETE
289,0.0037166478711096276,2025-12-07 03:26:41.889580,2025-12-07 03:26:53.493346,0 days 00:00:11.603766,268,0.5230810825039787,0.0010640954273693766,5,3,818,0.09515324152264364,3.6779959153828523,0.8470434348422862,extensive,268,COMPLETE
290,0.004269668297126383,2025-12-07 03:26:53.494345,2025-12-07 03:27:04.933508,0 days 00:00:11.439163,264,0.5209139455193229,0.001097413512396269,5,3,819,0.09610129770452518,4.44900214765239,0.8477043680592525,extensive,264,COMPLETE
291,-0.0014127251122247515,2025-12-07 03:27:04.934507,2025-12-07 03:27:09.842901,0 days 00:00:04.908394,267,0.523927064411298,0.001074948866150649,9,3,796,1.4375813531327044,3.814955141947014,0.8462399074542792,extensive,267,COMPLETE
292,0.003961201538408066,2025-12-07 03:27:09.843901,2025-12-07 03:27:21.469712,0 days 00:00:11.625811,264,0.513274717045784,0.0010897162987243494,5,4,833,0.10403062104811509,3.560017530002322,0.8389569871388315,extensive,264,COMPLETE
293,0.003981523230131752,2025-12-07 03:27:21.470716,2025-12-07 03:27:33.841838,0 days 00:00:12.371122,263,0.5095963220598206,0.0011059146791907674,5,4,892,0.08812022663398617,4.141767681663596,0.8416932897890059,extensive,263,COMPLETE
294,0.003996761936225039,2025-12-07 03:27:33.842837,2025-12-07 03:27:45.424952,0 days 00:00:11.582115,261,0.5127606907584888,0.0010057056484758563,5,3,832,0.10226575041197275,4.466514117765357,0.840985666859223,extensive,261,COMPLETE
295,-0.0016559721404409238,2025-12-07 03:27:45.425956,2025-12-07 03:27:49.563647,0 days 00:00:04.137691,281,0.513808909665672,0.0010691460276115378,5,4,821,3.2178350843742356,4.5285818699844596,0.8394496897499654,extensive,281,COMPLETE
296,0.004257450727210917,2025-12-07 03:27:49.564643,2025-12-07 03:28:01.954332,0 days 00:00:12.389689,262,0.5390623851189458,0.0010121248932996917,5,3,883,0.08833303777157135,3.663011727154061,0.836480774039688,extensive,262,COMPLETE
297,0.004062272832153731,2025-12-07 03:28:01.955332,2025-12-07 03:28:13.471625,0 days 00:00:11.516293,260,0.5357852259239355,0.001121658695323677,5,4,824,0.0993466976039031,4.389800046447119,0.8396759329177742,extensive,260,COMPLETE
298,0.004372637209820803,2025-12-07 03:28:13.473828,2025-12-07 03:28:25.260248,0 days 00:00:11.786420,258,0.5413396681386584,0.0010071606559106637,5,4,844,0.06833275631409971,4.412808771292296,0.8340293918135234,extensive,258,COMPLETE
299,-0.0016559721404409238,2025-12-07 03:28:25.261251,2025-12-07 03:28:29.377542,0 days 00:00:04.116291,262,0.5420126795696679,0.0010199339348114346,5,4,810,3.6426274614595973,4.075063939494094,0.49263861577518675,extensive,262,COMPLETE
