number,value,datetime_start,datetime_complete,duration,params_enet_alpha,params_enet_l1_ratio,user_attrs_feat_level,user_attrs_label,user_attrs_model_type,user_attrs_pca_mode,user_attrs_use_PCA,state
0,-0.0016559721242364045,2025-12-08 13:44:04.847668,2025-12-08 13:44:06.397889,0 days 00:00:01.550221,0.004333326353213267,0.7668487527826934,extensive,final,elastic,pca_hybrid,True,COMPLETE
1,-15516.029104707333,2025-12-08 13:44:06.397889,2025-12-08 13:44:07.930840,0 days 00:00:01.532951,3.9510385611704886e-05,0.4831029575969654,extensive,final,elastic,pca_hybrid,True,COMPLETE
2,-0.0016559721242364045,2025-12-08 13:44:07.930840,2025-12-08 13:44:09.914876,0 days 00:00:01.984036,0.0033966209296192053,0.4420056790960496,extensive,final,elastic,pca_hybrid,True,COMPLETE
3,-1112.632046383572,2025-12-08 13:44:09.914876,2025-12-08 13:44:11.533476,0 days 00:00:01.618600,0.0002537721168752331,0.6369104206964517,extensive,final,elastic,pca_hybrid,True,COMPLETE
4,-0.0016559721242364045,2025-12-08 13:44:11.534526,2025-12-08 13:44:13.066454,0 days 00:00:01.531928,0.0008799290294821404,0.9937239753270982,extensive,final,elastic,pca_hybrid,True,COMPLETE
5,-188.58602997257768,2025-12-08 13:44:13.067413,2025-12-08 13:44:14.635643,0 days 00:00:01.568230,0.00017185602428384256,0.7677707800197199,extensive,final,elastic,pca_hybrid,True,COMPLETE
6,-0.0016559721242364045,2025-12-08 13:44:14.636646,2025-12-08 13:44:16.297901,0 days 00:00:01.661255,0.026727778104716722,0.8774723310153385,extensive,final,elastic,pca_hybrid,True,COMPLETE
7,-3340.0531674866975,2025-12-08 13:44:16.298385,2025-12-08 13:44:18.082412,0 days 00:00:01.784027,0.00027706094468434137,0.2565959226838167,extensive,final,elastic,pca_hybrid,True,COMPLETE
8,-0.0016559721242364045,2025-12-08 13:44:18.083412,2025-12-08 13:44:19.600783,0 days 00:00:01.517371,0.011006794274084733,0.08756048387973958,extensive,final,elastic,pca_hybrid,True,COMPLETE
9,-0.0016559721242364045,2025-12-08 13:44:19.600783,2025-12-08 13:44:21.199244,0 days 00:00:01.598461,0.052137539407910674,0.5610484762329758,extensive,final,elastic,pca_hybrid,True,COMPLETE
10,-16717.32219127228,2025-12-08 13:44:21.200239,2025-12-08 13:44:22.775707,0 days 00:00:01.575468,1.0976443740700615e-05,0.7293388805072619,extensive,final,elastic,pca_hybrid,True,COMPLETE
11,-0.0016559721242364045,2025-12-08 13:44:22.775707,2025-12-08 13:44:24.298436,0 days 00:00:01.522729,0.005243961300010467,0.4065370757362345,extensive,final,elastic,pca_hybrid,True,COMPLETE
12,-0.001731707722258946,2025-12-08 13:44:24.298985,2025-12-08 13:44:25.915193,0 days 00:00:01.616208,0.0028647402919047605,0.279634234367164,extensive,final,elastic,pca_hybrid,True,COMPLETE
13,-0.0022293197474102153,2025-12-08 13:44:25.915193,2025-12-08 13:44:27.465318,0 days 00:00:01.550125,0.0014763459063365364,0.4061325075729536,extensive,final,elastic,pca_hybrid,True,COMPLETE
14,-0.0016559721242364045,2025-12-08 13:44:27.465968,2025-12-08 13:44:28.980340,0 days 00:00:01.514372,0.010976966811406245,0.7017677619565289,extensive,final,elastic,pca_hybrid,True,COMPLETE
15,-0.002750497300733734,2025-12-08 13:44:28.980340,2025-12-08 13:44:30.932177,0 days 00:00:01.951837,0.000682621408898291,0.8636562380623645,extensive,final,elastic,pca_hybrid,True,COMPLETE
16,-0.0016559721242364045,2025-12-08 13:44:30.932528,2025-12-08 13:44:32.548812,0 days 00:00:01.616284,0.0905284802050682,0.03838851665906662,extensive,final,elastic,pca_hybrid,True,COMPLETE
17,-0.0016559721242364045,2025-12-08 13:44:32.549923,2025-12-08 13:44:34.048972,0 days 00:00:01.499049,0.004409572246722938,0.561633692165812,extensive,final,elastic,pca_hybrid,True,COMPLETE
18,-0.0016559721242364045,2025-12-08 13:44:34.049976,2025-12-08 13:44:35.550047,0 days 00:00:01.500071,0.013317505568066615,0.22515331411765466,extensive,final,elastic,pca_hybrid,True,COMPLETE
19,-0.0017395062350795687,2025-12-08 13:44:35.550047,2025-12-08 13:44:37.232766,0 days 00:00:01.682719,0.001864980197818082,0.4263847985780852,extensive,final,elastic,pca_hybrid,True,COMPLETE
20,-11.061642656974486,2025-12-08 13:44:37.232766,2025-12-08 13:44:38.847962,0 days 00:00:01.615196,0.0005211497123966815,0.833784498298116,extensive,final,elastic,pca_hybrid,True,COMPLETE
21,-0.0016559721242364045,2025-12-08 13:44:38.847962,2025-12-08 13:44:40.399396,0 days 00:00:01.551434,0.0009782195484237814,0.9990361671352043,extensive,final,elastic,pca_hybrid,True,COMPLETE
22,-847.4044925611806,2025-12-08 13:44:40.399845,2025-12-08 13:44:41.949917,0 days 00:00:01.550072,9.56909133230294e-05,0.9772051740424815,extensive,final,elastic,pca_hybrid,True,COMPLETE
23,-0.0016559721242364045,2025-12-08 13:44:41.949917,2025-12-08 13:44:43.499989,0 days 00:00:01.550072,0.005008161375090085,0.6357190116300389,extensive,final,elastic,pca_hybrid,True,COMPLETE
24,-0.0016559721242364045,2025-12-08 13:44:43.499989,2025-12-08 13:44:45.049141,0 days 00:00:01.549152,0.0020704593284002815,0.9059355840295586,extensive,final,elastic,pca_hybrid,True,COMPLETE
25,-1.52037592376839,2025-12-08 13:44:45.049531,2025-12-08 13:44:46.734039,0 days 00:00:01.684508,0.0006025697690209656,0.7824494707126761,extensive,final,elastic,pca_hybrid,True,COMPLETE
26,-0.0016559721242364045,2025-12-08 13:44:46.735038,2025-12-08 13:44:48.299521,0 days 00:00:01.564483,0.024783557260253605,0.9344070262993223,extensive,final,elastic,pca_hybrid,True,COMPLETE
27,-0.0016559721242364045,2025-12-08 13:44:48.299521,2025-12-08 13:44:49.719400,0 days 00:00:01.419879,0.0036177057217848924,0.6525716241921882,extensive,final,elastic,pca_hybrid,True,COMPLETE
28,-0.001979264900528429,2025-12-08 13:44:49.719400,2025-12-08 13:44:51.233939,0 days 00:00:01.514539,0.001221552337992759,0.5126679280535686,extensive,final,elastic,pca_hybrid,True,COMPLETE
29,-9212.228648260245,2025-12-08 13:44:51.233939,2025-12-08 13:44:52.833312,0 days 00:00:01.599373,4.5903341702845765e-05,0.830473509674423,extensive,final,elastic,pca_hybrid,True,COMPLETE
30,-0.0016559721242364045,2025-12-08 13:44:52.833762,2025-12-08 13:44:54.450585,0 days 00:00:01.616823,0.007405859134654288,0.32370976882992863,extensive,final,elastic,pca_hybrid,True,COMPLETE
31,-0.0016559721242364045,2025-12-08 13:44:54.450585,2025-12-08 13:44:55.883586,0 days 00:00:01.433001,0.029706002971996322,0.9094556489563275,extensive,final,elastic,pca_hybrid,True,COMPLETE
32,-0.0016559721242364045,2025-12-08 13:44:55.884146,2025-12-08 13:44:57.433894,0 days 00:00:01.549748,0.027067308745301107,0.9426055073278999,extensive,final,elastic,pca_hybrid,True,COMPLETE
33,-0.0016559721242364045,2025-12-08 13:44:57.434553,2025-12-08 13:44:59.284393,0 days 00:00:01.849840,0.018579609566517743,0.7782851291864651,extensive,final,elastic,pca_hybrid,True,COMPLETE
34,-1348.1051216816466,2025-12-08 13:44:59.284393,2025-12-08 13:45:00.800263,0 days 00:00:01.515870,0.0003138469627834522,0.8785709800016672,extensive,final,elastic,pca_hybrid,True,COMPLETE
35,-0.0016559721242364045,2025-12-08 13:45:00.801020,2025-12-08 13:45:02.283871,0 days 00:00:01.482851,0.05038096805766877,0.15560132632630613,extensive,final,elastic,pca_hybrid,True,COMPLETE
36,-805.6003872336206,2025-12-08 13:45:02.284430,2025-12-08 13:45:03.776634,0 days 00:00:01.492204,0.00013948545537773274,0.6780009273971062,extensive,final,elastic,pca_hybrid,True,COMPLETE
37,-0.0016559721242364045,2025-12-08 13:45:03.776634,2025-12-08 13:45:05.251107,0 days 00:00:01.474473,0.0025932057811833675,0.59152416561808,extensive,final,elastic,pca_hybrid,True,COMPLETE
38,-0.0016559721242364045,2025-12-08 13:45:05.251107,2025-12-08 13:45:06.846821,0 days 00:00:01.595714,0.007709849329435869,0.45681476423841566,extensive,final,elastic,pca_hybrid,True,COMPLETE
39,-0.0016559721242364045,2025-12-08 13:45:06.846821,2025-12-08 13:45:08.465022,0 days 00:00:01.618201,0.04604799383329121,0.7441716387454002,extensive,final,elastic,pca_hybrid,True,COMPLETE
40,-0.0016559721242364045,2025-12-08 13:45:08.465022,2025-12-08 13:45:10.101905,0 days 00:00:01.636883,0.09832278592021727,0.8170297528168509,extensive,final,elastic,pca_hybrid,True,COMPLETE
41,-0.0016559721242364045,2025-12-08 13:45:10.102912,2025-12-08 13:45:11.660230,0 days 00:00:01.557318,0.009949507481652792,0.12760471508935922,extensive,final,elastic,pca_hybrid,True,COMPLETE
42,-0.0016559721242364045,2025-12-08 13:45:11.660766,2025-12-08 13:45:13.102925,0 days 00:00:01.442159,0.016606114872240715,0.36473219969420967,extensive,final,elastic,pca_hybrid,True,COMPLETE
43,-0.001804893385218535,2025-12-08 13:45:13.102925,2025-12-08 13:45:14.553506,0 days 00:00:01.450581,0.00691102157268452,0.1084627501720673,extensive,final,elastic,pca_hybrid,True,COMPLETE
44,-0.00185829116362779,2025-12-08 13:45:14.553987,2025-12-08 13:45:16.018127,0 days 00:00:01.464140,0.0033353502045508692,0.21525193336642792,extensive,final,elastic,pca_hybrid,True,COMPLETE
45,-11008.862555826849,2025-12-08 13:45:16.018127,2025-12-08 13:45:17.602627,0 days 00:00:01.584500,0.0010673350553921312,0.029858279944732516,extensive,final,elastic,pca_hybrid,True,COMPLETE
46,-0.0016559721242364045,2025-12-08 13:45:17.603624,2025-12-08 13:45:19.085841,0 days 00:00:01.482217,0.012565156738066687,0.49456286463424287,extensive,final,elastic,pca_hybrid,True,COMPLETE
47,-0.0016559721242364045,2025-12-08 13:45:19.086877,2025-12-08 13:45:20.601738,0 days 00:00:01.514861,0.005562141680419522,0.95939532557874,extensive,final,elastic,pca_hybrid,True,COMPLETE
48,-1455.1645810002158,2025-12-08 13:45:20.602982,2025-12-08 13:45:22.236355,0 days 00:00:01.633373,0.0003752770597430004,0.7170184537573171,extensive,final,elastic,pca_hybrid,True,COMPLETE
49,-0.0016559721242364045,2025-12-08 13:45:22.236355,2025-12-08 13:45:23.721855,0 days 00:00:01.485500,0.002059094653536019,0.8690153076665178,extensive,final,elastic,pca_hybrid,True,COMPLETE
50,-13.393804749152181,2025-12-08 13:45:23.721855,2025-12-08 13:45:25.930987,0 days 00:00:02.209132,0.0007165089089664098,0.5958107738506339,extensive,final,elastic,pca_hybrid,True,COMPLETE
51,-0.0016559721242364045,2025-12-08 13:45:25.930987,2025-12-08 13:45:27.484026,0 days 00:00:01.553039,0.0449837542077572,0.2575468570842285,extensive,final,elastic,pca_hybrid,True,COMPLETE
52,-0.0016559721242364045,2025-12-08 13:45:27.484026,2025-12-08 13:45:29.001232,0 days 00:00:01.517206,0.019712945491708808,0.5430359519064465,extensive,final,elastic,pca_hybrid,True,COMPLETE
53,-0.0016559721242364045,2025-12-08 13:45:29.001232,2025-12-08 13:45:30.516500,0 days 00:00:01.515268,0.052844005117891654,0.3619794830704182,extensive,final,elastic,pca_hybrid,True,COMPLETE
54,-0.0016559721242364045,2025-12-08 13:45:30.516500,2025-12-08 13:45:32.121258,0 days 00:00:01.604758,0.06517974785586937,0.9920376357860653,extensive,final,elastic,pca_hybrid,True,COMPLETE
55,-0.0016559721242364045,2025-12-08 13:45:32.121258,2025-12-08 13:45:33.753989,0 days 00:00:01.632731,0.009689432043515233,0.7952252499778115,extensive,final,elastic,pca_hybrid,True,COMPLETE
56,-0.0016559721242364045,2025-12-08 13:45:33.753989,2025-12-08 13:45:35.501741,0 days 00:00:01.747752,0.03126939599102702,0.8996302090707194,extensive,final,elastic,pca_hybrid,True,COMPLETE
57,-107.64004065572009,2025-12-08 13:45:35.501741,2025-12-08 13:45:37.153231,0 days 00:00:01.651490,0.0017145855550096765,0.0760149118350368,extensive,final,elastic,pca_hybrid,True,COMPLETE
58,-0.0016559721242364045,2025-12-08 13:45:37.153231,2025-12-08 13:45:38.755385,0 days 00:00:01.602154,0.07257253732492587,0.4435437975973209,extensive,final,elastic,pca_hybrid,True,COMPLETE
59,-0.0016559721242364045,2025-12-08 13:45:38.755385,2025-12-08 13:45:40.414298,0 days 00:00:01.658913,0.004637129049358072,0.7517468176809345,extensive,final,elastic,pca_hybrid,True,COMPLETE
60,-0.0019955190191717578,2025-12-08 13:45:40.414298,2025-12-08 13:45:42.002270,0 days 00:00:01.587972,0.003307925011348835,0.19351258646834069,extensive,final,elastic,pca_hybrid,True,COMPLETE
61,-0.0016559721242364045,2025-12-08 13:45:42.002270,2025-12-08 13:45:43.519484,0 days 00:00:01.517214,0.03602417850612484,0.3899277004994963,extensive,final,elastic,pca_hybrid,True,COMPLETE
62,-0.0016559721242364045,2025-12-08 13:45:43.519484,2025-12-08 13:45:45.036482,0 days 00:00:01.516998,0.01557559039148924,0.31616519510725866,extensive,final,elastic,pca_hybrid,True,COMPLETE
63,-16580.550028840524,2025-12-08 13:45:45.036482,2025-12-08 13:45:46.620623,0 days 00:00:01.584141,1.0773409490086528e-05,0.5538164930091989,extensive,final,elastic,pca_hybrid,True,COMPLETE
64,-0.0016559721242364045,2025-12-08 13:45:46.620623,2025-12-08 13:45:48.171277,0 days 00:00:01.550654,0.02263164273491958,0.6353618929572225,extensive,final,elastic,pca_hybrid,True,COMPLETE
65,-0.0016559721242364045,2025-12-08 13:45:48.172284,2025-12-08 13:45:49.885974,0 days 00:00:01.713690,0.0013109220600683136,0.9281600494018685,extensive,final,elastic,pca_hybrid,True,COMPLETE
66,-0.0016559721242364045,2025-12-08 13:45:49.885974,2025-12-08 13:45:51.413757,0 days 00:00:01.527783,0.0025996142000403,0.8492962463468299,extensive,final,elastic,pca_hybrid,True,COMPLETE
67,-293.70684405996883,2025-12-08 13:45:51.413757,2025-12-08 13:45:53.051880,0 days 00:00:01.638123,0.0007768379374006207,0.47084654458315156,extensive,final,elastic,pca_hybrid,True,COMPLETE
68,-15314.180875866921,2025-12-08 13:45:53.051880,2025-12-08 13:45:54.620332,0 days 00:00:01.568452,0.005240282804136921,0.002695420823324579,extensive,final,elastic,pca_hybrid,True,COMPLETE
69,-0.0016559721242364045,2025-12-08 13:45:54.621595,2025-12-08 13:45:56.120412,0 days 00:00:01.498817,0.008406352273296372,0.28922990213925515,extensive,final,elastic,pca_hybrid,True,COMPLETE
70,-0.0016559721242364045,2025-12-08 13:45:56.120412,2025-12-08 13:45:57.639068,0 days 00:00:01.518656,0.006330005576921932,0.6914861362399527,extensive,final,elastic,pca_hybrid,True,COMPLETE
71,-0.0016559721242364045,2025-12-08 13:45:57.639068,2025-12-08 13:45:59.170798,0 days 00:00:01.531730,0.011344491753103047,0.6069721432321384,extensive,final,elastic,pca_hybrid,True,COMPLETE
72,-0.0016559721242364045,2025-12-08 13:45:59.172079,2025-12-08 13:46:00.673387,0 days 00:00:01.501308,0.00399579787167504,0.5128851094522795,extensive,final,elastic,pca_hybrid,True,COMPLETE
73,-0.0016559721242364045,2025-12-08 13:46:00.673387,2025-12-08 13:46:02.205131,0 days 00:00:01.531744,0.016207330725880834,0.7011921285215952,extensive,final,elastic,pca_hybrid,True,COMPLETE
74,-0.0016559721242364045,2025-12-08 13:46:02.205131,2025-12-08 13:46:03.770896,0 days 00:00:01.565765,0.03539688262568467,0.8164951374548233,extensive,final,elastic,pca_hybrid,True,COMPLETE
75,-676.6084080433379,2025-12-08 13:46:03.770896,2025-12-08 13:46:05.452579,0 days 00:00:01.681683,0.0004984666885024494,0.652304321166853,extensive,final,elastic,pca_hybrid,True,COMPLETE
76,-0.0016559721242364045,2025-12-08 13:46:05.452579,2025-12-08 13:46:06.971048,0 days 00:00:01.518469,0.01234119451662772,0.41937962241728977,extensive,final,elastic,pca_hybrid,True,COMPLETE
77,-0.0016559721242364045,2025-12-08 13:46:06.971048,2025-12-08 13:46:08.486690,0 days 00:00:01.515642,0.0026111555925856754,0.7717448998875595,extensive,final,elastic,pca_hybrid,True,COMPLETE
78,-0.0016559721242364045,2025-12-08 13:46:08.486690,2025-12-08 13:46:10.018896,0 days 00:00:01.532206,0.02285469737749501,0.536048627313509,extensive,final,elastic,pca_hybrid,True,COMPLETE
79,-0.0016559721242364045,2025-12-08 13:46:10.018896,2025-12-08 13:46:11.556238,0 days 00:00:01.537342,0.007695864031703787,0.9637225625073543,extensive,final,elastic,pca_hybrid,True,COMPLETE
80,-0.0016559721242364045,2025-12-08 13:46:11.556238,2025-12-08 13:46:13.054631,0 days 00:00:01.498393,0.0016886160886425631,0.7283632556410129,extensive,final,elastic,pca_hybrid,True,COMPLETE
81,-0.0016559721242364045,2025-12-08 13:46:13.055641,2025-12-08 13:46:14.557189,0 days 00:00:01.501548,0.07303848122200575,0.08018908696226273,extensive,final,elastic,pca_hybrid,True,COMPLETE
82,-0.0016559721242364045,2025-12-08 13:46:14.557189,2025-12-08 13:46:16.191539,0 days 00:00:01.634350,0.056579604880927815,0.06484666673100531,extensive,final,elastic,pca_hybrid,True,COMPLETE
83,-0.0016559721242364045,2025-12-08 13:46:16.191539,2025-12-08 13:46:17.772145,0 days 00:00:01.580606,0.08302077186904674,0.16391631623514644,extensive,final,elastic,pca_hybrid,True,COMPLETE
84,-0.0016559721242364045,2025-12-08 13:46:17.772145,2025-12-08 13:46:19.318067,0 days 00:00:01.545922,0.00953404287460498,0.5739859708239181,extensive,final,elastic,pca_hybrid,True,COMPLETE
85,-2229.009907354726,2025-12-08 13:46:19.318067,2025-12-08 13:46:20.756115,0 days 00:00:01.438048,0.03896347789184629,0.005482622506766954,extensive,final,elastic,pca_hybrid,True,COMPLETE
86,-0.0016559721242364045,2025-12-08 13:46:20.756629,2025-12-08 13:46:22.591470,0 days 00:00:01.834841,0.09043095745043284,0.888810647751739,extensive,final,elastic,pca_hybrid,True,COMPLETE
87,-15101.984687049473,2025-12-08 13:46:22.591470,2025-12-08 13:46:24.172430,0 days 00:00:01.580960,1.7945489898034935e-05,0.846477329964525,extensive,final,elastic,pca_hybrid,True,COMPLETE
88,-0.0016559721242364045,2025-12-08 13:46:24.172430,2025-12-08 13:46:25.673058,0 days 00:00:01.500628,0.006162524916077028,0.3881998699133875,extensive,final,elastic,pca_hybrid,True,COMPLETE
89,-289.45774945676095,2025-12-08 13:46:25.673058,2025-12-08 13:46:27.388224,0 days 00:00:01.715166,0.0008861344076551652,0.11807806428122004,extensive,final,elastic,pca_hybrid,True,COMPLETE
90,-0.0016559721242364045,2025-12-08 13:46:27.388769,2025-12-08 13:46:28.972192,0 days 00:00:01.583423,0.029060361282494895,0.8017910168268572,extensive,final,elastic,pca_hybrid,True,COMPLETE
91,-650.4569500028015,2025-12-08 13:46:28.972505,2025-12-08 13:46:30.557627,0 days 00:00:01.585122,0.004203023753428273,0.035089087757408335,extensive,final,elastic,pca_hybrid,True,COMPLETE
92,-0.0016559721242364045,2025-12-08 13:46:30.558629,2025-12-08 13:46:32.043452,0 days 00:00:01.484823,0.003417143496072412,0.48681133634305185,extensive,final,elastic,pca_hybrid,True,COMPLETE
93,-0.0016559721242364045,2025-12-08 13:46:32.043452,2025-12-08 13:46:33.577184,0 days 00:00:01.533732,0.01563246134338832,0.5657109428717838,extensive,final,elastic,pca_hybrid,True,COMPLETE
94,-0.0016559721242364045,2025-12-08 13:46:33.577695,2025-12-08 13:46:35.107661,0 days 00:00:01.529966,0.00212933380981405,0.6111607286309594,extensive,final,elastic,pca_hybrid,True,COMPLETE
95,-0.0016559721242364045,2025-12-08 13:46:35.108167,2025-12-08 13:46:36.640745,0 days 00:00:01.532578,0.005140445511664389,0.44878679109326663,extensive,final,elastic,pca_hybrid,True,COMPLETE
96,-0.0016559721242364045,2025-12-08 13:46:36.640745,2025-12-08 13:46:38.139899,0 days 00:00:01.499154,0.0014344141324504416,0.6739673935505652,extensive,final,elastic,pca_hybrid,True,COMPLETE
97,-0.0016559721242364045,2025-12-08 13:46:38.140686,2025-12-08 13:46:39.659113,0 days 00:00:01.518427,0.020035829296550924,0.5194971032908823,extensive,final,elastic,pca_hybrid,True,COMPLETE
98,-2210.1533898706625,2025-12-08 13:46:39.659113,2025-12-08 13:46:41.142021,0 days 00:00:01.482908,0.0002156056150621598,0.9214689962101095,extensive,final,elastic,pca_hybrid,True,COMPLETE
99,-0.0016559721242364045,2025-12-08 13:46:41.142021,2025-12-08 13:46:42.823615,0 days 00:00:01.681594,0.04196846884596173,0.33115620133829515,extensive,final,elastic,pca_hybrid,True,COMPLETE
100,-0.0016559721242364045,2025-12-08 13:46:42.823615,2025-12-08 13:46:44.425563,0 days 00:00:01.601948,0.0624951360609121,0.9955943040651288,extensive,final,elastic,pca_hybrid,True,COMPLETE
101,-0.0016559721242364045,2025-12-08 13:46:44.426473,2025-12-08 13:46:45.907553,0 days 00:00:01.481080,0.013737396354304416,0.1440963969636822,extensive,final,elastic,pca_hybrid,True,COMPLETE
102,-0.001766190630374161,2025-12-08 13:46:45.907553,2025-12-08 13:46:47.374955,0 days 00:00:01.467402,0.00840394691721034,0.09225035707364262,extensive,final,elastic,pca_hybrid,True,COMPLETE
103,-0.0016559721242364045,2025-12-08 13:46:47.374955,2025-12-08 13:46:48.923746,0 days 00:00:01.548791,0.01034237644944003,0.224130643329277,extensive,final,elastic,pca_hybrid,True,COMPLETE
104,-144.23868765522417,2025-12-08 13:46:48.923746,2025-12-08 13:46:50.691993,0 days 00:00:01.768247,0.006559633144896602,0.05937389047388062,extensive,final,elastic,pca_hybrid,True,COMPLETE
105,-0.0016559721242364045,2025-12-08 13:46:50.692993,2025-12-08 13:46:52.378284,0 days 00:00:01.685291,0.024385190466477323,0.04095009435656169,extensive,final,elastic,pca_hybrid,True,COMPLETE
106,-0.0016559721242364045,2025-12-08 13:46:52.378284,2025-12-08 13:46:53.856621,0 days 00:00:01.478337,0.0030283505467291237,0.749581693276498,extensive,final,elastic,pca_hybrid,True,COMPLETE
107,-193.41577444613077,2025-12-08 13:46:53.857867,2025-12-08 13:46:55.442293,0 days 00:00:01.584426,0.0010717590895900392,0.35570591384821165,extensive,final,elastic,pca_hybrid,True,COMPLETE
108,-889.060453018733,2025-12-08 13:46:55.443290,2025-12-08 13:46:57.109057,0 days 00:00:01.665767,0.0005575803016514027,0.2724546056163252,extensive,final,elastic,pca_hybrid,True,COMPLETE
109,-0.0016559721242364045,2025-12-08 13:46:57.110059,2025-12-08 13:46:58.593991,0 days 00:00:01.483932,0.004017308743785748,0.41329530881851906,extensive,final,elastic,pca_hybrid,True,COMPLETE
110,-2124.99210188842,2025-12-08 13:46:58.594534,2025-12-08 13:47:00.241302,0 days 00:00:01.646768,0.0004098593651472063,0.4724048538470186,extensive,final,elastic,pca_hybrid,True,COMPLETE
111,-0.0016559721242364045,2025-12-08 13:47:00.241302,2025-12-08 13:47:01.774381,0 days 00:00:01.533079,0.013811815080270927,0.9695054501746748,extensive,final,elastic,pca_hybrid,True,COMPLETE
112,-0.0016886848630384883,2025-12-08 13:47:01.774381,2025-12-08 13:47:03.305973,0 days 00:00:01.531592,0.0008946891800707642,0.9357560450068038,extensive,final,elastic,pca_hybrid,True,COMPLETE
113,-0.0016559721242364045,2025-12-08 13:47:03.305973,2025-12-08 13:47:04.926596,0 days 00:00:01.620623,0.0019888752123675014,0.945362764389129,extensive,final,elastic,pca_hybrid,True,COMPLETE
114,-0.0016559721242364045,2025-12-08 13:47:04.926596,2025-12-08 13:47:06.524743,0 days 00:00:01.598147,0.01948009672067422,0.184987252084832,extensive,final,elastic,pca_hybrid,True,COMPLETE
115,-0.0016559721242364045,2025-12-08 13:47:06.524743,2025-12-08 13:47:07.962713,0 days 00:00:01.437970,0.0023377465959568567,0.8672371977933097,extensive,final,elastic,pca_hybrid,True,COMPLETE
116,-0.0016559721242364045,2025-12-08 13:47:07.964030,2025-12-08 13:47:09.873794,0 days 00:00:01.909764,0.0505016149063543,0.8987490363099895,extensive,final,elastic,pca_hybrid,True,COMPLETE
117,-0.0016559721242364045,2025-12-08 13:47:09.874417,2025-12-08 13:47:11.374995,0 days 00:00:01.500578,0.004722588230569537,0.9999832191343403,extensive,final,elastic,pca_hybrid,True,COMPLETE
118,-0.0016559721242364045,2025-12-08 13:47:11.374995,2025-12-08 13:47:12.874644,0 days 00:00:01.499649,0.008797942168289658,0.6421444693747344,extensive,final,elastic,pca_hybrid,True,COMPLETE
119,-0.0016559721242364045,2025-12-08 13:47:12.874644,2025-12-08 13:47:14.340174,0 days 00:00:01.465530,0.005684722193873084,0.23436005305792612,extensive,final,elastic,pca_hybrid,True,COMPLETE
120,-0.0016559721242364045,2025-12-08 13:47:14.341444,2025-12-08 13:47:15.825492,0 days 00:00:01.484048,0.09961194128842203,0.8252302904217103,extensive,final,elastic,pca_hybrid,True,COMPLETE
121,-12.220939193038769,2025-12-08 13:47:15.825492,2025-12-08 13:47:17.524040,0 days 00:00:01.698548,0.0006456146334215998,0.6654697721918774,extensive,final,elastic,pca_hybrid,True,COMPLETE
122,-0.0016559721242364045,2025-12-08 13:47:17.524929,2025-12-08 13:47:19.044638,0 days 00:00:01.519709,0.011507696343797046,0.7030306997900758,extensive,final,elastic,pca_hybrid,True,COMPLETE
123,-0.0016559721242364045,2025-12-08 13:47:19.044638,2025-12-08 13:47:20.560941,0 days 00:00:01.516303,0.0028699350973492416,0.6160931436274102,extensive,final,elastic,pca_hybrid,True,COMPLETE
124,-0.0016559721242364045,2025-12-08 13:47:20.561688,2025-12-08 13:47:22.094723,0 days 00:00:01.533035,0.032537462601750486,0.532015289252276,extensive,final,elastic,pca_hybrid,True,COMPLETE
125,-0.0016559721242364045,2025-12-08 13:47:22.094723,2025-12-08 13:47:23.578455,0 days 00:00:01.483732,0.006638131448033124,0.5889819785338611,extensive,final,elastic,pca_hybrid,True,COMPLETE
126,-0.004015440697384613,2025-12-08 13:47:23.578455,2025-12-08 13:47:25.309404,0 days 00:00:01.730949,0.001099545852112853,0.498523926211372,extensive,final,elastic,pca_hybrid,True,COMPLETE
127,-0.0016559721242364045,2025-12-08 13:47:25.309404,2025-12-08 13:47:26.775901,0 days 00:00:01.466497,0.007273589013348835,0.5749172795384797,extensive,final,elastic,pca_hybrid,True,COMPLETE
128,-0.0016559721242364045,2025-12-08 13:47:26.775901,2025-12-08 13:47:28.258861,0 days 00:00:01.482960,0.00461539913510859,0.6241098067194456,extensive,final,elastic,pca_hybrid,True,COMPLETE
129,-0.0016559721242364045,2025-12-08 13:47:28.260116,2025-12-08 13:47:29.742783,0 days 00:00:01.482667,0.0015641440606955549,0.9549682222178059,extensive,final,elastic,pca_hybrid,True,COMPLETE
130,-154.02683254274905,2025-12-08 13:47:29.742783,2025-12-08 13:47:31.275218,0 days 00:00:01.532435,0.003895653455949471,0.09964447354284686,extensive,final,elastic,pca_hybrid,True,COMPLETE
131,-0.0018437263429809114,2025-12-08 13:47:31.275685,2025-12-08 13:47:32.712083,0 days 00:00:01.436398,0.0013160478201104644,0.5521428739850713,extensive,final,elastic,pca_hybrid,True,COMPLETE
132,-0.0016559721242364045,2025-12-08 13:47:32.712756,2025-12-08 13:47:34.162182,0 days 00:00:01.449426,0.0033308822322189726,0.9700311237244581,extensive,final,elastic,pca_hybrid,True,COMPLETE
133,-0.0016559721242364045,2025-12-08 13:47:34.162182,2025-12-08 13:47:35.626948,0 days 00:00:01.464766,0.07504979238292271,0.7917269608449512,extensive,final,elastic,pca_hybrid,True,COMPLETE
134,-0.0017588583311782073,2025-12-08 13:47:35.626948,2025-12-08 13:47:37.192303,0 days 00:00:01.565355,0.001803964627400589,0.4329614245429362,extensive,final,elastic,pca_hybrid,True,COMPLETE
135,-0.0016559721242364045,2025-12-08 13:47:37.192658,2025-12-08 13:47:38.726116,0 days 00:00:01.533458,0.002333325134369784,0.7170105715606963,extensive,final,elastic,pca_hybrid,True,COMPLETE
136,-0.0016559721242364045,2025-12-08 13:47:38.727121,2025-12-08 13:47:40.301103,0 days 00:00:01.573982,0.004887340105549899,0.9223214269941288,extensive,final,elastic,pca_hybrid,True,COMPLETE
137,-0.0016559721242364045,2025-12-08 13:47:40.301103,2025-12-08 13:47:41.811507,0 days 00:00:01.510404,0.005544820611069933,0.9790093603464494,extensive,final,elastic,pca_hybrid,True,COMPLETE
138,-0.001948254039945511,2025-12-08 13:47:41.811507,2025-12-08 13:47:43.393045,0 days 00:00:01.581538,0.0007628041583390842,0.8793281435730884,extensive,final,elastic,pca_hybrid,True,COMPLETE
139,-0.0016559721242364045,2025-12-08 13:47:43.393045,2025-12-08 13:47:44.893039,0 days 00:00:01.499994,0.003480170775311724,0.39126653147800017,extensive,final,elastic,pca_hybrid,True,COMPLETE
140,-0.0016559721242364045,2025-12-08 13:47:44.893039,2025-12-08 13:47:46.291873,0 days 00:00:01.398834,0.009756995715778262,0.76632369949666,extensive,final,elastic,pca_hybrid,True,COMPLETE
141,-0.0016559721242364045,2025-12-08 13:47:46.291873,2025-12-08 13:47:48.063172,0 days 00:00:01.771299,0.02534932440232396,0.9022117383426413,extensive,final,elastic,pca_hybrid,True,COMPLETE
142,-0.0016566879224704973,2025-12-08 13:47:48.063172,2025-12-08 13:47:49.613255,0 days 00:00:01.550083,0.043384830613563984,0.02002964960344162,extensive,final,elastic,pca_hybrid,True,COMPLETE
143,-0.0016559721242364045,2025-12-08 13:47:49.613255,2025-12-08 13:47:51.150116,0 days 00:00:01.536861,0.01905352827961936,0.9252663358862592,extensive,final,elastic,pca_hybrid,True,COMPLETE
144,-0.0016559721242364045,2025-12-08 13:47:51.150116,2025-12-08 13:47:52.632679,0 days 00:00:01.482563,0.061673815021753786,0.9837823499257526,extensive,final,elastic,pca_hybrid,True,COMPLETE
145,-866.0268643668319,2025-12-08 13:47:52.632679,2025-12-08 13:47:54.143704,0 days 00:00:01.511025,9.865768367013041e-05,0.9462987964382715,extensive,final,elastic,pca_hybrid,True,COMPLETE
146,-0.0016559721242364045,2025-12-08 13:47:54.143704,2025-12-08 13:47:55.660735,0 days 00:00:01.517031,0.014175738804279144,0.8456341311998204,extensive,final,elastic,pca_hybrid,True,COMPLETE
147,-0.0016559721242364045,2025-12-08 13:47:55.660735,2025-12-08 13:47:57.200417,0 days 00:00:01.539682,0.027471188857075283,0.6791305805427137,extensive,final,elastic,pca_hybrid,True,COMPLETE
148,-0.0016559721242364045,2025-12-08 13:47:57.200417,2025-12-08 13:47:58.696610,0 days 00:00:01.496193,0.011512977513009162,0.13032639069291885,extensive,final,elastic,pca_hybrid,True,COMPLETE
149,-0.0016559721242364045,2025-12-08 13:47:58.697089,2025-12-08 13:48:00.161029,0 days 00:00:01.463940,0.0074114441931997475,0.5938658138751693,extensive,final,elastic,pca_hybrid,True,COMPLETE
150,-557.683011762737,2025-12-08 13:48:00.162534,2025-12-08 13:48:01.682204,0 days 00:00:01.519670,0.002778884405690847,0.05238069332771755,extensive,final,elastic,pca_hybrid,True,COMPLETE
151,-0.0016559721242364045,2025-12-08 13:48:01.682204,2025-12-08 13:48:03.113768,0 days 00:00:01.431564,0.004093987672131638,0.6571438926560221,extensive,final,elastic,pca_hybrid,True,COMPLETE
152,-0.0016559721242364045,2025-12-08 13:48:03.113768,2025-12-08 13:48:04.660884,0 days 00:00:01.547116,0.016947933432486895,0.6995809415243663,extensive,final,elastic,pca_hybrid,True,COMPLETE
153,-0.0016559721242364045,2025-12-08 13:48:04.660884,2025-12-08 13:48:06.102089,0 days 00:00:01.441205,0.0036035583609036565,0.6328315799179098,extensive,final,elastic,pca_hybrid,True,COMPLETE
154,-0.0016559721242364045,2025-12-08 13:48:06.103088,2025-12-08 13:48:08.064708,0 days 00:00:01.961620,0.0058749521858709255,0.29946661431215504,extensive,final,elastic,pca_hybrid,True,COMPLETE
155,-0.0016559721242364045,2025-12-08 13:48:08.064708,2025-12-08 13:48:09.733003,0 days 00:00:01.668295,0.034504176006380186,0.7245161274641911,extensive,final,elastic,pca_hybrid,True,COMPLETE
156,-0.0016559721242364045,2025-12-08 13:48:09.733003,2025-12-08 13:48:11.145171,0 days 00:00:01.412168,0.002719719834277757,0.4622501999477271,extensive,final,elastic,pca_hybrid,True,COMPLETE
157,-0.0016559721242364045,2025-12-08 13:48:11.145171,2025-12-08 13:48:12.648751,0 days 00:00:01.503580,0.004542273787062178,0.6478667297805097,extensive,final,elastic,pca_hybrid,True,COMPLETE
158,-0.0016559721242364045,2025-12-08 13:48:12.648751,2025-12-08 13:48:14.141209,0 days 00:00:01.492458,0.008726426941631867,0.9468674012527579,extensive,final,elastic,pca_hybrid,True,COMPLETE
159,-0.0016559721242364045,2025-12-08 13:48:14.141209,2025-12-08 13:48:15.592593,0 days 00:00:01.451384,0.05128480114583921,0.5238968299165868,extensive,final,elastic,pca_hybrid,True,COMPLETE
160,-0.0016881727983633077,2025-12-08 13:48:15.593595,2025-12-08 13:48:17.064838,0 days 00:00:01.471243,0.0012313849212859614,0.6802651833570724,extensive,final,elastic,pca_hybrid,True,COMPLETE
161,-0.0016559721242364045,2025-12-08 13:48:17.064838,2025-12-08 13:48:18.579340,0 days 00:00:01.514502,0.007000452704458313,0.33884233196675007,extensive,final,elastic,pca_hybrid,True,COMPLETE
162,-2340.428347057971,2025-12-08 13:48:18.579340,2025-12-08 13:48:20.199220,0 days 00:00:01.619880,0.0008817135220995077,0.24548341529864148,extensive,final,elastic,pca_hybrid,True,COMPLETE
163,-0.0016559721242364045,2025-12-08 13:48:20.199220,2025-12-08 13:48:21.627099,0 days 00:00:01.427879,0.0052447442179929535,0.19975807156436218,extensive,final,elastic,pca_hybrid,True,COMPLETE
164,-0.0016559721242364045,2025-12-08 13:48:21.627099,2025-12-08 13:48:23.148974,0 days 00:00:01.521875,0.011998168147166463,0.3870556201779702,extensive,final,elastic,pca_hybrid,True,COMPLETE
165,-0.0016559721242364045,2025-12-08 13:48:23.148974,2025-12-08 13:48:24.930330,0 days 00:00:01.781356,0.008027581134386985,0.9064230978529795,extensive,final,elastic,pca_hybrid,True,COMPLETE
166,-0.0016559721242364045,2025-12-08 13:48:24.931571,2025-12-08 13:48:26.500934,0 days 00:00:01.569363,0.005608315634529446,0.48674575765753725,extensive,final,elastic,pca_hybrid,True,COMPLETE
167,-0.0016559721242364045,2025-12-08 13:48:26.500934,2025-12-08 13:48:27.966820,0 days 00:00:01.465886,0.009703683974390871,0.16250483363456059,extensive,final,elastic,pca_hybrid,True,COMPLETE
168,-0.0016559721242364045,2025-12-08 13:48:27.966820,2025-12-08 13:48:29.409480,0 days 00:00:01.442660,0.022523818410118718,0.9998258609982484,extensive,final,elastic,pca_hybrid,True,COMPLETE
169,-0.0016559721242364045,2025-12-08 13:48:29.409480,2025-12-08 13:48:30.834874,0 days 00:00:01.425394,0.0021586171298259745,0.8630777031455028,extensive,final,elastic,pca_hybrid,True,COMPLETE
170,-0.0016559721242364045,2025-12-08 13:48:30.835977,2025-12-08 13:48:32.332913,0 days 00:00:01.496936,0.0031072527136035396,0.5617125764885775,extensive,final,elastic,pca_hybrid,True,COMPLETE
171,-0.0016559721242364045,2025-12-08 13:48:32.333919,2025-12-08 13:48:33.813072,0 days 00:00:01.479153,0.029363933071903835,0.9636676272652667,extensive,final,elastic,pca_hybrid,True,COMPLETE
172,-0.0016559721242364045,2025-12-08 13:48:33.814079,2025-12-08 13:48:35.285736,0 days 00:00:01.471657,0.03877954667444044,0.9091592213982166,extensive,final,elastic,pca_hybrid,True,COMPLETE
173,-0.0016559721242364045,2025-12-08 13:48:35.285736,2025-12-08 13:48:36.815550,0 days 00:00:01.529814,0.08242517000750824,0.8836201782555769,extensive,final,elastic,pca_hybrid,True,COMPLETE
174,-0.0016559721242364045,2025-12-08 13:48:36.817556,2025-12-08 13:48:38.678165,0 days 00:00:01.860609,0.015489345204288572,0.44206457763374984,extensive,final,elastic,pca_hybrid,True,COMPLETE
175,-0.0016559721242364045,2025-12-08 13:48:38.678165,2025-12-08 13:48:40.197685,0 days 00:00:01.519520,0.004164136948638456,0.9382773926820106,extensive,final,elastic,pca_hybrid,True,COMPLETE
176,-0.0016559721242364045,2025-12-08 13:48:40.197685,2025-12-08 13:48:41.666432,0 days 00:00:01.468747,0.021485647120229392,0.2721754095191333,extensive,final,elastic,pca_hybrid,True,COMPLETE
177,-0.0016559721242364045,2025-12-08 13:48:41.666432,2025-12-08 13:48:43.128424,0 days 00:00:01.461992,0.006041912124354726,0.6063849565336163,extensive,final,elastic,pca_hybrid,True,COMPLETE
178,-0.0016559721242364045,2025-12-08 13:48:43.129746,2025-12-08 13:48:44.597427,0 days 00:00:01.467681,0.06590668372485214,0.07778031055988,extensive,final,elastic,pca_hybrid,True,COMPLETE
179,-2095.8513795601652,2025-12-08 13:48:44.597937,2025-12-08 13:48:46.279981,0 days 00:00:01.682044,0.0004618030566741699,0.41005781064273156,extensive,final,elastic,pca_hybrid,True,COMPLETE
180,-0.001977896909105844,2025-12-08 13:48:46.279981,2025-12-08 13:48:47.794982,0 days 00:00:01.515001,0.0006362934878509739,0.982448450857456,extensive,final,elastic,pca_hybrid,True,COMPLETE
181,-0.0016559721242364045,2025-12-08 13:48:47.795983,2025-12-08 13:48:49.233584,0 days 00:00:01.437601,0.03427194531521474,0.9641539124859974,extensive,final,elastic,pca_hybrid,True,COMPLETE
182,-0.0016559721242364045,2025-12-08 13:48:49.233584,2025-12-08 13:48:50.743462,0 days 00:00:01.509878,0.0280437005775255,0.920699443450142,extensive,final,elastic,pca_hybrid,True,COMPLETE
183,-0.0016559721242364045,2025-12-08 13:48:50.743462,2025-12-08 13:48:52.302717,0 days 00:00:01.559255,0.013605831138499027,0.36216142686249003,extensive,final,elastic,pca_hybrid,True,COMPLETE
184,-0.0016559721242364045,2025-12-08 13:48:52.303035,2025-12-08 13:48:53.796591,0 days 00:00:01.493556,0.04198423853726399,0.9400377807729962,extensive,final,elastic,pca_hybrid,True,COMPLETE
185,-0.0016559721242364045,2025-12-08 13:48:53.797107,2025-12-08 13:48:55.278974,0 days 00:00:01.481867,0.0171130479699785,0.5032041759408283,extensive,final,elastic,pca_hybrid,True,COMPLETE
186,-0.0016559721242364045,2025-12-08 13:48:55.279975,2025-12-08 13:48:56.818953,0 days 00:00:01.538978,0.0038515748846486664,0.307690587541675,extensive,final,elastic,pca_hybrid,True,COMPLETE
187,-0.0016559721242364045,2025-12-08 13:48:56.818953,2025-12-08 13:48:58.231958,0 days 00:00:01.413005,0.025079536926378806,0.7531990269563733,extensive,final,elastic,pca_hybrid,True,COMPLETE
188,-0.0016559721242364045,2025-12-08 13:48:58.231958,2025-12-08 13:48:59.718521,0 days 00:00:01.486563,0.00715816278407179,0.8945031702784645,extensive,final,elastic,pca_hybrid,True,COMPLETE
189,-0.0016559721242364045,2025-12-08 13:48:59.719596,2025-12-08 13:49:01.184850,0 days 00:00:01.465254,0.004834528310023896,0.9587795610577928,extensive,final,elastic,pca_hybrid,True,COMPLETE
190,-0.0016559721242364045,2025-12-08 13:49:01.184850,2025-12-08 13:49:02.930003,0 days 00:00:01.745153,0.010462989815670554,0.8110189046500985,extensive,final,elastic,pca_hybrid,True,COMPLETE
191,-0.0016559721242364045,2025-12-08 13:49:02.930967,2025-12-08 13:49:04.498225,0 days 00:00:01.567258,0.029935688572983035,0.7695881671752689,extensive,final,elastic,pca_hybrid,True,COMPLETE
192,-0.0016559721242364045,2025-12-08 13:49:04.499248,2025-12-08 13:49:06.046765,0 days 00:00:01.547517,0.020035004892257048,0.830824732438509,extensive,final,elastic,pca_hybrid,True,COMPLETE
193,-0.0016559721242364045,2025-12-08 13:49:06.046765,2025-12-08 13:49:07.666000,0 days 00:00:01.619235,0.018514863579982263,0.8662030139434082,extensive,final,elastic,pca_hybrid,True,COMPLETE
194,-15464.678350882787,2025-12-08 13:49:07.666999,2025-12-08 13:49:09.398253,0 days 00:00:01.731254,0.0009845042404368633,0.015703347082485625,extensive,final,elastic,pca_hybrid,True,COMPLETE
195,-0.0016559721242364045,2025-12-08 13:49:09.398253,2025-12-08 13:49:10.898024,0 days 00:00:01.499771,0.05317060548453186,0.7396748077000125,extensive,final,elastic,pca_hybrid,True,COMPLETE
196,-0.0016559721242364045,2025-12-08 13:49:10.898428,2025-12-08 13:49:12.363392,0 days 00:00:01.464964,0.013382835119522698,0.9163782593628483,extensive,final,elastic,pca_hybrid,True,COMPLETE
197,-0.0016559721242364045,2025-12-08 13:49:12.365105,2025-12-08 13:49:13.802478,0 days 00:00:01.437373,0.01671844448238168,0.9829157098237221,extensive,final,elastic,pca_hybrid,True,COMPLETE
198,-14967.886665904218,2025-12-08 13:49:13.802478,2025-12-08 13:49:15.263509,0 days 00:00:01.461031,3.089377754507359e-05,0.6638701109945253,extensive,final,elastic,pca_hybrid,True,COMPLETE
199,-0.0016559721242364045,2025-12-08 13:49:15.263509,2025-12-08 13:49:16.682185,0 days 00:00:01.418676,0.008083631223911421,0.5861115000540364,extensive,final,elastic,pca_hybrid,True,COMPLETE
200,-0.0016559721242364045,2025-12-08 13:49:16.683190,2025-12-08 13:49:18.168143,0 days 00:00:01.484953,0.021430459706756704,0.7085524993653805,extensive,final,elastic,pca_hybrid,True,COMPLETE
201,-0.0016559721242364045,2025-12-08 13:49:18.169143,2025-12-08 13:49:19.600610,0 days 00:00:01.431467,0.04837772532194936,0.17517069837941993,extensive,final,elastic,pca_hybrid,True,COMPLETE
202,-0.0016559721242364045,2025-12-08 13:49:19.601162,2025-12-08 13:49:21.068082,0 days 00:00:01.466920,0.033653535661969575,0.13844721177327557,extensive,final,elastic,pca_hybrid,True,COMPLETE
203,-0.001848613866821891,2025-12-08 13:49:21.069111,2025-12-08 13:49:22.631992,0 days 00:00:01.562881,0.0034042260042574627,0.2125292296233901,extensive,final,elastic,pca_hybrid,True,COMPLETE
204,-0.0016559721242364045,2025-12-08 13:49:22.633105,2025-12-08 13:49:25.103271,0 days 00:00:02.470166,0.03827042726970881,0.5427360626792752,extensive,final,elastic,pca_hybrid,True,COMPLETE
205,-0.0016559721242364045,2025-12-08 13:49:25.103271,2025-12-08 13:49:26.982174,0 days 00:00:01.878903,0.023919679666562346,0.04158235332188892,extensive,final,elastic,pca_hybrid,True,COMPLETE
206,-0.0016559721242364045,2025-12-08 13:49:26.983332,2025-12-08 13:49:28.930704,0 days 00:00:01.947372,0.09752097632810461,0.3390696049041084,extensive,final,elastic,pca_hybrid,True,COMPLETE
207,-0.0016559721242364045,2025-12-08 13:49:28.930704,2025-12-08 13:49:30.666849,0 days 00:00:01.736145,0.011458141571211633,0.10988075734704977,extensive,final,elastic,pca_hybrid,True,COMPLETE
208,-0.0016559721242364045,2025-12-08 13:49:30.667848,2025-12-08 13:49:32.552808,0 days 00:00:01.884960,0.067095741726617,0.8443164909524594,extensive,final,elastic,pca_hybrid,True,COMPLETE
209,-0.001831483283385375,2025-12-08 13:49:32.552808,2025-12-08 13:49:34.533735,0 days 00:00:01.980927,0.0007841485525931096,0.935998234909191,extensive,final,elastic,pca_hybrid,True,COMPLETE
210,-0.0016559721242364045,2025-12-08 13:49:34.533735,2025-12-08 13:49:36.909169,0 days 00:00:02.375434,0.0015391184121827937,0.6280917448969633,extensive,final,elastic,pca_hybrid,True,COMPLETE
211,-0.0016559721242364045,2025-12-08 13:49:36.909169,2025-12-08 13:49:39.857292,0 days 00:00:02.948123,0.0026368783547193048,0.6175135540334451,extensive,final,elastic,pca_hybrid,True,COMPLETE
212,-0.0016559721242364045,2025-12-08 13:49:39.859080,2025-12-08 13:49:41.969540,0 days 00:00:02.110460,0.00399721875836909,0.5890910064897107,extensive,final,elastic,pca_hybrid,True,COMPLETE
213,-0.0016559721242364045,2025-12-08 13:49:41.973541,2025-12-08 13:49:43.619662,0 days 00:00:01.646121,0.003143459115813772,0.5571057716790931,extensive,final,elastic,pca_hybrid,True,COMPLETE
214,-0.0016559721242364045,2025-12-08 13:49:43.619662,2025-12-08 13:49:45.349288,0 days 00:00:01.729626,0.0020464804191147974,0.8858215668763717,extensive,final,elastic,pca_hybrid,True,COMPLETE
215,-251.34760597065113,2025-12-08 13:49:45.349807,2025-12-08 13:49:47.067858,0 days 00:00:01.718051,0.00457986261663435,0.08126594015833527,extensive,final,elastic,pca_hybrid,True,COMPLETE
216,-0.0016559721242364045,2025-12-08 13:49:47.068858,2025-12-08 13:49:49.120192,0 days 00:00:02.051334,0.006332157919850263,0.5754611469862145,extensive,final,elastic,pca_hybrid,True,COMPLETE
217,-0.0016559721242364045,2025-12-08 13:49:49.121194,2025-12-08 13:49:51.333666,0 days 00:00:02.212472,0.0023558660999128604,0.6433312339691653,extensive,final,elastic,pca_hybrid,True,COMPLETE
218,-0.0016559721242364045,2025-12-08 13:49:51.334359,2025-12-08 13:49:53.573543,0 days 00:00:02.239184,0.026646144639562178,0.16110094623232366,extensive,final,elastic,pca_hybrid,True,COMPLETE
219,-0.0016559721242364045,2025-12-08 13:49:53.574541,2025-12-08 13:49:56.031397,0 days 00:00:02.456856,0.015211293561022863,0.7906642228330374,extensive,final,elastic,pca_hybrid,True,COMPLETE
220,-1048.4962529411753,2025-12-08 13:49:56.032907,2025-12-08 13:49:58.299427,0 days 00:00:02.266520,0.0011697087293854507,0.2527172590749402,extensive,final,elastic,pca_hybrid,True,COMPLETE
221,-0.0016559721242364045,2025-12-08 13:49:58.300613,2025-12-08 13:50:00.103808,0 days 00:00:01.803195,0.008718666947693497,0.4681928961071257,extensive,final,elastic,pca_hybrid,True,COMPLETE
222,-0.0016559721242364045,2025-12-08 13:50:00.104802,2025-12-08 13:50:01.734231,0 days 00:00:01.629429,0.005453428138498091,0.9988071923151814,extensive,final,elastic,pca_hybrid,True,COMPLETE
223,-0.0016559721242364045,2025-12-08 13:50:01.735371,2025-12-08 13:50:03.350134,0 days 00:00:01.614763,0.004687487525732486,0.41871052590526364,extensive,final,elastic,pca_hybrid,True,COMPLETE
224,-0.0016559721242364045,2025-12-08 13:50:03.351006,2025-12-08 13:50:05.019122,0 days 00:00:01.668116,0.003761091157988389,0.4388901202514249,extensive,final,elastic,pca_hybrid,True,COMPLETE
225,-0.0016559721242364045,2025-12-08 13:50:05.019122,2025-12-08 13:50:06.618827,0 days 00:00:01.599705,0.006973246717862355,0.45829925934519233,extensive,final,elastic,pca_hybrid,True,COMPLETE
226,-0.0016559721242364045,2025-12-08 13:50:06.619826,2025-12-08 13:50:08.170543,0 days 00:00:01.550717,0.010594294951688397,0.5126261929258504,extensive,final,elastic,pca_hybrid,True,COMPLETE
227,-0.0016559721242364045,2025-12-08 13:50:08.171086,2025-12-08 13:50:09.750668,0 days 00:00:01.579582,0.002824216573794234,0.3800075532393855,extensive,final,elastic,pca_hybrid,True,COMPLETE
228,-0.0016559721242364045,2025-12-08 13:50:09.752007,2025-12-08 13:50:11.474118,0 days 00:00:01.722111,0.012606564462939758,0.9531719500325707,extensive,final,elastic,pca_hybrid,True,COMPLETE
229,-0.0016559721242364045,2025-12-08 13:50:11.474118,2025-12-08 13:50:13.120434,0 days 00:00:01.646316,0.04506623830089385,0.9736889721965492,extensive,final,elastic,pca_hybrid,True,COMPLETE
230,-0.0016559721242364045,2025-12-08 13:50:13.121437,2025-12-08 13:50:14.806514,0 days 00:00:01.685077,0.009033140445048913,0.601673628516995,extensive,final,elastic,pca_hybrid,True,COMPLETE
231,-0.0016559721242364045,2025-12-08 13:50:14.806514,2025-12-08 13:50:16.416045,0 days 00:00:01.609531,0.03870495997619402,0.7323285715757618,extensive,final,elastic,pca_hybrid,True,COMPLETE
232,-0.0016559721242364045,2025-12-08 13:50:16.416045,2025-12-08 13:50:18.500501,0 days 00:00:02.084456,0.029540907223013554,0.7542627522053856,extensive,final,elastic,pca_hybrid,True,COMPLETE
233,-0.0016559721242364045,2025-12-08 13:50:18.500501,2025-12-08 13:50:20.307433,0 days 00:00:01.806932,0.04749476972723667,0.7215926132434369,extensive,final,elastic,pca_hybrid,True,COMPLETE
234,-0.0016559721242364045,2025-12-08 13:50:20.307433,2025-12-08 13:50:22.119105,0 days 00:00:01.811672,0.07592414463345305,0.788501343509814,extensive,final,elastic,pca_hybrid,True,COMPLETE
235,-0.0016559721242364045,2025-12-08 13:50:22.120221,2025-12-08 13:50:23.900860,0 days 00:00:01.780639,0.005292092492727261,0.7667285848496506,extensive,final,elastic,pca_hybrid,True,COMPLETE
236,-0.0016559721242364045,2025-12-08 13:50:23.900860,2025-12-08 13:50:25.739439,0 days 00:00:01.838579,0.02687110360083181,0.9071922427188376,extensive,final,elastic,pca_hybrid,True,COMPLETE
237,-0.0016559721242364045,2025-12-08 13:50:25.739439,2025-12-08 13:50:27.450910,0 days 00:00:01.711471,0.05375724373909294,0.6964780148771338,extensive,final,elastic,pca_hybrid,True,COMPLETE
238,-0.0016559721242364045,2025-12-08 13:50:27.452432,2025-12-08 13:50:29.173163,0 days 00:00:01.720731,0.018973146474445417,0.48289103288922913,extensive,final,elastic,pca_hybrid,True,COMPLETE
239,-0.0019731025335497274,2025-12-08 13:50:29.174164,2025-12-08 13:50:30.876828,0 days 00:00:01.702664,0.0009563036782459492,0.6887311287886954,extensive,final,elastic,pca_hybrid,True,COMPLETE
240,-0.0016559721242364045,2025-12-08 13:50:30.876828,2025-12-08 13:50:32.555703,0 days 00:00:01.678875,0.0645696865687414,0.6660386092612811,extensive,final,elastic,pca_hybrid,True,COMPLETE
241,-0.0016559721242364045,2025-12-08 13:50:32.555703,2025-12-08 13:50:34.257853,0 days 00:00:01.702150,0.07646798405440536,0.807428195105899,extensive,final,elastic,pca_hybrid,True,COMPLETE
242,-0.0016559721242364045,2025-12-08 13:50:34.257853,2025-12-08 13:50:35.971043,0 days 00:00:01.713190,0.08081243033826312,0.7806823519914964,extensive,final,elastic,pca_hybrid,True,COMPLETE
243,-0.0016559721242364045,2025-12-08 13:50:35.971043,2025-12-08 13:50:37.756890,0 days 00:00:01.785847,0.09239189872358206,0.7432237969332621,extensive,final,elastic,pca_hybrid,True,COMPLETE
244,-0.0016559721242364045,2025-12-08 13:50:37.756890,2025-12-08 13:50:39.937276,0 days 00:00:02.180386,0.057271904250284014,0.8725915111962779,extensive,final,elastic,pca_hybrid,True,COMPLETE
245,-0.0016559721242364045,2025-12-08 13:50:39.937276,2025-12-08 13:50:41.771145,0 days 00:00:01.833869,0.00359925656173636,0.824224601522254,extensive,final,elastic,pca_hybrid,True,COMPLETE
246,-0.0016559721242364045,2025-12-08 13:50:41.772145,2025-12-08 13:50:43.387553,0 days 00:00:01.615408,0.09787567067250796,0.06457776977920257,extensive,final,elastic,pca_hybrid,True,COMPLETE
247,-0.0016559721242364045,2025-12-08 13:50:43.387553,2025-12-08 13:50:45.154094,0 days 00:00:01.766541,0.0063652950854338666,0.9312020389583591,extensive,final,elastic,pca_hybrid,True,COMPLETE
248,-0.0016559721242364045,2025-12-08 13:50:45.154094,2025-12-08 13:50:47.386803,0 days 00:00:02.232709,0.03309792711528698,0.7741526552192171,extensive,final,elastic,pca_hybrid,True,COMPLETE
249,-0.0016559721242364045,2025-12-08 13:50:47.386803,2025-12-08 13:50:49.470963,0 days 00:00:02.084160,0.0044938409022805825,0.8577477581183335,extensive,final,elastic,pca_hybrid,True,COMPLETE
250,-0.0016559721242364045,2025-12-08 13:50:49.470963,2025-12-08 13:50:51.421731,0 days 00:00:01.950768,0.022221059585332995,0.5381378787850756,extensive,final,elastic,pca_hybrid,True,COMPLETE
251,-344.0815195845358,2025-12-08 13:50:51.421731,2025-12-08 13:50:53.337903,0 days 00:00:01.916172,0.0031457151782741254,0.11435531952281941,extensive,final,elastic,pca_hybrid,True,COMPLETE
252,-0.0016559721242364045,2025-12-08 13:50:53.337903,2025-12-08 13:50:54.988150,0 days 00:00:01.650247,0.014708287081238678,0.8884523269418149,extensive,final,elastic,pca_hybrid,True,COMPLETE
253,-0.0016559721242364045,2025-12-08 13:50:54.988150,2025-12-08 13:50:56.788204,0 days 00:00:01.800054,0.04174428105434162,0.4227886377499577,extensive,final,elastic,pca_hybrid,True,COMPLETE
254,-0.0016559721242364045,2025-12-08 13:50:56.788204,2025-12-08 13:50:58.558204,0 days 00:00:01.770000,0.007279430370127073,0.45204179402080474,extensive,final,elastic,pca_hybrid,True,COMPLETE
255,-0.0016559721242364045,2025-12-08 13:50:58.558204,2025-12-08 13:51:00.387485,0 days 00:00:01.829281,0.02404884527523315,0.9222409421894358,extensive,final,elastic,pca_hybrid,True,COMPLETE
256,-42.879735937437225,2025-12-08 13:51:00.388374,2025-12-08 13:51:02.321421,0 days 00:00:01.933047,0.0007248208523060666,0.5698762164613775,extensive,final,elastic,pca_hybrid,True,COMPLETE
257,-0.0016559721242364045,2025-12-08 13:51:02.322422,2025-12-08 13:51:04.136669,0 days 00:00:01.814247,0.010080517164964026,0.3189595988955426,extensive,final,elastic,pca_hybrid,True,COMPLETE
258,-1298.5241418080018,2025-12-08 13:51:04.137668,2025-12-08 13:51:05.804731,0 days 00:00:01.667063,0.005543376989937081,0.03059975341243375,extensive,final,elastic,pca_hybrid,True,COMPLETE
259,-0.0016559721242364045,2025-12-08 13:51:05.805310,2025-12-08 13:51:07.559163,0 days 00:00:01.753853,0.06448884500243916,0.9541074035151124,extensive,final,elastic,pca_hybrid,True,COMPLETE
260,-0.0016559721242364045,2025-12-08 13:51:07.559163,2025-12-08 13:51:09.905539,0 days 00:00:02.346376,0.0017863655238734865,0.632581599212039,extensive,final,elastic,pca_hybrid,True,COMPLETE
261,-0.0016559721242364045,2025-12-08 13:51:09.905539,2025-12-08 13:51:11.739411,0 days 00:00:01.833872,0.031734596780752515,0.752806819581037,extensive,final,elastic,pca_hybrid,True,COMPLETE
262,-0.0016559721242364045,2025-12-08 13:51:11.739411,2025-12-08 13:51:13.355363,0 days 00:00:01.615952,0.004188011806455584,0.2806810719332873,extensive,final,elastic,pca_hybrid,True,COMPLETE
263,-17941.258596221134,2025-12-08 13:51:13.355363,2025-12-08 13:51:15.074363,0 days 00:00:01.719000,0.001326878749268536,0.001693451004640481,extensive,final,elastic,pca_hybrid,True,COMPLETE
264,-0.0016559721242364045,2025-12-08 13:51:15.075454,2025-12-08 13:51:16.707268,0 days 00:00:01.631814,0.012536639721926467,0.21290261695441035,extensive,final,elastic,pca_hybrid,True,COMPLETE
265,-130.3928039707071,2025-12-08 13:51:16.708269,2025-12-08 13:51:18.574815,0 days 00:00:01.866546,0.002593926240627797,0.1514733660251057,extensive,final,elastic,pca_hybrid,True,COMPLETE
266,-0.0016559721242364045,2025-12-08 13:51:18.575844,2025-12-08 13:51:20.337375,0 days 00:00:01.761531,0.017223046457191346,0.8033038691354275,extensive,final,elastic,pca_hybrid,True,COMPLETE
267,-0.0016559721242364045,2025-12-08 13:51:20.338723,2025-12-08 13:51:22.055484,0 days 00:00:01.716761,0.05784996238106229,0.0893586976488313,extensive,final,elastic,pca_hybrid,True,COMPLETE
268,-0.0016559721242364045,2025-12-08 13:51:22.055484,2025-12-08 13:51:23.689886,0 days 00:00:01.634402,0.003696901434997769,0.9004245381391759,extensive,final,elastic,pca_hybrid,True,COMPLETE
269,-0.0016559721242364045,2025-12-08 13:51:23.689886,2025-12-08 13:51:25.239684,0 days 00:00:01.549798,0.036796600607076554,0.40406263864759207,extensive,final,elastic,pca_hybrid,True,COMPLETE
270,-0.0016559721242364045,2025-12-08 13:51:25.239684,2025-12-08 13:51:27.390089,0 days 00:00:02.150405,0.02047745369056706,0.6135047823808853,extensive,final,elastic,pca_hybrid,True,COMPLETE
271,-0.0016559721242364045,2025-12-08 13:51:27.390089,2025-12-08 13:51:29.109390,0 days 00:00:01.719301,0.008083409382298524,0.7238249194286239,extensive,final,elastic,pca_hybrid,True,COMPLETE
272,-0.0016559721242364045,2025-12-08 13:51:29.110280,2025-12-08 13:51:30.739824,0 days 00:00:01.629544,0.005109206462661792,0.967492279139809,extensive,final,elastic,pca_hybrid,True,COMPLETE
273,-0.0016559721242364045,2025-12-08 13:51:30.740828,2025-12-08 13:51:32.390122,0 days 00:00:01.649294,0.0032240525170620124,0.9870014193208051,extensive,final,elastic,pca_hybrid,True,COMPLETE
274,-0.0016559721242364045,2025-12-08 13:51:32.390122,2025-12-08 13:51:33.945973,0 days 00:00:01.555851,0.0064231439267443055,0.6524781460390344,extensive,final,elastic,pca_hybrid,True,COMPLETE
275,-0.0016559721242364045,2025-12-08 13:51:33.945973,2025-12-08 13:51:35.575354,0 days 00:00:01.629381,0.07576294501790107,0.934936218103691,extensive,final,elastic,pca_hybrid,True,COMPLETE
276,-0.001763664749429313,2025-12-08 13:51:35.576470,2025-12-08 13:51:37.192670,0 days 00:00:01.616200,0.0008569740974496235,0.9075415331294009,extensive,final,elastic,pca_hybrid,True,COMPLETE
277,-0.0016559721242364045,2025-12-08 13:51:37.192670,2025-12-08 13:51:38.873054,0 days 00:00:01.680384,0.04688268293367679,0.43802316556467985,extensive,final,elastic,pca_hybrid,True,COMPLETE
278,-230.55032481134705,2025-12-08 13:51:38.874314,2025-12-08 13:51:40.609375,0 days 00:00:01.735061,0.0010625765613713005,0.12600132012446735,extensive,final,elastic,pca_hybrid,True,COMPLETE
279,-13.633382550152902,2025-12-08 13:51:40.609704,2025-12-08 13:51:42.744539,0 days 00:00:02.134835,0.009165411436956178,0.046382318323105756,extensive,final,elastic,pca_hybrid,True,COMPLETE
280,-0.0016559721242364045,2025-12-08 13:51:42.744539,2025-12-08 13:51:44.695835,0 days 00:00:01.951296,0.02629604838309556,0.5161982416622919,extensive,final,elastic,pca_hybrid,True,COMPLETE
281,-0.0016559721242364045,2025-12-08 13:51:44.695835,2025-12-08 13:51:46.323845,0 days 00:00:01.628010,0.08500740267895705,0.18090032104687326,extensive,final,elastic,pca_hybrid,True,COMPLETE
282,-0.0016559721242364045,2025-12-08 13:51:46.323845,2025-12-08 13:51:47.941300,0 days 00:00:01.617455,0.004554745233351842,0.555820289681495,extensive,final,elastic,pca_hybrid,True,COMPLETE
283,-0.0016559721242364045,2025-12-08 13:51:47.941300,2025-12-08 13:51:49.392437,0 days 00:00:01.451137,0.011643476584199864,0.6777201377987387,extensive,final,elastic,pca_hybrid,True,COMPLETE
284,-0.0016559721242364045,2025-12-08 13:51:49.392437,2025-12-08 13:51:50.997930,0 days 00:00:01.605493,0.0022549963607624173,0.7609622112993919,extensive,final,elastic,pca_hybrid,True,COMPLETE
285,-0.0016559721242364045,2025-12-08 13:51:50.998911,2025-12-08 13:51:52.579065,0 days 00:00:01.580154,0.016284699490908293,0.48894229182482934,extensive,final,elastic,pca_hybrid,True,COMPLETE
286,-0.0016559721242364045,2025-12-08 13:51:52.580067,2025-12-08 13:51:54.291211,0 days 00:00:01.711144,0.033520235244490694,0.9999168032434108,extensive,final,elastic,pca_hybrid,True,COMPLETE
287,-0.0016559721242364045,2025-12-08 13:51:54.291211,2025-12-08 13:51:55.941764,0 days 00:00:01.650553,0.0057184366259165394,0.2311070072847128,extensive,final,elastic,pca_hybrid,True,COMPLETE
288,-0.0016559721242364045,2025-12-08 13:51:55.942804,2025-12-08 13:51:57.524105,0 days 00:00:01.581301,0.02357049764226605,0.5920881580904811,extensive,final,elastic,pca_hybrid,True,COMPLETE
289,-0.0016559721242364045,2025-12-08 13:51:57.524105,2025-12-08 13:51:59.108584,0 days 00:00:01.584479,0.0038344365338243134,0.8295928426175518,extensive,final,elastic,pca_hybrid,True,COMPLETE
290,-0.0016559721242364045,2025-12-08 13:51:59.109583,2025-12-08 13:52:00.626362,0 days 00:00:01.516779,0.014058183122853667,0.7389550948594056,extensive,final,elastic,pca_hybrid,True,COMPLETE
291,-0.004465925637639516,2025-12-08 13:52:00.627362,2025-12-08 13:52:02.176388,0 days 00:00:01.549026,0.0005834794812053018,0.9254979935617228,extensive,final,elastic,pca_hybrid,True,COMPLETE
292,-0.0016559721242364045,2025-12-08 13:52:02.177246,2025-12-08 13:52:03.727076,0 days 00:00:01.549830,0.05230343118798881,0.8789623751373826,extensive,final,elastic,pca_hybrid,True,COMPLETE
293,-0.0016559721242364045,2025-12-08 13:52:03.728118,2025-12-08 13:52:05.242017,0 days 00:00:01.513899,0.008134129784827629,0.7904276327551769,extensive,final,elastic,pca_hybrid,True,COMPLETE
294,-0.0016559721242364045,2025-12-08 13:52:05.242017,2025-12-08 13:52:06.841844,0 days 00:00:01.599827,0.0028525542376959434,0.9474401093086647,extensive,final,elastic,pca_hybrid,True,COMPLETE
295,-0.0016559721242364045,2025-12-08 13:52:06.841844,2025-12-08 13:52:08.458652,0 days 00:00:01.616808,0.09936124270566485,0.36333621826014895,extensive,final,elastic,pca_hybrid,True,COMPLETE
296,-0.0016559721242364045,2025-12-08 13:52:08.458652,2025-12-08 13:52:10.242462,0 days 00:00:01.783810,0.010031673756660897,0.8524730373360364,extensive,final,elastic,pca_hybrid,True,COMPLETE
297,-0.0016559721242364045,2025-12-08 13:52:10.242462,2025-12-08 13:52:11.862743,0 days 00:00:01.620281,0.02935669727734328,0.5405687225461983,extensive,final,elastic,pca_hybrid,True,COMPLETE
298,-0.0016559721242364045,2025-12-08 13:52:11.862743,2025-12-08 13:52:13.458504,0 days 00:00:01.595761,0.04192983408342207,0.7127126576505487,extensive,final,elastic,pca_hybrid,True,COMPLETE
299,-0.0016559721242364045,2025-12-08 13:52:13.458504,2025-12-08 13:52:14.975932,0 days 00:00:01.517428,0.01961007567519721,0.9694908127347707,extensive,final,elastic,pca_hybrid,True,COMPLETE
