number,value,datetime_start,datetime_complete,duration,params_lgbm_colsample_bytree,params_lgbm_learning_rate,params_lgbm_max_depth,params_lgbm_min_child_samples,params_lgbm_n_estimators,params_lgbm_num_leaves,params_lgbm_reg_alpha,params_lgbm_reg_lambda,params_lgbm_subsample,user_attrs_feat_level,user_attrs_label,user_attrs_model_type,user_attrs_pca_mode,user_attrs_use_PCA,state
0,-0.0023855694731637436,2025-12-08 13:59:57.301307,2025-12-08 14:00:01.068252,0 days 00:00:03.766945,0.55379223463738,0.018633849622908816,7,68,3991,71,0.971360477882588,0.13100484620524588,0.7450136582929829,extensive,final,lgbm,pca_only,True,COMPLETE
1,-0.0037068013606714376,2025-12-08 14:00:01.069253,2025-12-08 14:00:04.251416,0 days 00:00:03.182163,0.9301780836510403,0.03345309171368315,12,71,1055,106,0.6321331160903815,1.1492071020262122,0.850837908707073,extensive,final,lgbm,pca_only,True,COMPLETE
2,-0.0016559720935109083,2025-12-08 14:00:04.251416,2025-12-08 14:00:07.469218,0 days 00:00:03.217802,0.5511446482702094,0.006805667222662842,3,40,2740,80,4.682363330874883,0.2922205455136748,0.8871152667198151,extensive,final,lgbm,pca_only,True,COMPLETE
3,-0.0016559720935109083,2025-12-08 14:00:07.469218,2025-12-08 14:00:10.573456,0 days 00:00:03.104238,0.7972714699313832,0.0433763895872593,6,12,883,124,1.247441195675032,16.82809869291056,0.6971370510740359,extensive,final,lgbm,pca_only,True,COMPLETE
4,-0.0016559720935109083,2025-12-08 14:00:10.573456,2025-12-08 14:00:13.800593,0 days 00:00:03.227137,0.6513486806430417,0.05429994586576643,10,90,3872,99,1.8855990653392818,1.1440830999900626,0.8092015617592843,extensive,final,lgbm,pca_only,True,COMPLETE
5,-0.0017182028671814582,2025-12-08 14:00:13.801595,2025-12-08 14:00:16.786684,0 days 00:00:02.985089,0.7772467375497982,0.016920948972325822,7,21,1082,90,1.1751536186695106,1.2861395515723684,0.612895902919891,extensive,final,lgbm,pca_only,True,COMPLETE
6,-0.0016559720935109083,2025-12-08 14:00:16.787710,2025-12-08 14:00:18.721783,0 days 00:00:01.934073,0.7937028075883321,0.08835457208728117,5,50,3135,118,3.959795647743429,2.0987483080474285,0.8921448102946459,extensive,final,lgbm,pca_only,True,COMPLETE
7,-0.0016559720935109083,2025-12-08 14:00:18.721783,2025-12-08 14:00:20.485948,0 days 00:00:01.764165,0.5332146759036273,0.034327283216659156,5,88,770,69,3.1934332359094544,0.12962813377119456,0.9663269829402029,extensive,final,lgbm,pca_only,True,COMPLETE
8,-0.003813881630776006,2025-12-08 14:00:20.485948,2025-12-08 14:00:23.102591,0 days 00:00:02.616643,0.7874424917522677,0.011319945088216992,9,10,405,71,0.2801992761922967,1.7236844082028189,0.7409560317362958,extensive,final,lgbm,pca_only,True,COMPLETE
9,-0.0016559720935109083,2025-12-08 14:00:23.103843,2025-12-08 14:00:24.969694,0 days 00:00:01.865851,0.9527686363797776,0.012275436144615792,5,77,868,76,1.786785958559105,2.0387769401307168,0.6472997067295365,extensive,final,lgbm,pca_only,True,COMPLETE
10,-0.0016559720935109083,2025-12-08 14:00:24.969694,2025-12-08 14:00:26.786378,0 days 00:00:01.816684,0.6533089128280031,0.005931129982108475,3,39,2097,86,4.950897171784973,0.33456206497510294,0.963447769632299,extensive,final,lgbm,pca_only,True,COMPLETE
11,-0.0016559720935109083,2025-12-08 14:00:26.787638,2025-12-08 14:00:28.686306,0 days 00:00:01.898668,0.8813376010999843,0.005381195375510497,3,33,2112,123,2.573809475108038,19.687041725637354,0.5242720184933417,extensive,final,lgbm,pca_only,True,COMPLETE
12,-0.0016559720935109083,2025-12-08 14:00:28.687469,2025-12-08 14:00:30.453985,0 days 00:00:01.766516,0.6746190245538516,0.03590927478998473,4,27,2121,110,4.589885892573632,17.59491623259199,0.6651258010990221,extensive,final,lgbm,pca_only,True,COMPLETE
13,-0.0016559720935109083,2025-12-08 14:00:30.455207,2025-12-08 14:00:32.376276,0 days 00:00:01.921069,0.8414752869270489,0.0681452481359059,6,48,2673,87,3.3023368869678924,6.371914935785378,0.7949782849415675,extensive,final,lgbm,pca_only,True,COMPLETE
14,-0.0016559720935109083,2025-12-08 14:00:32.376276,2025-12-08 14:00:34.137379,0 days 00:00:01.761103,0.7096925445637178,0.008605929088394516,9,14,1455,79,2.2370076197196074,0.38066054968902413,0.8765592462598958,extensive,final,lgbm,pca_only,True,COMPLETE
15,-0.0016559720935109083,2025-12-08 14:00:34.137379,2025-12-08 14:00:36.204598,0 days 00:00:02.067219,0.5956629423497963,0.024835703442784542,3,60,3167,128,3.993772085760991,5.638905877497293,0.6984577133660094,extensive,final,lgbm,pca_only,True,COMPLETE
16,-0.0016559720935109083,2025-12-08 14:00:36.204598,2025-12-08 14:00:38.109106,0 days 00:00:01.904508,0.725534500822428,0.05246047073203592,8,40,1603,98,1.4087901040881554,0.45370317616776573,0.5626922120577245,extensive,final,lgbm,pca_only,True,COMPLETE
17,-0.10886394889658561,2025-12-08 14:00:38.109631,2025-12-08 14:00:44.821020,0 days 00:00:06.711389,0.5948123027889716,0.008007147652822514,6,20,2773,64,0.10668683333550488,6.0010077494617144,0.9301143640749243,extensive,final,lgbm,pca_only,True,COMPLETE
18,-0.0016559720935109083,2025-12-08 14:00:44.821020,2025-12-08 14:00:46.580462,0 days 00:00:01.759442,0.8478901581185732,0.02447896628947888,4,30,298,112,2.768249867839935,0.2282552751649893,0.9973131083837534,extensive,final,lgbm,pca_only,True,COMPLETE
19,-0.0016559720935109083,2025-12-08 14:00:46.580462,2025-12-08 14:00:48.659465,0 days 00:00:02.079003,0.5185655249647122,0.013417687212751467,12,57,1563,81,4.03609883023513,0.6607965956714839,0.8010892942734733,extensive,final,lgbm,pca_only,True,COMPLETE
20,-0.0016559720935109083,2025-12-08 14:00:48.659973,2025-12-08 14:00:50.503374,0 days 00:00:01.843401,0.5868255622358602,0.04554120310075199,6,42,3519,93,3.1532074973353863,10.81679117534334,0.7020336918482056,extensive,final,lgbm,pca_only,True,COMPLETE
21,-0.0016559720935109083,2025-12-08 14:00:50.504265,2025-12-08 14:00:52.437702,0 days 00:00:01.933437,0.6467080693056447,0.0576044226921645,10,98,3926,100,1.8457599860717109,3.4228214616713366,0.815151497953335,extensive,final,lgbm,pca_only,True,COMPLETE
22,-0.0016559720935109083,2025-12-08 14:00:52.438974,2025-12-08 14:00:54.238256,0 days 00:00:01.799282,0.6802669547014635,0.07983084102941837,11,83,2523,105,1.998716580597617,0.7571867269503985,0.8374005511301144,extensive,final,lgbm,pca_only,True,COMPLETE
23,-0.0016559720935109083,2025-12-08 14:00:54.239298,2025-12-08 14:00:56.105238,0 days 00:00:01.865940,0.6305767228121016,0.04375833099143254,8,100,3489,119,1.4773683112384648,3.554355763570204,0.7731043990169011,extensive,final,lgbm,pca_only,True,COMPLETE
24,-0.0036190501987749535,2025-12-08 14:00:56.105238,2025-12-08 14:00:57.970336,0 days 00:00:01.865098,0.7278806242328922,0.028710107275578985,10,66,3593,84,0.735225245350839,0.8655286239124279,0.9046578853285743,extensive,final,lgbm,pca_only,True,COMPLETE
25,-0.0016559720935109083,2025-12-08 14:00:57.971463,2025-12-08 14:00:59.809184,0 days 00:00:01.837721,0.5654605403132672,0.06269312758729842,9,21,3032,94,2.4159266126881405,0.21209044475268427,0.7145528080437201,extensive,final,lgbm,pca_only,True,COMPLETE
26,-0.0016559720935109083,2025-12-08 14:00:59.809184,2025-12-08 14:01:01.593758,0 days 00:00:01.784574,0.6117698911665357,0.042874240423306335,4,92,2453,102,1.6099787243161083,0.5578673365516664,0.858487944628239,extensive,final,lgbm,pca_only,True,COMPLETE
27,-0.0016559720935109083,2025-12-08 14:01:01.593758,2025-12-08 14:01:03.305012,0 days 00:00:01.711254,0.8369021573513754,0.09895743646129104,11,51,1841,112,2.8704035874689975,3.071470696792533,0.7642495575708925,extensive,final,lgbm,pca_only,True,COMPLETE
28,-0.0016559720935109083,2025-12-08 14:01:03.305012,2025-12-08 14:01:05.021059,0 days 00:00:01.716047,0.7568243139367891,0.020387353999087157,7,75,2927,128,3.6772162718008623,0.19978438209744542,0.8251503935646248,extensive,final,lgbm,pca_only,True,COMPLETE
29,-0.0023041140597118335,2025-12-08 14:01:05.022019,2025-12-08 14:01:07.188564,0 days 00:00:02.166545,0.5548680929083241,0.01774710460079694,8,63,3789,78,0.7783258222246621,0.10338277558382665,0.6092307756905332,extensive,final,lgbm,pca_only,True,COMPLETE
30,-0.0016988109356315857,2025-12-08 14:01:07.189658,2025-12-08 14:01:09.006109,0 days 00:00:01.816451,0.5012943983315861,0.0734004768761813,10,35,2361,118,1.230845700145473,11.654258583967469,0.7428112646938186,extensive,final,lgbm,pca_only,True,COMPLETE
31,-0.0016559720935109083,2025-12-08 14:01:09.007134,2025-12-08 14:01:10.922140,0 days 00:00:01.915006,0.7972892341090752,0.0961817535422593,5,51,3286,121,4.553586849781879,2.3080576984015035,0.9039696619885974,extensive,final,lgbm,pca_only,True,COMPLETE
32,-0.0016559720935109083,2025-12-08 14:01:10.922140,2025-12-08 14:01:12.890244,0 days 00:00:01.968104,0.8963276753315207,0.049697467647033595,5,46,3285,116,4.471015710712411,1.2242684131208963,0.8805742237330894,extensive,final,lgbm,pca_only,True,COMPLETE
33,-0.0016559720935109083,2025-12-08 14:01:12.890244,2025-12-08 14:01:14.857378,0 days 00:00:01.967134,0.995565303995418,0.08482673225299299,6,71,3989,124,4.058010355954171,0.9166656414146696,0.9507501948410559,extensive,final,lgbm,pca_only,True,COMPLETE
34,-0.001882988881343417,2025-12-08 14:01:14.857378,2025-12-08 14:01:16.939277,0 days 00:00:02.081899,0.8070929920463583,0.03812607605713194,7,56,2957,109,1.0973092036871939,0.30768146276676583,0.9147742835270045,extensive,final,lgbm,pca_only,True,COMPLETE
35,-0.0016559720935109083,2025-12-08 14:01:16.940542,2025-12-08 14:01:19.076304,0 days 00:00:02.135762,0.7451488456859192,0.02987441813735821,4,26,3740,115,4.867544064375721,1.6910113270980252,0.8530017481956303,extensive,final,lgbm,pca_only,True,COMPLETE
36,-0.0016559720935109083,2025-12-08 14:01:19.076304,2025-12-08 14:01:21.021344,0 days 00:00:01.945040,0.69484661400254,0.057665712858625005,5,83,1152,74,2.1139820643034692,9.221591502428623,0.767470636753505,extensive,final,lgbm,pca_only,True,COMPLETE
37,-0.0016559720935109083,2025-12-08 14:01:21.022731,2025-12-08 14:01:22.693327,0 days 00:00:01.670596,0.7713468373551218,0.01587081967485931,7,15,700,90,3.6277946802927907,0.16774185760319002,0.8781263670667492,extensive,final,lgbm,pca_only,True,COMPLETE
38,-0.0016559720935109083,2025-12-08 14:01:22.694389,2025-12-08 14:01:24.556253,0 days 00:00:01.861864,0.8078186386465587,0.009292127505822267,3,10,3340,125,4.341337587206017,4.7134731369585525,0.6579878441766753,extensive,final,lgbm,pca_only,True,COMPLETE
39,-0.0016559720935109083,2025-12-08 14:01:24.557839,2025-12-08 14:01:26.189667,0 days 00:00:01.631828,0.887699825705889,0.06899969797405972,5,45,2657,105,4.7853096021274455,1.1463455921594297,0.9426787567599616,extensive,final,lgbm,pca_only,True,COMPLETE
40,-0.008760845881553495,2025-12-08 14:01:26.190740,2025-12-08 14:01:27.841299,0 days 00:00:01.650559,0.6707713451221083,0.08252296011597687,4,38,522,67,0.41736429712211187,2.507849681116845,0.9771591961939061,extensive,final,lgbm,pca_only,True,COMPLETE
41,-0.0016559720935109083,2025-12-08 14:01:27.841803,2025-12-08 14:01:30.023338,0 days 00:00:02.181535,0.5308955305968693,0.03162470672677968,6,86,1158,70,3.442614084839391,0.1228319749506741,0.9876463558510638,extensive,final,lgbm,pca_only,True,COMPLETE
42,-0.0016559720935109083,2025-12-08 14:01:30.023338,2025-12-08 14:01:31.838599,0 days 00:00:01.815261,0.5342326647847965,0.03912244333027882,5,87,889,71,4.247568663837724,0.15399828811173685,0.9283784248119773,extensive,final,lgbm,pca_only,True,COMPLETE
43,-0.0016559720935109083,2025-12-08 14:01:31.839602,2025-12-08 14:01:33.590377,0 days 00:00:01.750775,0.5715346496852911,0.007035021081955926,3,89,593,75,3.012188830640525,0.24979394102086175,0.9707168725215892,extensive,final,lgbm,pca_only,True,COMPLETE
44,-0.0016559720935109083,2025-12-08 14:01:33.591533,2025-12-08 14:01:35.390719,0 days 00:00:01.799186,0.6360227195799036,0.03592547200757041,4,78,2219,84,3.785938479632603,0.5219904456127052,0.7255107076314086,extensive,final,lgbm,pca_only,True,COMPLETE
45,-0.0016559720935109083,2025-12-08 14:01:35.390719,2025-12-08 14:01:37.078626,0 days 00:00:01.687907,0.8235311895046276,0.052793383750900785,6,94,1344,90,2.4141822311331445,0.3701396225215757,0.6861260346802932,extensive,final,lgbm,pca_only,True,COMPLETE
46,-0.0016559720935109083,2025-12-08 14:01:37.078626,2025-12-08 14:01:38.810251,0 days 00:00:01.731625,0.8648007912247785,0.06226556830877431,5,52,883,64,3.2596412428112727,15.107058320092444,0.6219338484917911,extensive,final,lgbm,pca_only,True,COMPLETE
47,-0.0016559720935109083,2025-12-08 14:01:38.810251,2025-12-08 14:01:40.690472,0 days 00:00:01.880221,0.5001725805960272,0.02544014398753115,7,61,1885,68,2.7573650217540426,1.593401385475783,0.8927609276674702,extensive,final,lgbm,pca_only,True,COMPLETE
48,-0.0016559720935109083,2025-12-08 14:01:40.692219,2025-12-08 14:01:42.593814,0 days 00:00:01.901595,0.7706970820424505,0.010452472794384738,3,68,1821,81,1.7683203688615534,0.14602729394805888,0.792688249740068,extensive,final,lgbm,pca_only,True,COMPLETE
49,-0.0016559720935109083,2025-12-08 14:01:42.593814,2025-12-08 14:01:44.222604,0 days 00:00:01.628790,0.6139853655482822,0.02119258888883881,8,26,230,96,3.876036169778697,8.232547126651399,0.8602603463111111,extensive,final,lgbm,pca_only,True,COMPLETE
50,-0.0016559720935109083,2025-12-08 14:01:44.224002,2025-12-08 14:01:46.022478,0 days 00:00:01.798476,0.5416231746095931,0.046180524743359694,9,96,3123,121,3.540935547910226,0.28379502154414094,0.949852982413023,extensive,final,lgbm,pca_only,True,COMPLETE
51,-0.0016559720935109083,2025-12-08 14:01:46.022478,2025-12-08 14:01:48.125286,0 days 00:00:02.102808,0.9612179338006853,0.0059396463342114144,6,77,844,75,1.2726912867826317,2.037074791317339,0.6413648106043374,extensive,final,lgbm,pca_only,True,COMPLETE
52,-0.0016559720935109083,2025-12-08 14:01:48.126294,2025-12-08 14:01:49.941823,0 days 00:00:01.815529,0.9234969567134608,0.00661891699436503,5,80,1291,73,1.6360598765120598,4.154355552847887,0.5825191311015588,extensive,final,lgbm,pca_only,True,COMPLETE
53,-0.0016559720935109083,2025-12-08 14:01:49.942830,2025-12-08 14:01:51.805367,0 days 00:00:01.862537,0.7108654508640841,0.013094745170074777,4,90,365,77,2.1810993940532035,0.42139648105022737,0.5204389438901997,extensive,final,lgbm,pca_only,True,COMPLETE
54,-0.002811801226480689,2025-12-08 14:01:51.806368,2025-12-08 14:01:53.657846,0 days 00:00:01.851478,0.9457612148103939,0.012345556376539233,12,73,739,86,0.9721666234184911,2.6218945592439575,0.6752030437315552,extensive,final,lgbm,pca_only,True,COMPLETE
55,-0.0016559720935109083,2025-12-08 14:01:53.657846,2025-12-08 14:01:55.524919,0 days 00:00:01.867073,0.5880377083839923,0.015958160128738855,6,82,2811,69,1.944571389016142,1.0737576589026108,0.838989409203519,extensive,final,lgbm,pca_only,True,COMPLETE
56,-0.0016559720935109083,2025-12-08 14:01:55.525466,2025-12-08 14:01:57.375426,0 days 00:00:01.849960,0.6657840081229425,0.024649237357990874,5,35,1690,66,1.430151626493663,1.431113605928136,0.7276602478683984,extensive,final,lgbm,pca_only,True,COMPLETE
57,-0.0016559720935109083,2025-12-08 14:01:57.375426,2025-12-08 14:01:59.141483,0 days 00:00:01.766057,0.8622932445052075,0.0052386825108493166,4,93,992,82,2.5802049762442048,1.9537431532401741,0.6557432599030457,extensive,final,lgbm,pca_only,True,COMPLETE
58,-0.0016559720935109083,2025-12-08 14:01:59.142032,2025-12-08 14:02:00.907109,0 days 00:00:01.765077,0.7411141583209075,0.008113676762257657,11,44,571,102,1.7047254460904302,0.6834245772071024,0.8020306766964462,extensive,final,lgbm,pca_only,True,COMPLETE
59,-0.0016559720935109083,2025-12-08 14:02:00.908113,2025-12-08 14:02:02.875159,0 days 00:00:01.967046,0.9112481946940295,0.03374989537249822,3,17,3467,126,4.250167526934378,0.10936029932288487,0.9999396106957434,extensive,final,lgbm,pca_only,True,COMPLETE
60,-0.0016559720935109083,2025-12-08 14:02:02.876122,2025-12-08 14:02:04.694016,0 days 00:00:01.817894,0.6162726617206118,0.010533429375082958,6,29,2608,72,4.78596949688102,0.17659051591118663,0.700863351358947,extensive,final,lgbm,pca_only,True,COMPLETE
61,-0.0016559720935109083,2025-12-08 14:02:04.695021,2025-12-08 14:02:06.539689,0 days 00:00:01.844668,0.6552891424851393,0.005822242617262655,3,40,2082,91,4.675291362241618,0.3643846041278922,0.9607838071123985,extensive,final,lgbm,pca_only,True,COMPLETE
62,-0.0016559720935109083,2025-12-08 14:02:06.540690,2025-12-08 14:02:08.357861,0 days 00:00:01.817171,0.6989657610004606,0.007293587621244715,3,32,3727,79,4.936435714414025,0.8474343454520396,0.918542173978711,extensive,final,lgbm,pca_only,True,COMPLETE
63,-0.0016559720935109083,2025-12-08 14:02:08.358367,2025-12-08 14:02:10.559234,0 days 00:00:02.200867,0.5707785286575912,0.008841395389202701,4,22,2404,86,4.102912792995363,0.525570096738954,0.6277384179170954,extensive,final,lgbm,pca_only,True,COMPLETE
64,-0.0016559720935109083,2025-12-08 14:02:10.559704,2025-12-08 14:02:12.441370,0 days 00:00:01.881666,0.7836831109975112,0.006520446978180969,4,48,2807,77,4.4551326411525904,7.259497863221717,0.5993104468112239,extensive,final,lgbm,pca_only,True,COMPLETE
65,-0.0016559720935109083,2025-12-08 14:02:12.442201,2025-12-08 14:02:14.292339,0 days 00:00:01.850138,0.5175363052728149,0.04996594741611813,5,100,2277,83,4.654516250051021,0.3064694127307536,0.8899746815824984,extensive,final,lgbm,pca_only,True,COMPLETE
66,-0.0016559720935109083,2025-12-08 14:02:14.292845,2025-12-08 14:02:16.009130,0 days 00:00:01.716285,0.9965534175997983,0.040979054393351214,8,54,1017,122,4.99973680767261,2.9011912863122298,0.5511903598391499,extensive,final,lgbm,pca_only,True,COMPLETE
67,-0.0016559720935109083,2025-12-08 14:02:16.009130,2025-12-08 14:02:17.910363,0 days 00:00:01.901233,0.5519728047527963,0.09114186022355847,4,37,2047,88,1.918723028284514,4.635579911610113,0.9383329332549124,extensive,final,lgbm,pca_only,True,COMPLETE
68,-0.0023093448576139153,2025-12-08 14:02:17.910363,2025-12-08 14:02:19.745778,0 days 00:00:01.835415,0.6017583266729536,0.07329107383669192,5,42,1517,108,0.9585345539880292,0.2377346483667664,0.7514985828247848,extensive,final,lgbm,pca_only,True,COMPLETE
69,-0.0016559720935109083,2025-12-08 14:02:19.745778,2025-12-08 14:02:21.410346,0 days 00:00:01.664568,0.82902068157687,0.027521305343567923,3,65,477,114,1.5708884375645304,0.19985710145748997,0.8257459438644797,extensive,final,lgbm,pca_only,True,COMPLETE
70,-0.003300563009214663,2025-12-08 14:02:21.410346,2025-12-08 14:02:23.506724,0 days 00:00:02.096378,0.6866462671186877,0.018977931391369985,10,84,3614,118,0.5599449800977789,17.58152351953664,0.9621108147042361,extensive,final,lgbm,pca_only,True,COMPLETE
71,-0.0016559720935109083,2025-12-08 14:02:23.506724,2025-12-08 14:02:25.326376,0 days 00:00:01.819652,0.7572257709885355,0.006192197923839577,3,59,1385,128,2.55925303307239,12.436770106460912,0.8716339104628182,extensive,final,lgbm,pca_only,True,COMPLETE
72,-0.0016559720935109083,2025-12-08 14:02:25.327099,2025-12-08 14:02:27.298616,0 days 00:00:01.971517,0.9758348312307339,0.005092140697645517,4,47,3152,121,2.335091451858646,14.766798668156955,0.5634123465624429,extensive,final,lgbm,pca_only,True,COMPLETE
73,-0.0016559720935109083,2025-12-08 14:02:27.298616,2025-12-08 14:02:29.096179,0 days 00:00:01.797563,0.8916986381962924,0.007378903095108754,9,35,2531,124,3.065001110637255,19.86233226122816,0.7839839280970882,extensive,final,lgbm,pca_only,True,COMPLETE
74,-0.0016559720935109083,2025-12-08 14:02:29.097179,2025-12-08 14:02:30.727249,0 days 00:00:01.630070,0.8732711141289333,0.00552159391310666,3,24,692,112,2.1683139676803735,10.656020991432344,0.5037682098591939,extensive,final,lgbm,pca_only,True,COMPLETE
75,-0.0016559720935109083,2025-12-08 14:02:30.727249,2025-12-08 14:02:32.794474,0 days 00:00:02.067225,0.8473874293581287,0.05884762562345949,7,32,1226,80,2.702615157747998,14.408091050976873,0.9075829199425478,extensive,final,lgbm,pca_only,True,COMPLETE
76,-0.0016559720935109083,2025-12-08 14:02:32.794474,2025-12-08 14:02:34.611072,0 days 00:00:01.816598,0.8093838424455515,0.014531827575676507,6,10,2924,94,2.0383991032937407,0.12762822262059345,0.9291920068328027,extensive,final,lgbm,pca_only,True,COMPLETE
77,-0.0016559720935109083,2025-12-08 14:02:34.612076,2025-12-08 14:02:36.441281,0 days 00:00:01.829205,0.9341555100958517,0.0056141746332834435,3,42,1980,97,2.8817841990055535,0.6046037130598246,0.8158016584166013,extensive,final,lgbm,pca_only,True,COMPLETE
78,-0.0016559720935109083,2025-12-08 14:02:36.442784,2025-12-08 14:02:38.561096,0 days 00:00:02.118312,0.5160488112553577,0.00942379347639072,5,50,3385,123,3.391619713825039,3.870047906169408,0.977119786465262,extensive,final,lgbm,pca_only,True,COMPLETE
79,-0.0016559720935109083,2025-12-08 14:02:38.561096,2025-12-08 14:02:40.613822,0 days 00:00:02.052726,0.7341778912256876,0.00796027149855988,4,88,3847,119,1.2609367415417456,1.0175186933675033,0.6906442947083699,extensive,final,lgbm,pca_only,True,COMPLETE
80,-0.7009925657051248,2025-12-08 14:02:40.614826,2025-12-08 14:02:44.182085,0 days 00:00:03.567259,0.7222911943786537,0.04681491397493405,4,40,2228,116,0.031040078487654776,1.2842245277752014,0.7195885844204728,extensive,final,lgbm,pca_only,True,COMPLETE
81,-0.0016559720935109083,2025-12-08 14:02:44.183088,2025-12-08 14:02:46.017162,0 days 00:00:01.834074,0.6575576130796558,0.034886912151496585,3,30,1595,126,4.497797408035234,17.73210812769149,0.6769308558138748,extensive,final,lgbm,pca_only,True,COMPLETE
82,-0.0016559720935109083,2025-12-08 14:02:46.017162,2025-12-08 14:02:47.778686,0 days 00:00:01.761524,0.6294970408032802,0.03149240517153126,4,38,1668,101,4.736245982304552,12.391318638890374,0.6522614577836129,extensive,final,lgbm,pca_only,True,COMPLETE
83,-0.0016559720935109083,2025-12-08 14:02:47.779686,2025-12-08 14:02:49.599433,0 days 00:00:01.819747,0.678361320536879,0.05230870779633724,5,18,1898,109,4.1772501949561835,19.53494200241242,0.7558251239655877,extensive,final,lgbm,pca_only,True,COMPLETE
84,-0.0016559720935109083,2025-12-08 14:02:49.600491,2025-12-08 14:02:51.244957,0 days 00:00:01.644466,0.6394607291452122,0.038163792011264616,3,28,2143,104,3.897521777496541,10.265281245324122,0.7104030579835594,extensive,final,lgbm,pca_only,True,COMPLETE
85,-0.0016559720935109083,2025-12-08 14:02:51.244957,2025-12-08 14:02:53.427962,0 days 00:00:02.183005,0.7906355540511526,0.04204326703748257,4,32,1106,114,4.380632859882537,16.164491487601456,0.6670400902118574,extensive,final,lgbm,pca_only,True,COMPLETE
86,-0.0016559720935109083,2025-12-08 14:02:53.427962,2025-12-08 14:02:55.563515,0 days 00:00:02.135553,0.7583227422178982,0.0066291657860384975,5,91,2709,76,4.618345311126341,6.33136270138777,0.7329649713597517,extensive,final,lgbm,pca_only,True,COMPLETE
87,-0.0016559720935109083,2025-12-08 14:02:55.564519,2025-12-08 14:02:57.377217,0 days 00:00:01.812698,0.9084635483720725,0.028180496202544127,6,13,2344,99,4.86197311383035,0.4584211919140931,0.8412905351023676,extensive,final,lgbm,pca_only,True,COMPLETE
88,-0.0016559720935109083,2025-12-08 14:02:57.378487,2025-12-08 14:02:59.231437,0 days 00:00:01.852950,0.5829824665349174,0.06469591971191017,3,54,3058,118,1.7914396524990506,8.5492704972448,0.9869423857613534,extensive,final,lgbm,pca_only,True,COMPLETE
89,-0.0016559720935109083,2025-12-08 14:02:59.232443,2025-12-08 14:03:01.083192,0 days 00:00:01.850749,0.7098884028994307,0.02269659320518512,5,44,1765,119,3.24450868242055,0.7913738014595489,0.6056273109894983,extensive,final,lgbm,pca_only,True,COMPLETE
90,-0.0016559720935109083,2025-12-08 14:03:01.084310,2025-12-08 14:03:02.861533,0 days 00:00:01.777223,0.5573907380473422,0.07463890587124647,11,24,785,111,3.762344608928271,2.008544866185734,0.7765940985930497,extensive,final,lgbm,pca_only,True,COMPLETE
91,-0.0016559720935109083,2025-12-08 14:03:02.861533,2025-12-08 14:03:04.734142,0 days 00:00:01.872609,0.8256105661641824,0.08715159347289578,6,95,2472,87,2.2908872373456566,13.700368210191149,0.806880536890294,extensive,final,lgbm,pca_only,True,COMPLETE
92,-0.0016559720935109083,2025-12-08 14:03:04.734142,2025-12-08 14:03:06.599332,0 days 00:00:01.865190,0.7995482777608096,0.055328901143958775,6,58,2643,84,3.49568582539776,3.196003175856814,0.7899157879494528,extensive,final,lgbm,pca_only,True,COMPLETE
93,-0.0016559720935109083,2025-12-08 14:03:06.599332,2025-12-08 14:03:08.461400,0 days 00:00:01.862068,0.8479323866017194,0.07849722890254522,7,49,3222,94,2.8791514542888055,5.210597761552325,0.8663818602125468,extensive,final,lgbm,pca_only,True,COMPLETE
94,-0.0016559720935109083,2025-12-08 14:03:08.461914,2025-12-08 14:03:10.280182,0 days 00:00:01.818268,0.8091158673759475,0.06700418037212172,5,85,2957,91,3.936707867413327,2.4834985598170958,0.7412696823883812,extensive,final,lgbm,pca_only,True,COMPLETE
95,-0.0016559720935109083,2025-12-08 14:03:10.280182,2025-12-08 14:03:11.979024,0 days 00:00:01.698842,0.7779652441469542,0.05937920090598479,4,52,2871,79,3.298104989075295,16.75448113465018,0.8964561852081431,extensive,final,lgbm,pca_only,True,COMPLETE
96,-0.0016559720935109083,2025-12-08 14:03:11.979361,2025-12-08 14:03:14.165380,0 days 00:00:02.186019,0.8737746368428133,0.04455406708865405,3,42,2576,88,3.044080832105422,1.785315005571202,0.6391472587457627,extensive,final,lgbm,pca_only,True,COMPLETE
97,-0.0016559720935109083,2025-12-08 14:03:14.165380,2025-12-08 14:03:16.001449,0 days 00:00:01.836069,0.6225020306353514,0.006283135022483133,6,37,1972,82,1.5152744546424886,1.4308956147778227,0.8249271215412451,extensive,final,lgbm,pca_only,True,COMPLETE
98,-0.002077616186464922,2025-12-08 14:03:16.001449,2025-12-08 14:03:18.151847,0 days 00:00:02.150398,0.8399418344176525,0.005405263165076242,5,80,3618,126,1.0521146986166805,0.26303574191426476,0.7640192260818419,extensive,final,lgbm,pca_only,True,COMPLETE
99,-0.0016559720935109083,2025-12-08 14:03:18.151847,2025-12-08 14:03:20.011606,0 days 00:00:01.859759,0.5988209945215589,0.09384634844935025,7,46,2719,74,4.292598379732424,9.49819687805869,0.9532673936637635,extensive,final,lgbm,pca_only,True,COMPLETE
100,-0.0016559720935109083,2025-12-08 14:03:20.012617,2025-12-08 14:03:21.709493,0 days 00:00:01.696876,0.9717463430248247,0.011477991579446938,4,33,2322,70,3.584678146993574,0.17133689606093944,0.9204698896280544,extensive,final,lgbm,pca_only,True,COMPLETE
101,-0.0016559720935109083,2025-12-08 14:03:21.711808,2025-12-08 14:03:23.665108,0 days 00:00:01.953300,0.6967714788847839,0.00500287423942531,9,14,1495,81,2.4660589223810514,0.354501695178451,0.8492733307083837,extensive,final,lgbm,pca_only,True,COMPLETE
102,-0.0016559720935109083,2025-12-08 14:03:23.666108,2025-12-08 14:03:25.447649,0 days 00:00:01.781541,0.6688711193695465,0.007882350975122908,10,19,926,78,2.057068548466642,0.4535379855997946,0.8749125108672289,extensive,final,lgbm,pca_only,True,COMPLETE
103,-0.0016559720935109083,2025-12-08 14:03:25.447649,2025-12-08 14:03:27.296133,0 days 00:00:01.848484,0.6519939335898796,0.00880416254296883,11,12,2176,72,2.278018374085848,0.3320558117404871,0.8875331936785451,extensive,final,lgbm,pca_only,True,COMPLETE
104,-0.0016559720935109083,2025-12-08 14:03:27.296496,2025-12-08 14:03:29.066822,0 days 00:00:01.770326,0.8176486748862727,0.007071169679914975,9,15,1405,65,1.8483778350514557,0.21861801259169542,0.5838160419954257,extensive,final,lgbm,pca_only,True,COMPLETE
105,-0.0016559720935109083,2025-12-08 14:03:29.066822,2025-12-08 14:03:30.964248,0 days 00:00:01.897426,0.7230102184536948,0.048042706917412165,10,27,946,84,1.334152133349359,0.4041790842874875,0.9109288099863317,extensive,final,lgbm,pca_only,True,COMPLETE
106,-0.0016559720935109083,2025-12-08 14:03:30.964248,2025-12-08 14:03:32.863696,0 days 00:00:01.899448,0.6816482245797717,0.03674322580166645,3,22,630,85,2.7057577457441373,0.2736008505638746,0.8520796712222583,extensive,final,lgbm,pca_only,True,COMPLETE
107,-0.0016559720935109083,2025-12-08 14:03:32.864700,2025-12-08 14:03:34.600759,0 days 00:00:01.736059,0.7078157858962777,0.005728088019715175,5,16,826,124,4.543860244792274,2.2718306099220467,0.8985674123670216,extensive,final,lgbm,pca_only,True,COMPLETE
108,-0.0016559720935109083,2025-12-08 14:03:34.601885,2025-12-08 14:03:36.430443,0 days 00:00:01.828558,0.7718834130833534,0.06985678198997236,8,97,421,76,3.701531737826389,0.6342889361170456,0.6872213252183657,extensive,final,lgbm,pca_only,True,COMPLETE
109,-0.0016559720935109083,2025-12-08 14:03:36.430760,2025-12-08 14:03:38.247527,0 days 00:00:01.816767,0.5418145529277706,0.0404881224699825,4,62,2013,89,2.585858936012214,6.503842180487207,0.5420368820550444,extensive,final,lgbm,pca_only,True,COMPLETE
110,-0.0016559720935109083,2025-12-08 14:03:38.247527,2025-12-08 14:03:40.347125,0 days 00:00:02.099598,0.9453784155665518,0.030597259487579808,12,39,3067,128,4.862855134018675,1.605665125955921,0.9377610128848812,extensive,final,lgbm,pca_only,True,COMPLETE
111,-0.0016559720935109083,2025-12-08 14:03:40.347125,2025-12-08 14:03:42.199011,0 days 00:00:01.851886,0.5285920184729674,0.026829390184480557,3,70,3407,127,4.028085036722232,13.597048868075998,0.7087753221590914,extensive,final,lgbm,pca_only,True,COMPLETE
112,-0.0016559720935109083,2025-12-08 14:03:42.199011,2025-12-08 14:03:44.118014,0 days 00:00:01.919003,0.5824433512089716,0.006064474031490077,3,44,2407,122,4.367175155198132,0.19116470191081497,0.6629642912033976,extensive,final,lgbm,pca_only,True,COMPLETE
113,-0.0016559720935109083,2025-12-08 14:03:44.118014,2025-12-08 14:03:46.070683,0 days 00:00:01.952669,0.6458454011960019,0.033006194625334065,10,73,3249,120,4.969630852429939,5.4030413118879475,0.9680574966189405,extensive,final,lgbm,pca_only,True,COMPLETE
114,-0.0016559720935109083,2025-12-08 14:03:46.070683,2025-12-08 14:03:47.862950,0 days 00:00:01.792267,0.6622602582070926,0.01907449232614218,3,35,2487,123,2.148889258616519,3.6429791846267987,0.6925859449033962,extensive,final,lgbm,pca_only,True,COMPLETE
115,-0.0016559720935109083,2025-12-08 14:03:47.862950,2025-12-08 14:03:49.530848,0 days 00:00:01.667898,0.6078066689921379,0.023226138514818178,4,30,1165,80,1.6586730168067587,0.11158791126148085,0.8801739537993175,extensive,final,lgbm,pca_only,True,COMPLETE
116,-0.0016559720935109083,2025-12-08 14:03:49.530848,2025-12-08 14:03:51.403441,0 days 00:00:01.872593,0.8604381076469979,0.09875438397779693,8,11,3194,107,4.1531715059876735,0.14664144635808665,0.6729241667244965,extensive,final,lgbm,pca_only,True,COMPLETE
117,-0.0016559720935109083,2025-12-08 14:03:51.403441,2025-12-08 14:03:53.564850,0 days 00:00:02.161409,0.5458057756356842,0.006804245112511865,6,56,3901,125,3.161312061121801,8.012409104210201,0.8637586013155847,extensive,final,lgbm,pca_only,True,COMPLETE
118,-0.0016559720935109083,2025-12-08 14:03:53.565857,2025-12-08 14:03:55.704553,0 days 00:00:02.138696,0.5671520234544225,0.014106231747809903,3,89,3517,96,4.731921782787107,0.9747916096392563,0.6243658818074173,extensive,final,lgbm,pca_only,True,COMPLETE
119,-0.0016559720935109083,2025-12-08 14:03:55.705790,2025-12-08 14:03:57.701177,0 days 00:00:01.995387,0.6875890831647805,0.051359598676437405,4,76,3699,67,1.947764523764619,2.7884398470586995,0.6434700506939347,extensive,final,lgbm,pca_only,True,COMPLETE
120,-0.003497487844499251,2025-12-08 14:03:57.701177,2025-12-08 14:03:59.714398,0 days 00:00:02.013221,0.526985588027612,0.02112683354722296,3,92,1801,117,0.7842505452738076,1.125748038175045,0.8332195660395172,extensive,final,lgbm,pca_only,True,COMPLETE
121,-0.0016559720935109083,2025-12-08 14:03:59.715211,2025-12-08 14:04:01.482023,0 days 00:00:01.766812,0.7473788472047892,0.0554619703412785,9,48,1900,98,1.4110103850305922,0.31092651931220794,0.5533699262809292,extensive,final,lgbm,pca_only,True,COMPLETE
122,-0.0016559720935109083,2025-12-08 14:04:01.482023,2025-12-08 14:04:03.101508,0 days 00:00:01.619485,0.7284869508663501,0.042516604284107036,7,42,1254,92,1.868898148723433,0.559284536274039,0.580739286960378,extensive,final,lgbm,pca_only,True,COMPLETE
123,-0.0016559720935109083,2025-12-08 14:04:03.102638,2025-12-08 14:04:04.799224,0 days 00:00:01.696586,0.9035512114843536,0.03929508316935404,8,34,1059,103,1.3435606468567085,0.4689196969269568,0.520633554961156,extensive,final,lgbm,pca_only,True,COMPLETE
124,-0.0017778904739029766,2025-12-08 14:04:04.800278,2025-12-08 14:04:06.930946,0 days 00:00:02.130668,0.673967759262657,0.01685520702704373,9,40,2102,101,1.1631006184065176,0.24080046703674873,0.5286462443233516,extensive,final,lgbm,pca_only,True,COMPLETE
125,-0.0016559720935109083,2025-12-08 14:04:06.931996,2025-12-08 14:04:08.832154,0 days 00:00:01.900158,0.7948196033192843,0.061219000781933985,5,37,1670,95,1.7086315659906772,18.018890635765036,0.8108697283320054,extensive,final,lgbm,pca_only,True,COMPLETE
126,-0.0016559720935109083,2025-12-08 14:04:08.832154,2025-12-08 14:04:10.716213,0 days 00:00:01.884059,0.7151718705892368,0.0452489848875158,9,51,3324,82,2.350023985222807,12.092931338104,0.7350883907248033,extensive,final,lgbm,pca_only,True,COMPLETE
127,-0.0016559720935109083,2025-12-08 14:04:10.716213,2025-12-08 14:04:12.432356,0 days 00:00:01.716143,0.7346591333699333,0.009985380346707205,3,54,735,99,4.473351573459149,15.824985332872167,0.7973945220278624,extensive,final,lgbm,pca_only,True,COMPLETE
128,-0.0016559720935109083,2025-12-08 14:04:12.432356,2025-12-08 14:04:14.249108,0 days 00:00:01.816752,0.5075236186821943,0.07950930690617873,4,66,2743,127,3.37561558239016,4.390877366208248,0.5690256062794075,extensive,final,lgbm,pca_only,True,COMPLETE
129,-0.0016559720935109083,2025-12-08 14:04:14.250324,2025-12-08 14:04:15.983298,0 days 00:00:01.732974,0.881251555597823,0.04866278951468909,10,46,1581,86,1.5507643437609788,0.7374568581507602,0.9468369912494047,extensive,final,lgbm,pca_only,True,COMPLETE
130,-0.0016559720935109083,2025-12-08 14:04:15.983298,2025-12-08 14:04:17.981068,0 days 00:00:01.997770,0.6382094730569295,0.053714631681755234,5,60,2274,105,4.564407359033445,0.40740749959006495,0.703918010203522,extensive,final,lgbm,pca_only,True,COMPLETE
131,-0.0016559720935109083,2025-12-08 14:04:17.982762,2025-12-08 14:04:19.819040,0 days 00:00:01.836278,0.7634429833136672,0.028712632046698484,3,87,327,113,2.9477405842949764,0.3140885416644572,0.9850365899712908,extensive,final,lgbm,pca_only,True,COMPLETE
132,-0.0016559720935109083,2025-12-08 14:04:19.819040,2025-12-08 14:04:21.604462,0 days 00:00:01.785422,0.8397062603810553,0.023708905303814573,4,24,292,110,2.7403753881470365,2.19799188243044,0.9748820565406202,extensive,final,lgbm,pca_only,True,COMPLETE
133,-0.0016559720935109083,2025-12-08 14:04:21.604462,2025-12-08 14:04:23.716183,0 days 00:00:02.111721,0.853157846032164,0.025231371176956625,5,30,529,74,2.505862986013107,0.22636278145520286,0.9570518416160637,extensive,final,lgbm,pca_only,True,COMPLETE
134,-0.0016559720935109083,2025-12-08 14:04:23.717444,2025-12-08 14:04:25.414172,0 days 00:00:01.696728,0.8187796600560718,0.007418257626092214,7,81,636,78,2.6366440894231036,0.37573678308314257,0.511306014628385,extensive,final,lgbm,pca_only,True,COMPLETE
135,-0.0016559720935109083,2025-12-08 14:04:25.415176,2025-12-08 14:04:27.720474,0 days 00:00:02.305298,0.7007477859321181,0.033029949522880166,3,36,3005,120,3.1823564402052393,0.2760155263988529,0.6492366239280524,extensive,final,lgbm,pca_only,True,COMPLETE
136,-0.0016559720935109083,2025-12-08 14:04:27.720474,2025-12-08 14:04:29.466507,0 days 00:00:01.746033,0.9200209393786268,0.006388479948426475,5,20,1345,116,4.812492685404893,0.19512154293786477,0.9948418660628213,extensive,final,lgbm,pca_only,True,COMPLETE
137,-0.0016559720935109083,2025-12-08 14:04:29.466507,2025-12-08 14:04:31.498137,0 days 00:00:02.031630,0.985196899310211,0.035161117622878664,4,26,2891,125,2.801266546599677,18.580457215913654,0.7239559796152832,extensive,final,lgbm,pca_only,True,COMPLETE
138,-0.0016559720935109083,2025-12-08 14:04:31.499138,2025-12-08 14:04:33.366852,0 days 00:00:01.867714,0.8307679895275064,0.005357887665778061,8,32,1432,76,3.0471607517220116,1.76534016478008,0.7800824023155746,extensive,final,lgbm,pca_only,True,COMPLETE
139,-0.0016559720935109083,2025-12-08 14:04:33.366852,2025-12-08 14:04:35.170201,0 days 00:00:01.803349,0.6237214037152248,0.08695237646708905,6,42,961,107,4.6333338222957545,0.15635894869121264,0.9307020633591401,extensive,final,lgbm,pca_only,True,COMPLETE
140,-0.0016559720935109083,2025-12-08 14:04:35.170201,2025-12-08 14:04:36.982043,0 days 00:00:01.811842,0.5904523434820558,0.03673806843308662,3,39,2813,80,2.4196328821523894,11.375818076713283,0.6783618875923961,extensive,final,lgbm,pca_only,True,COMPLETE
141,-0.0016559720935109083,2025-12-08 14:04:36.982043,2025-12-08 14:04:38.800734,0 days 00:00:01.818691,0.516209531580252,0.008807800096881202,11,57,1733,83,3.9627700466983335,0.3418557109024837,0.7596960875049643,extensive,final,lgbm,pca_only,True,COMPLETE
142,-0.0016559720935109083,2025-12-08 14:04:38.800734,2025-12-08 14:04:40.501533,0 days 00:00:01.700799,0.5045919267719451,0.026684639671415215,11,53,1590,81,4.2620512855574395,0.5326685139650454,0.8224651384356177,extensive,final,lgbm,pca_only,True,COMPLETE
143,-0.0016559720935109083,2025-12-08 14:04:40.501533,2025-12-08 14:04:42.153638,0 days 00:00:01.652105,0.5598183153942708,0.020303740029833744,9,28,212,115,2.211370541487182,0.8620170511501201,0.7467233749711142,extensive,final,lgbm,pca_only,True,COMPLETE
144,-0.0016559720935109083,2025-12-08 14:04:42.154690,2025-12-08 14:04:44.032604,0 days 00:00:01.877914,0.576362136099586,0.012212030137442202,12,50,869,79,3.782917105771535,0.4859501930960366,0.6946602159044483,extensive,final,lgbm,pca_only,True,COMPLETE
145,-0.0016559720935109083,2025-12-08 14:04:44.034058,2025-12-08 14:04:45.978743,0 days 00:00:01.944685,0.5243577314470522,0.010642055143785177,5,64,3994,122,4.061912842347671,0.6978912287437723,0.7899845487169466,extensive,final,lgbm,pca_only,True,COMPLETE
146,-0.0016559720935109083,2025-12-08 14:04:45.979260,2025-12-08 14:04:47.704046,0 days 00:00:01.724786,0.6927365745638653,0.013649861529486986,6,44,1161,69,3.823876888324847,1.3811207423332363,0.5361351133732274,extensive,final,lgbm,pca_only,True,COMPLETE
147,-0.0016559720935109083,2025-12-08 14:04:47.704046,2025-12-08 14:04:49.850118,0 days 00:00:02.146072,0.5396139010671734,0.005873663143359635,12,17,2219,77,2.032507372615057,3.2074569817058687,0.9925172835243325,extensive,final,lgbm,pca_only,True,COMPLETE
148,-0.0016559720935109083,2025-12-08 14:04:49.850118,2025-12-08 14:04:51.638390,0 days 00:00:01.788272,0.8733960048337643,0.0637885708513088,8,33,1898,93,3.528309529176945,0.40398310959288725,0.7718109477451864,extensive,final,lgbm,pca_only,True,COMPLETE
149,-0.0017979534664916603,2025-12-08 14:04:51.638390,2025-12-08 14:04:53.436842,0 days 00:00:01.798452,0.7401886819691674,0.00821645707653068,3,68,460,85,1.168435448328274,0.2873545003776378,0.9826133856412149,extensive,final,lgbm,pca_only,True,COMPLETE
150,-0.0016559720935109083,2025-12-08 14:04:53.436842,2025-12-08 14:04:55.134658,0 days 00:00:01.697816,0.64947324208212,0.015152497997384079,4,48,1487,72,3.6672846837508737,7.231755091674713,0.6156597884416,extensive,final,lgbm,pca_only,True,COMPLETE
151,-0.0016559720935109083,2025-12-08 14:04:55.135882,2025-12-08 14:04:56.968036,0 days 00:00:01.832154,0.6103307568999708,0.05609123448460885,6,39,3563,90,2.8016849504285934,14.361088859052865,0.7186479200524438,extensive,final,lgbm,pca_only,True,COMPLETE
152,-0.0016559720935109083,2025-12-08 14:04:56.968036,2025-12-08 14:04:58.786245,0 days 00:00:01.818209,0.5569221644116619,0.02976584069988318,6,41,3094,87,3.144467162814963,9.933306118550115,0.6654195757324631,extensive,final,lgbm,pca_only,True,COMPLETE
153,-0.0016559720935109083,2025-12-08 14:04:58.786245,2025-12-08 14:05:00.642195,0 days 00:00:01.855950,0.5471226740779126,0.04222506030781709,7,84,3454,98,2.92459454430904,19.528785976692642,0.9662586008971883,extensive,final,lgbm,pca_only,True,COMPLETE
154,-0.0016559720935109083,2025-12-08 14:05:00.643204,2025-12-08 14:05:02.368870,0 days 00:00:01.725666,0.7812078862447863,0.04621723497765555,5,45,2042,83,4.9102130537648465,0.10045114591055126,0.6970344314988263,extensive,final,lgbm,pca_only,True,COMPLETE
155,-0.0016559720935109083,2025-12-08 14:05:02.369288,2025-12-08 14:05:04.257069,0 days 00:00:01.887781,0.5344967358880998,0.048409416138950265,7,78,3784,124,3.4591560425312546,5.713680695098489,0.633871674657714,extensive,final,lgbm,pca_only,True,COMPLETE
156,-0.0016559720935109083,2025-12-08 14:05:04.257069,2025-12-08 14:05:06.123245,0 days 00:00:01.866176,0.5987329661464789,0.01722129341900346,6,13,2559,92,3.2926353544337132,15.589667471742496,0.6825368142155248,extensive,final,lgbm,pca_only,True,COMPLETE
157,-0.0028438048508385716,2025-12-08 14:05:06.123245,2025-12-08 14:05:07.802462,0 days 00:00:01.679217,0.805801205091717,0.0706181307486338,6,36,1011,127,0.9242612198404763,13.094371712326852,0.8461307690894296,extensive,final,lgbm,pca_only,True,COMPLETE
158,-0.0016559720935109083,2025-12-08 14:05:07.803495,2025-12-08 14:05:09.668635,0 days 00:00:01.865140,0.8582183978475264,0.05064641379758927,3,99,3631,89,1.455149035135536,0.1325161226580924,0.9204096739347951,extensive,final,lgbm,pca_only,True,COMPLETE
159,-0.0016559720935109083,2025-12-08 14:05:09.669010,2025-12-08 14:05:11.291402,0 days 00:00:01.622392,0.954920376715757,0.05889094288836149,10,10,1314,112,4.381897306317632,16.81049199772984,0.8889030474870185,extensive,final,lgbm,pca_only,True,COMPLETE
160,-0.0016559720935109083,2025-12-08 14:05:11.291402,2025-12-08 14:05:13.118948,0 days 00:00:01.827546,0.6260832617329322,0.03912575409413602,4,95,3159,97,3.350692663620109,8.578058209702633,0.5003880682582604,extensive,final,lgbm,pca_only,True,COMPLETE
161,-0.0016559720935109083,2025-12-08 14:05:13.120048,2025-12-08 14:05:14.835314,0 days 00:00:01.715266,0.6627137319238212,0.052105504899201086,10,99,3883,100,1.7815125816569966,3.511596667566851,0.8329667749500378,extensive,final,lgbm,pca_only,True,COMPLETE
162,-0.0016559720935109083,2025-12-08 14:05:14.835825,2025-12-08 14:05:16.603249,0 days 00:00:01.767424,0.676340674100683,0.06593043358065025,10,93,3769,103,1.6067962693547273,7.02791583626818,0.8177144556918944,extensive,final,lgbm,pca_only,True,COMPLETE
163,-0.0016559720935109083,2025-12-08 14:05:16.603249,2025-12-08 14:05:18.273145,0 days 00:00:01.669896,0.6340860223769214,0.04364521891443466,5,58,3916,100,1.9927986852357469,2.504917170740617,0.809835874088347,extensive,final,lgbm,pca_only,True,COMPLETE
164,-0.0016559720935109083,2025-12-08 14:05:18.274244,2025-12-08 14:05:20.570596,0 days 00:00:02.296352,0.6422324133029871,0.05578258836135482,9,43,3976,81,4.186945511527585,5.197688838926167,0.9027859547240855,extensive,final,lgbm,pca_only,True,COMPLETE
165,-0.0016559720935109083,2025-12-08 14:05:20.571099,2025-12-08 14:05:22.537782,0 days 00:00:01.966683,0.6532148274704782,0.012355243915899334,11,47,3713,95,4.735056357760084,0.6042521060697396,0.7996893086729396,extensive,final,lgbm,pca_only,True,COMPLETE
166,-0.0016559720935109083,2025-12-08 14:05:22.537782,2025-12-08 14:05:24.553267,0 days 00:00:02.015485,0.5660469537658368,0.022103833418665057,3,97,3367,98,2.6343525223634026,1.949185491803589,0.8564137730013707,extensive,final,lgbm,pca_only,True,COMPLETE
167,-0.0016559720935109083,2025-12-08 14:05:24.553267,2025-12-08 14:05:26.205479,0 days 00:00:01.652212,0.6176053485071685,0.0056222678994728124,9,91,800,109,1.8530533600583508,1.2039898516716019,0.596961020731285,extensive,final,lgbm,pca_only,True,COMPLETE
168,-0.0016559720935109083,2025-12-08 14:05:26.205479,2025-12-08 14:05:28.120361,0 days 00:00:01.914882,0.7167349968260848,0.05985815892077332,3,56,3817,102,3.985212667083121,0.3767795466337296,0.7134833722360538,extensive,final,lgbm,pca_only,True,COMPLETE
169,-0.0016559720935109083,2025-12-08 14:05:28.121505,2025-12-08 14:05:29.818474,0 days 00:00:01.696969,0.8912655916454668,0.02472470126313265,4,38,708,121,2.220773338706624,0.2503189642546905,0.8036910878853734,extensive,final,lgbm,pca_only,True,COMPLETE
170,-0.0016559720935109083,2025-12-08 14:05:29.818474,2025-12-08 14:05:31.818607,0 days 00:00:02.000133,0.6667243753042329,0.04919509687531777,7,86,2157,118,2.093042949028361,0.3310138433759218,0.9374971743848092,extensive,final,lgbm,pca_only,True,COMPLETE
171,-0.0016559720935109083,2025-12-08 14:05:31.818607,2025-12-08 14:05:33.771380,0 days 00:00:01.952773,0.7032431750700348,0.009675547526916998,11,87,2648,107,1.7141124913060952,0.8118705598541995,0.8342483644872539,extensive,final,lgbm,pca_only,True,COMPLETE
172,-0.0016559720935109083,2025-12-08 14:05:33.771380,2025-12-08 14:05:35.553582,0 days 00:00:01.782202,0.681418212839164,0.08221767480563104,12,82,2512,105,2.39427953402742,0.9569076562293356,0.9999191664458108,extensive,final,lgbm,pca_only,True,COMPLETE
173,-0.0016559720935109083,2025-12-08 14:05:35.554716,2025-12-08 14:05:37.402653,0 days 00:00:01.847937,0.6885496006096796,0.07360448426863991,11,90,2296,100,1.860630940217935,3.85521854124538,0.7848043231512382,extensive,final,lgbm,pca_only,True,COMPLETE
174,-0.0016559720935109083,2025-12-08 14:05:37.402653,2025-12-08 14:05:39.106276,0 days 00:00:01.703623,0.5141885922637484,0.07592039888522371,12,34,2408,114,1.9257858446891178,0.4352240473184197,0.8719892834850638,extensive,final,lgbm,pca_only,True,COMPLETE
175,-0.0016559720935109083,2025-12-08 14:05:39.106276,2025-12-08 14:05:41.403431,0 days 00:00:02.297155,0.6588193588773765,0.08769209628079665,10,30,3003,97,2.0937677485952646,1.5366927198883131,0.8105267935401619,extensive,final,lgbm,pca_only,True,COMPLETE
176,-0.0016559720935109083,2025-12-08 14:05:41.403985,2025-12-08 14:05:43.467207,0 days 00:00:02.063222,0.7546703944177241,0.07995849757276749,3,83,2844,104,1.3342548650863382,2.874878016060408,0.8248892312542891,extensive,final,lgbm,pca_only,True,COMPLETE
177,-0.0016559720935109083,2025-12-08 14:05:43.467207,2025-12-08 14:05:45.448251,0 days 00:00:01.981044,0.9353778986059355,0.09222954538747041,5,73,2660,95,2.2881229492497326,11.047674165100023,0.8568923962776562,extensive,final,lgbm,pca_only,True,COMPLETE
178,-0.0016559720935109083,2025-12-08 14:05:45.448251,2025-12-08 14:05:47.271524,0 days 00:00:01.823273,0.8454081222059233,0.0051749176353214745,11,52,1947,111,2.531659300233346,0.7448038110229579,0.6560142762538512,extensive,final,lgbm,pca_only,True,COMPLETE
179,-0.0020658363907416857,2025-12-08 14:05:47.271524,2025-12-08 14:05:49.170912,0 days 00:00:01.899388,0.5225597928695084,0.006252613855461553,6,85,2773,78,1.0515801432870746,0.6493094655329934,0.8812696039040886,extensive,final,lgbm,pca_only,True,COMPLETE
180,-0.0016559720935109083,2025-12-08 14:05:49.172118,2025-12-08 14:05:50.892269,0 days 00:00:01.720151,0.8161864678649394,0.006915715582391088,8,41,1830,75,2.9853804391567724,19.98226005780786,0.841755927249793,extensive,final,lgbm,pca_only,True,COMPLETE
181,-0.0016559720935109083,2025-12-08 14:05:50.892269,2025-12-08 14:05:52.787966,0 days 00:00:01.895697,0.6418340875281208,0.04520874236662262,8,100,3298,120,1.5117742892475938,4.732237426891434,0.7962782326649857,extensive,final,lgbm,pca_only,True,COMPLETE
182,-0.0016559720935109083,2025-12-08 14:05:52.789063,2025-12-08 14:05:54.518433,0 days 00:00:01.729370,0.6718938049566319,0.03731370767887028,8,96,1603,123,1.7557751472701693,4.364004837209039,0.781332946469467,extensive,final,lgbm,pca_only,True,COMPLETE
183,-0.0016559720935109083,2025-12-08 14:05:54.519438,2025-12-08 14:05:56.404813,0 days 00:00:01.885375,0.8306554065042572,0.019640873939220843,8,94,3667,125,1.2087080344507273,0.49876644724926916,0.7534643579402935,extensive,final,lgbm,pca_only,True,COMPLETE
184,-0.0016559720935109083,2025-12-08 14:05:56.404813,2025-12-08 14:05:58.262333,0 days 00:00:01.857520,0.6507667542962237,0.04094983794261002,9,98,3584,128,1.487672326545719,2.1967336328051172,0.7940821969882148,extensive,final,lgbm,pca_only,True,COMPLETE
185,-0.0016559720935109083,2025-12-08 14:05:58.262333,2025-12-08 14:06:00.088236,0 days 00:00:01.825903,0.5894591006169148,0.04668544499030346,3,61,2929,116,3.1344974181052954,6.117372081820936,0.8139555755173927,extensive,final,lgbm,pca_only,True,COMPLETE
186,-0.0016559720935109083,2025-12-08 14:06:00.089370,2025-12-08 14:06:02.072670,0 days 00:00:01.983300,0.6293939639982524,0.05273517884456823,10,78,3477,119,4.62675705444886,1.0469586196719811,0.774341982632274,extensive,final,lgbm,pca_only,True,COMPLETE
187,-0.0016559720935109083,2025-12-08 14:06:02.072670,2025-12-08 14:06:03.891204,0 days 00:00:01.818534,0.7907997413349178,0.03369527248180787,5,89,1717,85,4.99429334706156,16.562048640497277,0.7639339843759464,extensive,final,lgbm,pca_only,True,COMPLETE
188,-0.0016559720935109083,2025-12-08 14:06:03.891204,2025-12-08 14:06:05.676140,0 days 00:00:01.784936,0.6584302760534414,0.06334288818548689,3,50,568,80,1.4008435230880525,0.29329979538581,0.7020250812782378,extensive,final,lgbm,pca_only,True,COMPLETE
189,-0.0016559720935109083,2025-12-08 14:06:05.677272,2025-12-08 14:06:07.357218,0 days 00:00:01.679946,0.6031701276050558,0.00756594050854324,12,45,2105,101,1.669082888860378,0.36345806828606836,0.9771319912066602,extensive,final,lgbm,pca_only,True,COMPLETE
190,-0.0016559720935109083,2025-12-08 14:06:07.357218,2025-12-08 14:06:09.113893,0 days 00:00:01.756675,0.8835410488698652,0.011315677230135377,6,15,1090,82,3.5999806457751196,3.4096932790077616,0.9136024988558101,extensive,final,lgbm,pca_only,True,COMPLETE
191,-0.0016559720935109083,2025-12-08 14:06:09.113893,2025-12-08 14:06:10.956298,0 days 00:00:01.842405,0.5830559630689147,0.07028346144929022,9,24,3252,110,1.9604274730234128,0.19615274590787943,0.6861931772791756,extensive,final,lgbm,pca_only,True,COMPLETE
192,-0.0016559720935109083,2025-12-08 14:06:10.957807,2025-12-08 14:06:12.571986,0 days 00:00:01.614179,0.5658262965755534,0.0633233706996361,8,22,888,96,2.46883595887174,0.23689052251638312,0.7330110462168536,extensive,final,lgbm,pca_only,True,COMPLETE
193,-0.0016559720935109083,2025-12-08 14:06:12.572377,2025-12-08 14:06:14.356705,0 days 00:00:01.784328,0.5776882133556777,0.05781281980015443,9,20,3025,93,2.138472098213332,0.2182078687448323,0.7121176488918338,extensive,final,lgbm,pca_only,True,COMPLETE
194,-0.0016559720935109083,2025-12-08 14:06:14.356705,2025-12-08 14:06:15.987180,0 days 00:00:01.630475,0.5404755726752624,0.018033863914577494,10,17,1463,91,3.9129957998056493,0.16707346215928284,0.6722464321798044,extensive,final,lgbm,pca_only,True,COMPLETE
195,-0.0016559720935109083,2025-12-08 14:06:15.987180,2025-12-08 14:06:17.774708,0 days 00:00:01.787528,0.5620898637434696,0.05438484708616403,8,28,3184,99,1.579151839995675,0.31270886770827183,0.7255275335313813,extensive,final,lgbm,pca_only,True,COMPLETE
196,-0.0016559720935109083,2025-12-08 14:06:17.775969,2025-12-08 14:06:19.503682,0 days 00:00:01.727713,0.5475732488694744,0.06820312434111866,5,26,2602,94,4.837700857059124,1.9269228850602,0.6967379340008031,extensive,final,lgbm,pca_only,True,COMPLETE
197,-0.0016559720935109083,2025-12-08 14:06:19.505402,2025-12-08 14:06:21.222841,0 days 00:00:01.717439,0.7320065459008158,0.02596115342994727,4,55,2716,126,2.8367184081138492,14.394384849910258,0.9576835066387436,extensive,final,lgbm,pca_only,True,COMPLETE
198,-0.0016559720935109083,2025-12-08 14:06:21.223968,2025-12-08 14:06:22.993088,0 days 00:00:01.769120,0.5742454912960409,0.043754437088718345,3,40,3090,123,4.093584270324148,8.004568394511436,0.8004067646724714,extensive,final,lgbm,pca_only,True,COMPLETE
199,-0.0016559720935109083,2025-12-08 14:06:22.994129,2025-12-08 14:06:24.855377,0 days 00:00:01.861248,0.8646405499398443,0.016270089246848463,11,12,3423,88,1.2460504972718056,1.3361889824204018,0.8197346619496723,extensive,final,lgbm,pca_only,True,COMPLETE
200,-0.0016559720935109083,2025-12-08 14:06:24.856378,2025-12-08 14:06:26.473076,0 days 00:00:01.616698,0.7637833973309178,0.06006939837887488,7,31,1547,78,2.682749384583218,17.415040501426954,0.5596370240563217,extensive,final,lgbm,pca_only,True,COMPLETE
201,-0.0016559720935109083,2025-12-08 14:06:26.473076,2025-12-08 14:06:28.589773,0 days 00:00:02.116697,0.626203338853802,0.04012759565878112,4,93,2445,103,1.7825629207815188,0.5082148576904618,0.8647369969694115,extensive,final,lgbm,pca_only,True,COMPLETE
202,-0.0016559720935109083,2025-12-08 14:06:28.591027,2025-12-08 14:06:30.374413,0 days 00:00:01.783386,0.6083277329963461,0.04933652443693183,4,88,2546,102,2.381816951117175,0.6228756639605751,0.8695025064238876,extensive,final,lgbm,pca_only,True,COMPLETE
203,-0.0016559720935109083,2025-12-08 14:06:30.375627,2025-12-08 14:06:32.310766,0 days 00:00:01.935139,0.6363594240132588,0.0059603722502978365,4,96,3859,106,1.6155653664693825,0.5611000996047678,0.8316120688171877,extensive,final,lgbm,pca_only,True,COMPLETE
204,-0.0016559720935109083,2025-12-08 14:06:32.310766,2025-12-08 14:06:34.055049,0 days 00:00:01.744283,0.6173043494306805,0.04309572637537273,3,92,2235,99,1.6662997892044573,0.43943896823285256,0.8492449198678155,extensive,final,lgbm,pca_only,True,COMPLETE
205,-0.0016559720935109083,2025-12-08 14:06:34.056337,2025-12-08 14:06:35.690776,0 days 00:00:01.634439,0.5946164182648286,0.04654323426277686,5,37,2016,101,4.473019463426174,0.5708912487709681,0.8870195478172458,extensive,final,lgbm,pca_only,True,COMPLETE
206,-0.0016559720935109083,2025-12-08 14:06:35.690776,2025-12-08 14:06:37.823332,0 days 00:00:02.132556,0.5334969594827778,0.03570867051055052,9,98,646,96,1.4109876983677865,0.26655154270490766,0.537142422694574,extensive,final,lgbm,pca_only,True,COMPLETE
207,-0.0016559720935109083,2025-12-08 14:06:37.823814,2025-12-08 14:06:39.558129,0 days 00:00:01.734315,0.5550710682247971,0.02901974334474537,3,89,2335,98,3.2441156553088057,2.6959064289936623,0.7859552945532329,extensive,final,lgbm,pca_only,True,COMPLETE
208,-0.0016559720935109083,2025-12-08 14:06:39.558129,2025-12-08 14:06:41.353982,0 days 00:00:01.795853,0.9150687056043979,0.031238238655129126,6,100,2666,67,1.989749043427129,4.771773691787345,0.5714194173375529,extensive,final,lgbm,pca_only,True,COMPLETE
209,-0.0016559720935109083,2025-12-08 14:06:41.353982,2025-12-08 14:06:43.158705,0 days 00:00:01.804723,0.7211746803769848,0.021965304148101154,11,35,2385,117,1.8270711061710718,0.13321895328287855,0.8777863376095054,extensive,final,lgbm,pca_only,True,COMPLETE
210,-0.0016559720935109083,2025-12-08 14:06:43.159708,2025-12-08 14:06:44.851054,0 days 00:00:01.691346,0.8012499660902056,0.05307609778308051,4,91,1201,79,3.7356186900226507,3.02220120790318,0.5238796232943096,extensive,final,lgbm,pca_only,True,COMPLETE
211,-0.0016559720935109083,2025-12-08 14:06:44.852038,2025-12-08 14:06:46.560791,0 days 00:00:01.708753,0.8316779532279269,0.08161297501597706,11,49,1665,100,2.7570052589769496,3.8330229806990532,0.7438886020829205,extensive,final,lgbm,pca_only,True,COMPLETE
212,-0.0016559720935109083,2025-12-08 14:06:46.560791,2025-12-08 14:06:48.276342,0 days 00:00:01.715551,0.848886984249181,0.09738569801714345,10,51,2183,112,2.5821820665490756,2.435216746062169,0.7685170248360192,extensive,final,lgbm,pca_only,True,COMPLETE
213,-0.0016559720935109083,2025-12-08 14:06:48.277433,2025-12-08 14:06:49.970341,0 days 00:00:01.692908,0.6666558945502843,0.008379470355238401,12,54,1832,113,2.2272340099061667,0.3850480896394229,0.753620413250176,extensive,final,lgbm,pca_only,True,COMPLETE
214,-0.0016559720935109083,2025-12-08 14:06:49.971345,2025-12-08 14:06:51.708937,0 days 00:00:01.737592,0.6431429272428397,0.005539361214158706,5,47,1943,109,3.0235193382552783,3.03143913475859,0.510105043840712,extensive,final,lgbm,pca_only,True,COMPLETE
215,-0.0016559720935109083,2025-12-08 14:06:51.708937,2025-12-08 14:06:53.441246,0 days 00:00:01.732309,0.8225866769934876,0.0863026345243582,7,52,2074,122,2.90784694342758,4.135357399940013,0.6859355740628206,extensive,final,lgbm,pca_only,True,COMPLETE
216,-0.0016559720935109083,2025-12-08 14:06:53.442289,2025-12-08 14:06:55.108829,0 days 00:00:01.666540,0.837251212324362,0.09323663835941551,10,43,1791,113,4.32453558532657,3.370501301879446,0.8928287140009875,extensive,final,lgbm,pca_only,True,COMPLETE
217,-0.0016559720935109083,2025-12-08 14:06:55.108829,2025-12-08 14:06:56.861213,0 days 00:00:01.752384,0.7439957002866394,0.09957753942813939,3,59,2487,115,3.103595906985501,0.4653278029916172,0.8412738426380669,extensive,final,lgbm,pca_only,True,COMPLETE
218,-0.0016559720935109083,2025-12-08 14:06:56.861213,2025-12-08 14:06:58.818341,0 days 00:00:01.957128,0.6152977018144721,0.050047170627260024,11,95,3939,70,4.750476978462956,0.7278033787272248,0.7078672946872543,extensive,final,lgbm,pca_only,True,COMPLETE
219,-0.0016559720935109083,2025-12-08 14:06:58.818341,2025-12-08 14:07:00.645114,0 days 00:00:01.826773,0.8702359272511944,0.0765915639967702,9,14,2860,77,1.311440117764309,0.3454254411554199,0.8585390580706608,extensive,final,lgbm,pca_only,True,COMPLETE
220,-0.0016559720935109083,2025-12-08 14:07:00.645114,2025-12-08 14:07:02.540784,0 days 00:00:01.895670,0.6963477888137797,0.09021687924015606,4,38,3128,73,1.4990158316435134,2.1635338634639303,0.5466147885509504,extensive,final,lgbm,pca_only,True,COMPLETE
221,-0.0016559720935109083,2025-12-08 14:07:02.540784,2025-12-08 14:07:04.357079,0 days 00:00:01.816295,0.7716508919157712,0.02346903558748037,6,10,2775,128,4.004691050097742,0.17620532681152734,0.824585229322536,extensive,final,lgbm,pca_only,True,COMPLETE
222,-0.0016559720935109083,2025-12-08 14:07:04.357079,2025-12-08 14:07:06.177468,0 days 00:00:01.820389,0.7794308692159875,0.013175014507092351,6,70,2954,126,3.4732241764967933,0.21629867306795686,0.8160675008021128,extensive,final,lgbm,pca_only,True,COMPLETE
223,-0.0016559720935109083,2025-12-08 14:07:06.177468,2025-12-08 14:07:08.128411,0 days 00:00:01.950943,0.8135817178257694,0.014673520519002139,7,82,2938,127,3.2453871276414104,0.2144437709194932,0.7995141835077078,extensive,final,lgbm,pca_only,True,COMPLETE
224,-0.0016559720935109083,2025-12-08 14:07:08.129930,2025-12-08 14:07:10.142286,0 days 00:00:02.012356,0.7111384165053112,0.04177675035990858,6,85,3052,125,3.841753482072756,1.5728238000877535,0.8085989407721491,extensive,final,lgbm,pca_only,True,COMPLETE
225,-0.0016559720935109083,2025-12-08 14:07:10.143476,2025-12-08 14:07:11.746977,0 days 00:00:01.603501,0.6812823087727167,0.05755284225273707,8,73,415,111,3.6014293729296427,18.119672553082037,0.7877030695114869,extensive,final,lgbm,pca_only,True,COMPLETE
226,-0.0016559720935109083,2025-12-08 14:07:11.746977,2025-12-08 14:07:13.476315,0 days 00:00:01.729338,0.5855361434537476,0.03783005145988644,12,75,1664,64,4.193449806869437,0.18780525783840413,0.829703231030645,extensive,final,lgbm,pca_only,True,COMPLETE
227,-0.0016559720935109083,2025-12-08 14:07:13.476315,2025-12-08 14:07:15.391872,0 days 00:00:01.915557,0.6514242331087717,0.06183904182696757,3,29,2615,83,1.908146244280181,0.261559929634527,0.7720967137153112,extensive,final,lgbm,pca_only,True,COMPLETE
228,-0.0016559720935109083,2025-12-08 14:07:15.391872,2025-12-08 14:07:17.151652,0 days 00:00:01.759780,0.7500501321144322,0.006629198732821047,10,76,763,104,2.4673027653753157,9.11916241382522,0.8407496900182689,extensive,final,lgbm,pca_only,True,COMPLETE
229,-0.0016559720935109083,2025-12-08 14:07:17.151652,2025-12-08 14:07:19.039893,0 days 00:00:01.888241,0.6047739972932956,0.005163873843138952,5,79,3306,97,3.3985609546332456,0.15114286968048996,0.9015359761831584,extensive,final,lgbm,pca_only,True,COMPLETE
230,-0.0016559720935109083,2025-12-08 14:07:19.039893,2025-12-08 14:07:21.212990,0 days 00:00:02.173097,0.8531492957273212,0.02722881707831221,8,41,3191,117,1.5735966092905198,0.4125445299875635,0.7178875855060157,extensive,final,lgbm,pca_only,True,COMPLETE
231,-0.0016559720935109083,2025-12-08 14:07:21.212990,2025-12-08 14:07:23.290569,0 days 00:00:02.077579,0.8044310064374941,0.09473073179141181,5,55,3514,119,4.755346317142818,2.4866628402123396,0.8764366101378803,extensive,final,lgbm,pca_only,True,COMPLETE
232,-0.0016559720935109083,2025-12-08 14:07:23.291569,2025-12-08 14:07:25.126422,0 days 00:00:01.834853,0.7889426176599418,0.08804182591515596,5,50,3215,121,4.568258988833903,0.11242900616240784,0.883680449569202,extensive,final,lgbm,pca_only,True,COMPLETE
233,-0.0016559720935109083,2025-12-08 14:07:25.127588,2025-12-08 14:07:26.975581,0 days 00:00:01.847993,0.8002360594380833,0.09742314318816414,5,48,3370,123,4.428572566253602,1.7227863922989541,0.8990803097369534,extensive,final,lgbm,pca_only,True,COMPLETE
234,-0.0016559720935109083,2025-12-08 14:07:26.975581,2025-12-08 14:07:28.523943,0 days 00:00:01.548362,0.8984835286615863,0.08208898279246045,5,57,295,120,3.8798488043186476,2.2864205849438664,0.5923850911473978,extensive,final,lgbm,pca_only,True,COMPLETE
235,-0.0016559720935109083,2025-12-08 14:07:28.523943,2025-12-08 14:07:30.409553,0 days 00:00:01.885610,0.8404885078940932,0.04482666700856831,6,32,3006,124,2.653893164020863,3.1178144741548377,0.8076657293572606,extensive,final,lgbm,pca_only,True,COMPLETE
236,-0.0016559720935109083,2025-12-08 14:07:30.409553,2025-12-08 14:07:32.258711,0 days 00:00:01.849158,0.5287915448613651,0.010153469419191196,4,46,1374,94,4.586634478072487,2.035986254382041,0.7020109472817118,extensive,final,lgbm,pca_only,True,COMPLETE
237,-0.0016559720935109083,2025-12-08 14:07:32.258711,2025-12-08 14:07:34.110856,0 days 00:00:01.852145,0.6290551925371574,0.011279432019033577,5,80,3142,92,1.7276214114668784,2.6607097311631507,0.9468146996594455,extensive,final,lgbm,pca_only,True,COMPLETE
238,-0.0016559720935109083,2025-12-08 14:07:34.110856,2025-12-08 14:07:35.851037,0 days 00:00:01.740181,0.7878290246116246,0.009153731701456476,7,52,3266,108,4.916202131465047,1.7816482748272118,0.9233345514532906,extensive,final,lgbm,pca_only,True,COMPLETE
239,-0.0016559720935109083,2025-12-08 14:07:35.851037,2025-12-08 14:07:37.926433,0 days 00:00:02.075396,0.7624317277836903,0.09069590264264032,3,49,940,87,4.0915889767301525,15.873692340890193,0.9889272137284895,extensive,final,lgbm,pca_only,True,COMPLETE
240,-0.0016559720935109083,2025-12-08 14:07:37.926433,2025-12-08 14:07:39.959330,0 days 00:00:02.032897,0.9999327343212863,0.09983019769536056,11,26,3774,121,4.694993346879105,0.305419463801584,0.6700854452953762,extensive,final,lgbm,pca_only,True,COMPLETE
241,-0.0016559720935109083,2025-12-08 14:07:39.960339,2025-12-08 14:07:41.956651,0 days 00:00:01.996312,0.9746133192064058,0.04727055203741012,5,42,3358,118,4.33875436469002,1.0398800989464037,0.888997687607855,extensive,final,lgbm,pca_only,True,COMPLETE
242,-0.0016559720935109083,2025-12-08 14:07:41.956651,2025-12-08 14:07:43.873581,0 days 00:00:01.916930,0.9303634245379198,0.055128999590923405,5,45,3137,115,4.480353866495879,1.1070599097234801,0.8566597150680042,extensive,final,lgbm,pca_only,True,COMPLETE
243,-0.0016559720935109083,2025-12-08 14:07:43.873581,2025-12-08 14:07:45.628961,0 days 00:00:01.755380,0.8857157566403889,0.049294685903817394,5,22,3250,119,2.3280176395005774,3.7888941518343864,0.874871345292206,extensive,final,lgbm,pca_only,True,COMPLETE
244,-0.0016559720935109083,2025-12-08 14:07:45.628961,2025-12-08 14:07:47.848317,0 days 00:00:02.219356,0.8261048848777753,0.02454162707624653,6,47,3097,117,4.557924381226811,12.087528379345656,0.970999365525037,extensive,final,lgbm,pca_only,True,COMPLETE
245,-0.0016559720935109083,2025-12-08 14:07:47.848819,2025-12-08 14:07:49.681937,0 days 00:00:01.833118,0.5967576747109324,0.05208268472263086,4,44,3435,81,2.0496153292078882,1.1766366539049582,0.6782049537406973,extensive,final,lgbm,pca_only,True,COMPLETE
246,-0.0016559720935109083,2025-12-08 14:07:49.681937,2025-12-08 14:07:51.389623,0 days 00:00:01.707686,0.898609521001118,0.04420678804285323,5,87,1546,121,2.8575448972083577,1.4359093765955508,0.9085976345142439,extensive,final,lgbm,pca_only,True,COMPLETE
247,-0.0016559720935109083,2025-12-08 14:07:51.389623,2025-12-08 14:07:53.095235,0 days 00:00:01.705612,0.8588118847510157,0.03945900636646724,3,53,1281,90,2.985100298932748,0.9053499217052365,0.870753522167217,extensive,final,lgbm,pca_only,True,COMPLETE
248,-0.0016559720935109083,2025-12-08 14:07:53.095235,2025-12-08 14:07:54.826269,0 days 00:00:01.731034,0.6367959681510722,0.015476526017680485,8,40,2100,114,4.664062827636065,1.2371470766803747,0.6930276661987047,extensive,final,lgbm,pca_only,True,COMPLETE
249,-0.0016559720935109083,2025-12-08 14:07:54.826269,2025-12-08 14:07:56.645282,0 days 00:00:01.819013,0.648566941781912,0.020574247919251738,9,50,2858,98,2.5518791228030637,0.5342916766587668,0.820456266223181,extensive,final,lgbm,pca_only,True,COMPLETE
250,-0.0016559720935109083,2025-12-08 14:07:56.646413,2025-12-08 14:07:58.410187,0 days 00:00:01.763774,0.6706568255168173,0.05683545330155283,6,18,2751,79,4.221086694032603,0.6431840877779057,0.6290440670722546,extensive,final,lgbm,pca_only,True,COMPLETE
251,-0.0016559720935109083,2025-12-08 14:07:58.410187,2025-12-08 14:08:00.360235,0 days 00:00:01.950048,0.5148310185506116,0.005823746886726166,12,12,3046,102,1.8224124038428555,6.929782261585716,0.8886263480799512,extensive,final,lgbm,pca_only,True,COMPLETE
252,-0.0016559720935109083,2025-12-08 14:08:00.361236,2025-12-08 14:08:02.060426,0 days 00:00:01.699190,0.5526584910443917,0.0653692084634618,4,91,1961,128,3.6999249792847135,0.24541961352615038,0.6096675715895684,extensive,final,lgbm,pca_only,True,COMPLETE
253,-0.0016559720935109083,2025-12-08 14:08:02.061843,2025-12-08 14:08:03.892983,0 days 00:00:01.831140,0.942660087191641,0.04742461915664865,5,66,3571,100,1.400914932511138,5.61312768363046,0.6495656485086637,extensive,final,lgbm,pca_only,True,COMPLETE
254,-0.0016559720935109083,2025-12-08 14:08:03.892983,2025-12-08 14:08:05.563098,0 days 00:00:01.670115,0.7258495145073348,0.051323822857199344,3,94,1445,99,3.2088287657998302,0.3391952797215697,0.7774684160483418,extensive,final,lgbm,pca_only,True,COMPLETE
255,-0.0016559720935109083,2025-12-08 14:08:05.563606,2025-12-08 14:08:07.425312,0 days 00:00:01.861706,0.8714000707231538,0.04111563896963412,10,98,3297,76,1.6560239844233426,0.789243469535856,0.8500611567657549,extensive,final,lgbm,pca_only,True,COMPLETE
256,-0.0016559720935109083,2025-12-08 14:08:07.425312,2025-12-08 14:08:09.093824,0 days 00:00:01.668512,0.816409585354814,0.005408465174449102,9,39,2564,84,4.007767416436448,18.75876131538962,0.7929129385718423,extensive,final,lgbm,pca_only,True,COMPLETE
257,-0.0016559720935109083,2025-12-08 14:08:09.094828,2025-12-08 14:08:10.810991,0 days 00:00:01.716163,0.7042291761285868,0.06055527417318777,8,100,3214,112,4.792883289128939,2.81390049661604,0.7592749462451535,extensive,final,lgbm,pca_only,True,COMPLETE
258,-0.0016559720935109083,2025-12-08 14:08:10.810991,2025-12-08 14:08:12.330296,0 days 00:00:01.519305,0.7392108734274581,0.01862123711983139,11,43,1027,124,4.514831964030132,0.287572444731541,0.9626100512237465,extensive,final,lgbm,pca_only,True,COMPLETE
259,-0.0016559720935109083,2025-12-08 14:08:12.330296,2025-12-08 14:08:14.063621,0 days 00:00:01.733325,0.5019998173273931,0.07288937433563318,6,46,1615,96,2.7656873838248184,19.799737251520344,0.8686664529357213,extensive,final,lgbm,pca_only,True,COMPLETE
260,-0.0016559720935109083,2025-12-08 14:08:14.063621,2025-12-08 14:08:16.061843,0 days 00:00:01.998222,0.6588890636041607,0.05351437924534668,7,63,837,116,3.3838469028372358,1.9365968655885506,0.7337707559196031,extensive,final,lgbm,pca_only,True,COMPLETE
261,-0.0016559720935109083,2025-12-08 14:08:16.063196,2025-12-08 14:08:17.811889,0 days 00:00:01.748693,0.8426564760944779,0.012247883582293166,3,34,1749,118,1.9536515712677258,14.68059173279479,0.8952734208610684,extensive,final,lgbm,pca_only,True,COMPLETE
262,-0.0016559720935109083,2025-12-08 14:08:17.811889,2025-12-08 14:08:19.646233,0 days 00:00:01.834344,0.9596019278382716,0.08429514069641313,4,15,3829,122,1.3051389890869047,3.403373969052388,0.8042644219822148,extensive,final,lgbm,pca_only,True,COMPLETE
263,-0.0016559720935109083,2025-12-08 14:08:19.647235,2025-12-08 14:08:21.395394,0 days 00:00:01.748159,0.5738558888562166,0.045012280154108256,5,48,1860,126,3.0838363674001608,0.201714385403707,0.8820629464426241,extensive,final,lgbm,pca_only,True,COMPLETE
264,-0.0016559720935109083,2025-12-08 14:08:21.395394,2025-12-08 14:08:23.167405,0 days 00:00:01.772011,0.9096059618684501,0.03299728184026762,5,88,509,119,1.7509410076543515,2.31559998546924,0.7064119042880238,extensive,final,lgbm,pca_only,True,COMPLETE
265,-0.0018277534826125486,2025-12-08 14:08:23.167405,2025-12-08 14:08:25.163748,0 days 00:00:01.996343,0.6210093056135209,0.005001846147260553,10,84,2681,80,1.1010381081760086,0.46755408751516775,0.9092766266482661,extensive,final,lgbm,pca_only,True,COMPLETE
266,-0.0016559720935109083,2025-12-08 14:08:25.163748,2025-12-08 14:08:26.946571,0 days 00:00:01.782823,0.7723805487652908,0.09113928301624594,3,51,2444,106,4.387528556108408,5.1298939425474215,0.8327455016428174,extensive,final,lgbm,pca_only,True,COMPLETE
267,-0.0016559720935109083,2025-12-08 14:08:26.947657,2025-12-08 14:08:28.779498,0 days 00:00:01.831841,0.6107004977465554,0.06737980797617195,7,36,2978,82,3.8458647693952606,4.180825155126937,0.813774843271141,extensive,final,lgbm,pca_only,True,COMPLETE
268,-0.0016559720935109083,2025-12-08 14:08:28.779498,2025-12-08 14:08:30.614092,0 days 00:00:01.834594,0.54003333572573,0.0077389489610843595,5,28,3644,86,3.302270724692608,1.471785655321299,0.9848407308741074,extensive,final,lgbm,pca_only,True,COMPLETE
269,-0.0016559720935109083,2025-12-08 14:08:30.614622,2025-12-08 14:08:32.380085,0 days 00:00:01.765463,0.681278176464248,0.006314225554107616,6,54,2264,111,1.4678501741142282,0.3968358059097262,0.7477593410608949,extensive,final,lgbm,pca_only,True,COMPLETE
270,-0.0016559720935109083,2025-12-08 14:08:32.380085,2025-12-08 14:08:34.190080,0 days 00:00:01.809995,0.7957596283022401,0.04795930836436644,4,49,2179,101,4.873134173394128,0.5663475720175647,0.9999583884190636,extensive,final,lgbm,pca_only,True,COMPLETE
271,-0.0016559720935109083,2025-12-08 14:08:34.190080,2025-12-08 14:08:35.928835,0 days 00:00:01.738755,0.5933697897307854,0.022484345037532764,10,38,2905,120,1.88063137447836,16.891544521144052,0.6607024324292274,extensive,final,lgbm,pca_only,True,COMPLETE
272,-0.0016559720935109083,2025-12-08 14:08:35.928835,2025-12-08 14:08:38.097781,0 days 00:00:02.168946,0.6552273572090322,0.042312296889101556,3,89,3931,71,4.655280653631314,10.2422017050224,0.7227371816772568,extensive,final,lgbm,pca_only,True,COMPLETE
273,-0.0016559720935109083,2025-12-08 14:08:38.098805,2025-12-08 14:08:39.979244,0 days 00:00:01.880439,0.9241375148894002,0.055530903694189185,12,97,2030,97,2.1420998108187335,0.6852974142490692,0.9337008327495631,extensive,final,lgbm,pca_only,True,COMPLETE
274,-0.0016559720935109083,2025-12-08 14:08:39.979244,2025-12-08 14:08:41.909929,0 days 00:00:01.930685,0.692505174521799,0.0943270142627048,8,30,3495,109,4.282614299732638,7.760537233426708,0.8666566062870505,extensive,final,lgbm,pca_only,True,COMPLETE
275,-0.0016559720935109083,2025-12-08 14:08:41.909929,2025-12-08 14:08:43.729032,0 days 00:00:01.819103,0.635057643041063,0.007067228604168673,11,92,3103,94,2.427006299717382,0.36955900524359997,0.825707149664189,extensive,final,lgbm,pca_only,True,COMPLETE
276,-0.0016559720935109083,2025-12-08 14:08:43.730033,2025-12-08 14:08:45.448191,0 days 00:00:01.718158,0.8784993061729941,0.03498131127912608,9,86,1510,89,2.6873879830633385,6.326952438136287,0.7674182868081526,extensive,final,lgbm,pca_only,True,COMPLETE
277,-0.0016559720935109083,2025-12-08 14:08:45.448191,2025-12-08 14:08:47.326285,0 days 00:00:01.878094,0.5236519911583518,0.04973888342005124,4,41,3357,113,3.538260766785795,0.12231007727026715,0.9508124623658544,extensive,final,lgbm,pca_only,True,COMPLETE
278,-0.0016559720935109083,2025-12-08 14:08:47.326285,2025-12-08 14:08:49.146310,0 days 00:00:01.820025,0.644244081553554,0.008586402007458084,5,45,2813,74,2.259312811294397,0.2468666035671733,0.6893864376938755,extensive,final,lgbm,pca_only,True,COMPLETE
279,-0.0016559720935109083,2025-12-08 14:08:49.147529,2025-12-08 14:08:50.993679,0 days 00:00:01.846150,0.669113848778285,0.029892518112815163,3,13,2354,103,1.5653608330031337,0.1683871057338139,0.8999657990116414,extensive,final,lgbm,pca_only,True,COMPLETE
280,-0.0016698651099001556,2025-12-08 14:08:50.993679,2025-12-08 14:08:52.898192,0 days 00:00:01.904513,0.780452425859585,0.026183562468179034,5,57,3160,78,1.2343265050924885,3.645091417390628,0.790366160792877,extensive,final,lgbm,pca_only,True,COMPLETE
281,-0.0016559720935109083,2025-12-08 14:08:52.898192,2025-12-08 14:08:54.784647,0 days 00:00:01.886455,0.5637347694679951,0.038866347142521344,9,20,2522,66,3.7813451098781283,1.6496864753557008,0.6392403870165293,extensive,final,lgbm,pca_only,True,COMPLETE
282,-0.010423964760407042,2025-12-08 14:08:54.784647,2025-12-08 14:08:56.733451,0 days 00:00:01.948804,0.8528049288367646,0.024192685303833977,6,24,3694,128,0.3413619114288773,2.958643030241019,0.7821109847806627,extensive,final,lgbm,pca_only,True,COMPLETE
283,-0.0016559720935109083,2025-12-08 14:08:56.734461,2025-12-08 14:08:58.880072,0 days 00:00:02.145611,0.8132848529385408,0.0776469470515733,7,44,2116,123,2.5384272279951867,1.2687931410944162,0.8588340134367259,extensive,final,lgbm,pca_only,True,COMPLETE
284,-0.0016559720935109083,2025-12-08 14:08:58.880072,2025-12-08 14:09:00.635023,0 days 00:00:01.754951,0.5470355721218503,0.045287402993294826,8,52,363,122,4.135519770115618,13.519516844975605,0.880486093226107,extensive,final,lgbm,pca_only,True,COMPLETE
285,-0.0016559720935109083,2025-12-08 14:09:00.636028,2025-12-08 14:09:02.300597,0 days 00:00:01.664569,0.7166799887316471,0.08606956510304842,5,71,703,125,2.9263869741097395,2.557223692758071,0.8055699502910578,extensive,final,lgbm,pca_only,True,COMPLETE
286,-0.0016559720935109083,2025-12-08 14:09:02.300597,2025-12-08 14:09:04.134558,0 days 00:00:01.833961,0.8339958025620646,0.0059888651400139045,3,47,3224,116,3.955431693568963,0.32163572464856227,0.8429963714356091,extensive,final,lgbm,pca_only,True,COMPLETE
287,-0.0016559720935109083,2025-12-08 14:09:04.135606,2025-12-08 14:09:05.718534,0 days 00:00:01.582928,0.5816531139119395,0.05879658795073396,4,75,213,92,4.46264849542973,0.4127539988047059,0.6997579944100768,extensive,final,lgbm,pca_only,True,COMPLETE
288,-0.0016559720935109083,2025-12-08 14:09:05.719677,2025-12-08 14:09:07.377499,0 days 00:00:01.657822,0.7552906775360697,0.01759438645288279,10,90,918,81,3.128973051816563,2.0806727506131915,0.9775855994824374,extensive,final,lgbm,pca_only,True,COMPLETE
289,-0.0016559720935109083,2025-12-08 14:09:07.378695,2025-12-08 14:09:09.347246,0 days 00:00:01.968551,0.8605916189972601,0.013819245179556974,11,59,3981,98,2.0269384487075617,0.216932733847352,0.8921307416688256,extensive,final,lgbm,pca_only,True,COMPLETE
290,-0.0016559720935109083,2025-12-08 14:09:09.348250,2025-12-08 14:09:11.102095,0 days 00:00:01.753845,0.8258093646763849,0.05184787788865124,6,83,1104,100,1.7731083331054767,16.59126010418891,0.7138383541844034,extensive,final,lgbm,pca_only,True,COMPLETE
291,-0.0016559720935109083,2025-12-08 14:09:11.103182,2025-12-08 14:09:12.945688,0 days 00:00:01.842506,0.6264733456079297,0.040894665755566675,4,32,2609,105,4.656971675856884,3.24190286511056,0.8169993492589405,extensive,final,lgbm,pca_only,True,COMPLETE
292,-0.0016559720935109083,2025-12-08 14:09:12.945688,2025-12-08 14:09:14.735591,0 days 00:00:01.789903,0.6015402269271796,0.010601472408900456,5,95,3061,127,1.6567107959427623,0.6033508806047803,0.5330581062279126,extensive,final,lgbm,pca_only,True,COMPLETE
293,-0.0016559720935109083,2025-12-08 14:09:14.736679,2025-12-08 14:09:16.413415,0 days 00:00:01.676736,0.7330941228465508,0.027791926989467954,12,81,804,108,4.972125525940642,0.512823075947746,0.6176235418186734,extensive,final,lgbm,pca_only,True,COMPLETE
294,-0.0016559720935109083,2025-12-08 14:09:16.414416,2025-12-08 14:09:18.164529,0 days 00:00:01.750113,0.9824945751907702,0.06063515720858471,3,40,1645,120,2.799852141444174,0.27535182957829984,0.8359041410654448,extensive,final,lgbm,pca_only,True,COMPLETE
295,-0.0016559720935109083,2025-12-08 14:09:18.164529,2025-12-08 14:09:19.702555,0 days 00:00:01.538026,0.6458229033459522,0.0055990695295041375,10,27,1729,77,1.5054063941221802,0.1804187088891609,0.5186014660408663,extensive,final,lgbm,pca_only,True,COMPLETE
296,-0.0016559720935109083,2025-12-08 14:09:19.703655,2025-12-08 14:09:21.605902,0 days 00:00:01.902247,0.8076538128385892,0.03645772429482105,8,16,3334,69,1.8689434140834749,0.9040670699748229,0.6806723449868822,extensive,final,lgbm,pca_only,True,COMPLETE
297,-0.0016559720935109083,2025-12-08 14:09:21.606901,2025-12-08 14:09:23.883183,0 days 00:00:02.276282,0.6623594451378829,0.06429691500102079,5,53,1898,110,1.4094968688870437,0.15541598224473158,0.5534546606101148,extensive,final,lgbm,pca_only,True,COMPLETE
298,-0.0016559720935109083,2025-12-08 14:09:23.883183,2025-12-08 14:09:25.896170,0 days 00:00:02.012987,0.6752917074080323,0.046587271397370955,7,42,2989,117,4.064722486622135,4.655384620475725,0.7968034631239247,extensive,final,lgbm,pca_only,True,COMPLETE
299,-0.0016559720935109083,2025-12-08 14:09:25.896170,2025-12-08 14:09:27.416734,0 days 00:00:01.520564,0.5362635923206972,0.09414709190023902,9,37,602,95,2.3416505554050184,1.7762534320571464,0.8643049283167826,extensive,final,lgbm,pca_only,True,COMPLETE
