number,value,datetime_start,datetime_complete,duration,user_attrs_feat_level,user_attrs_label,user_attrs_model_type,user_attrs_pca_mode,user_attrs_use_PCA,state
0,-88877.81159326383,2025-12-08 12:37:04.540609,2025-12-08 12:37:05.656901,0 days 00:00:01.116292,extensive,final,ols,pca_block,True,COMPLETE
1,-88878.36645986086,2025-12-08 12:37:05.657561,2025-12-08 12:37:06.914768,0 days 00:00:01.257207,extensive,final,ols,pca_block,True,COMPLETE
2,-88878.95904212812,2025-12-08 12:37:06.915271,2025-12-08 12:37:08.172004,0 days 00:00:01.256733,extensive,final,ols,pca_block,True,COMPLETE
3,-88878.67727958068,2025-12-08 12:37:08.172004,2025-12-08 12:37:09.405818,0 days 00:00:01.233814,extensive,final,ols,pca_block,True,COMPLETE
4,-88877.3108531502,2025-12-08 12:37:09.405818,2025-12-08 12:37:10.574240,0 days 00:00:01.168422,extensive,final,ols,pca_block,True,COMPLETE
5,-88876.80224762188,2025-12-08 12:37:10.574240,2025-12-08 12:37:11.815058,0 days 00:00:01.240818,extensive,final,ols,pca_block,True,COMPLETE
6,-88878.49886434118,2025-12-08 12:37:11.816068,2025-12-08 12:37:13.072780,0 days 00:00:01.256712,extensive,final,ols,pca_block,True,COMPLETE
7,-88877.02757682936,2025-12-08 12:37:13.073907,2025-12-08 12:37:14.314021,0 days 00:00:01.240114,extensive,final,ols,pca_block,True,COMPLETE
8,-88880.87104244721,2025-12-08 12:37:14.315025,2025-12-08 12:37:15.539714,0 days 00:00:01.224689,extensive,final,ols,pca_block,True,COMPLETE
9,-88878.65457256675,2025-12-08 12:37:15.539714,2025-12-08 12:37:16.753117,0 days 00:00:01.213403,extensive,final,ols,pca_block,True,COMPLETE
10,-88878.18386257185,2025-12-08 12:37:16.753117,2025-12-08 12:37:17.967053,0 days 00:00:01.213936,extensive,final,ols,pca_block,True,COMPLETE
11,-88878.298568529,2025-12-08 12:37:17.968333,2025-12-08 12:37:19.188366,0 days 00:00:01.220033,extensive,final,ols,pca_block,True,COMPLETE
12,-88880.44784469869,2025-12-08 12:37:19.188366,2025-12-08 12:37:20.426896,0 days 00:00:01.238530,extensive,final,ols,pca_block,True,COMPLETE
13,-88879.61532008818,2025-12-08 12:37:20.426896,2025-12-08 12:37:21.641186,0 days 00:00:01.214290,extensive,final,ols,pca_block,True,COMPLETE
14,-88878.09447649731,2025-12-08 12:37:21.642188,2025-12-08 12:37:22.880824,0 days 00:00:01.238636,extensive,final,ols,pca_block,True,COMPLETE
15,-88878.79059093869,2025-12-08 12:37:22.880824,2025-12-08 12:37:24.107836,0 days 00:00:01.227012,extensive,final,ols,pca_block,True,COMPLETE
16,-88878.90979406155,2025-12-08 12:37:24.108895,2025-12-08 12:37:25.352942,0 days 00:00:01.244047,extensive,final,ols,pca_block,True,COMPLETE
17,-88875.58533498073,2025-12-08 12:37:25.352942,2025-12-08 12:37:26.737782,0 days 00:00:01.384840,extensive,final,ols,pca_block,True,COMPLETE
18,-88882.3187066681,2025-12-08 12:37:26.737782,2025-12-08 12:37:27.971801,0 days 00:00:01.234019,extensive,final,ols,pca_block,True,COMPLETE
19,-88872.50818839624,2025-12-08 12:37:27.973048,2025-12-08 12:37:29.204682,0 days 00:00:01.231634,extensive,final,ols,pca_block,True,COMPLETE
20,-88878.74124544095,2025-12-08 12:37:29.204682,2025-12-08 12:37:30.424942,0 days 00:00:01.220260,extensive,final,ols,pca_block,True,COMPLETE
21,-88879.04066875736,2025-12-08 12:37:30.426950,2025-12-08 12:37:31.674502,0 days 00:00:01.247552,extensive,final,ols,pca_block,True,COMPLETE
22,-88881.93670402688,2025-12-08 12:37:31.674502,2025-12-08 12:37:32.897277,0 days 00:00:01.222775,extensive,final,ols,pca_block,True,COMPLETE
23,-88879.4402149068,2025-12-08 12:37:32.898201,2025-12-08 12:37:34.109378,0 days 00:00:01.211177,extensive,final,ols,pca_block,True,COMPLETE
24,-88878.55240384351,2025-12-08 12:37:34.110443,2025-12-08 12:37:35.331598,0 days 00:00:01.221155,extensive,final,ols,pca_block,True,COMPLETE
25,-88873.35271649832,2025-12-08 12:37:35.331598,2025-12-08 12:37:36.540970,0 days 00:00:01.209372,extensive,final,ols,pca_block,True,COMPLETE
26,-88878.02853431377,2025-12-08 12:37:36.540970,2025-12-08 12:37:37.754967,0 days 00:00:01.213997,extensive,final,ols,pca_block,True,COMPLETE
27,-88879.11736756709,2025-12-08 12:37:37.756568,2025-12-08 12:37:38.974743,0 days 00:00:01.218175,extensive,final,ols,pca_block,True,COMPLETE
28,-88878.42466546562,2025-12-08 12:37:38.974743,2025-12-08 12:37:40.204685,0 days 00:00:01.229942,extensive,final,ols,pca_block,True,COMPLETE
29,-88878.66041781621,2025-12-08 12:37:40.204685,2025-12-08 12:37:41.473881,0 days 00:00:01.269196,extensive,final,ols,pca_block,True,COMPLETE
30,-88878.20242340647,2025-12-08 12:37:41.476018,2025-12-08 12:37:42.739623,0 days 00:00:01.263605,extensive,final,ols,pca_block,True,COMPLETE
31,-88876.7266792031,2025-12-08 12:37:42.741082,2025-12-08 12:37:43.975159,0 days 00:00:01.234077,extensive,final,ols,pca_block,True,COMPLETE
32,-88878.15886499854,2025-12-08 12:37:43.975949,2025-12-08 12:37:45.283492,0 days 00:00:01.307543,extensive,final,ols,pca_block,True,COMPLETE
33,-88877.77971635982,2025-12-08 12:37:45.284624,2025-12-08 12:37:46.576658,0 days 00:00:01.292034,extensive,final,ols,pca_block,True,COMPLETE
34,-88876.6174813829,2025-12-08 12:37:46.576658,2025-12-08 12:37:47.834868,0 days 00:00:01.258210,extensive,final,ols,pca_block,True,COMPLETE
35,-88876.64215715107,2025-12-08 12:37:47.834868,2025-12-08 12:37:49.075470,0 days 00:00:01.240602,extensive,final,ols,pca_block,True,COMPLETE
36,-88876.30001554776,2025-12-08 12:37:49.076476,2025-12-08 12:37:50.286794,0 days 00:00:01.210318,extensive,final,ols,pca_block,True,COMPLETE
37,-88878.72733045864,2025-12-08 12:37:50.286794,2025-12-08 12:37:51.559738,0 days 00:00:01.272944,extensive,final,ols,pca_block,True,COMPLETE
38,-88880.66910283722,2025-12-08 12:37:51.560053,2025-12-08 12:37:52.787952,0 days 00:00:01.227899,extensive,final,ols,pca_block,True,COMPLETE
39,-88895.79029105422,2025-12-08 12:37:52.787952,2025-12-08 12:37:54.010122,0 days 00:00:01.222170,extensive,final,ols,pca_block,True,COMPLETE
40,-88879.30080149701,2025-12-08 12:37:54.010122,2025-12-08 12:37:55.205879,0 days 00:00:01.195757,extensive,final,ols,pca_block,True,COMPLETE
41,-88877.57635331621,2025-12-08 12:37:55.207885,2025-12-08 12:37:56.447112,0 days 00:00:01.239227,extensive,final,ols,pca_block,True,COMPLETE
42,-88879.08587731219,2025-12-08 12:37:56.448264,2025-12-08 12:37:57.659080,0 days 00:00:01.210816,extensive,final,ols,pca_block,True,COMPLETE
43,-88878.25623959977,2025-12-08 12:37:57.660038,2025-12-08 12:37:58.900567,0 days 00:00:01.240529,extensive,final,ols,pca_block,True,COMPLETE
44,-88876.49128302925,2025-12-08 12:37:58.900567,2025-12-08 12:38:00.140733,0 days 00:00:01.240166,extensive,final,ols,pca_block,True,COMPLETE
45,-88877.5780454806,2025-12-08 12:38:00.140733,2025-12-08 12:38:01.390343,0 days 00:00:01.249610,extensive,final,ols,pca_block,True,COMPLETE
46,-88877.27910141261,2025-12-08 12:38:01.390343,2025-12-08 12:38:02.609012,0 days 00:00:01.218669,extensive,final,ols,pca_block,True,COMPLETE
47,-88880.39535090332,2025-12-08 12:38:02.610188,2025-12-08 12:38:03.834854,0 days 00:00:01.224666,extensive,final,ols,pca_block,True,COMPLETE
48,-88882.2991354108,2025-12-08 12:38:03.834854,2025-12-08 12:38:05.075986,0 days 00:00:01.241132,extensive,final,ols,pca_block,True,COMPLETE
49,-88877.15729590405,2025-12-08 12:38:05.076977,2025-12-08 12:38:06.315936,0 days 00:00:01.238959,extensive,final,ols,pca_block,True,COMPLETE
50,-88880.2614345228,2025-12-08 12:38:06.317251,2025-12-08 12:38:07.576238,0 days 00:00:01.258987,extensive,final,ols,pca_block,True,COMPLETE
51,-88875.65961697878,2025-12-08 12:38:07.577330,2025-12-08 12:38:08.872235,0 days 00:00:01.294905,extensive,final,ols,pca_block,True,COMPLETE
52,-88878.17346573567,2025-12-08 12:38:08.874655,2025-12-08 12:38:09.994570,0 days 00:00:01.119915,extensive,final,ols,pca_block,True,COMPLETE
53,-88887.07709566248,2025-12-08 12:38:09.995038,2025-12-08 12:38:11.271082,0 days 00:00:01.276044,extensive,final,ols,pca_block,True,COMPLETE
54,-88870.07729648864,2025-12-08 12:38:11.271947,2025-12-08 12:38:12.509665,0 days 00:00:01.237718,extensive,final,ols,pca_block,True,COMPLETE
55,-88879.08785139986,2025-12-08 12:38:12.509665,2025-12-08 12:38:13.757148,0 days 00:00:01.247483,extensive,final,ols,pca_block,True,COMPLETE
56,-88878.57526067957,2025-12-08 12:38:13.757148,2025-12-08 12:38:15.027273,0 days 00:00:01.270125,extensive,final,ols,pca_block,True,COMPLETE
57,-88877.50611089946,2025-12-08 12:38:15.027865,2025-12-08 12:38:16.285978,0 days 00:00:01.258113,extensive,final,ols,pca_block,True,COMPLETE
58,-88877.35077282404,2025-12-08 12:38:16.285978,2025-12-08 12:38:17.542531,0 days 00:00:01.256553,extensive,final,ols,pca_block,True,COMPLETE
59,-88880.63111943803,2025-12-08 12:38:17.542531,2025-12-08 12:38:18.821191,0 days 00:00:01.278660,extensive,final,ols,pca_block,True,COMPLETE
60,-88880.02912764969,2025-12-08 12:38:18.821191,2025-12-08 12:38:20.095549,0 days 00:00:01.274358,extensive,final,ols,pca_block,True,COMPLETE
61,-88877.60376693813,2025-12-08 12:38:20.095549,2025-12-08 12:38:21.349678,0 days 00:00:01.254129,extensive,final,ols,pca_block,True,COMPLETE
62,-88880.12095777468,2025-12-08 12:38:21.350683,2025-12-08 12:38:22.563867,0 days 00:00:01.213184,extensive,final,ols,pca_block,True,COMPLETE
63,-88878.95896665387,2025-12-08 12:38:22.563867,2025-12-08 12:38:23.789681,0 days 00:00:01.225814,extensive,final,ols,pca_block,True,COMPLETE
64,-88869.29567745072,2025-12-08 12:38:23.790657,2025-12-08 12:38:25.011309,0 days 00:00:01.220652,extensive,final,ols,pca_block,True,COMPLETE
65,-88876.58396338321,2025-12-08 12:38:25.012119,2025-12-08 12:38:26.261271,0 days 00:00:01.249152,extensive,final,ols,pca_block,True,COMPLETE
66,-88878.29797913204,2025-12-08 12:38:26.261775,2025-12-08 12:38:27.527872,0 days 00:00:01.266097,extensive,final,ols,pca_block,True,COMPLETE
67,-88885.18526396679,2025-12-08 12:38:27.527872,2025-12-08 12:38:28.775088,0 days 00:00:01.247216,extensive,final,ols,pca_block,True,COMPLETE
68,-88878.43269619068,2025-12-08 12:38:28.775088,2025-12-08 12:38:30.010823,0 days 00:00:01.235735,extensive,final,ols,pca_block,True,COMPLETE
69,-88875.25043166381,2025-12-08 12:38:30.010823,2025-12-08 12:38:31.272276,0 days 00:00:01.261453,extensive,final,ols,pca_block,True,COMPLETE
70,-88878.31852207704,2025-12-08 12:38:31.273284,2025-12-08 12:38:32.510851,0 days 00:00:01.237567,extensive,final,ols,pca_block,True,COMPLETE
71,-88879.99769575232,2025-12-08 12:38:32.511967,2025-12-08 12:38:33.885222,0 days 00:00:01.373255,extensive,final,ols,pca_block,True,COMPLETE
72,-88876.83143781632,2025-12-08 12:38:33.885222,2025-12-08 12:38:35.114509,0 days 00:00:01.229287,extensive,final,ols,pca_block,True,COMPLETE
73,-88878.36901658277,2025-12-08 12:38:35.114509,2025-12-08 12:38:36.342614,0 days 00:00:01.228105,extensive,final,ols,pca_block,True,COMPLETE
74,-88877.82470891828,2025-12-08 12:38:36.342614,2025-12-08 12:38:37.560112,0 days 00:00:01.217498,extensive,final,ols,pca_block,True,COMPLETE
75,-88879.39217761974,2025-12-08 12:38:37.560433,2025-12-08 12:38:38.805471,0 days 00:00:01.245038,extensive,final,ols,pca_block,True,COMPLETE
76,-88875.0339172518,2025-12-08 12:38:38.805471,2025-12-08 12:38:40.042905,0 days 00:00:01.237434,extensive,final,ols,pca_block,True,COMPLETE
77,-88877.92174349197,2025-12-08 12:38:40.043410,2025-12-08 12:38:41.319413,0 days 00:00:01.276003,extensive,final,ols,pca_block,True,COMPLETE
78,-88877.15036555886,2025-12-08 12:38:41.320570,2025-12-08 12:38:42.561546,0 days 00:00:01.240976,extensive,final,ols,pca_block,True,COMPLETE
79,-88879.31293756497,2025-12-08 12:38:42.562674,2025-12-08 12:38:43.776533,0 days 00:00:01.213859,extensive,final,ols,pca_block,True,COMPLETE
80,-88873.72211087572,2025-12-08 12:38:43.776533,2025-12-08 12:38:45.045704,0 days 00:00:01.269171,extensive,final,ols,pca_block,True,COMPLETE
81,-88878.50264387617,2025-12-08 12:38:45.045704,2025-12-08 12:38:46.288355,0 days 00:00:01.242651,extensive,final,ols,pca_block,True,COMPLETE
82,-88880.72045057948,2025-12-08 12:38:46.288355,2025-12-08 12:38:47.546271,0 days 00:00:01.257916,extensive,final,ols,pca_block,True,COMPLETE
83,-88877.69772033459,2025-12-08 12:38:47.546271,2025-12-08 12:38:48.854814,0 days 00:00:01.308543,extensive,final,ols,pca_block,True,COMPLETE
84,-88855.37602955673,2025-12-08 12:38:48.854814,2025-12-08 12:38:50.095835,0 days 00:00:01.241021,extensive,final,ols,pca_block,True,COMPLETE
85,-88881.28777119114,2025-12-08 12:38:50.097002,2025-12-08 12:38:51.414119,0 days 00:00:01.317117,extensive,final,ols,pca_block,True,COMPLETE
86,-88878.70135864709,2025-12-08 12:38:51.414119,2025-12-08 12:38:52.712812,0 days 00:00:01.298693,extensive,final,ols,pca_block,True,COMPLETE
87,-88875.88898709258,2025-12-08 12:38:52.712812,2025-12-08 12:38:53.967675,0 days 00:00:01.254863,extensive,final,ols,pca_block,True,COMPLETE
88,-88879.50211734754,2025-12-08 12:38:53.968448,2025-12-08 12:38:55.225383,0 days 00:00:01.256935,extensive,final,ols,pca_block,True,COMPLETE
89,-88878.48324363561,2025-12-08 12:38:55.229400,2025-12-08 12:38:56.479088,0 days 00:00:01.249688,extensive,final,ols,pca_block,True,COMPLETE
90,-88880.7089954067,2025-12-08 12:38:56.480176,2025-12-08 12:38:57.712819,0 days 00:00:01.232643,extensive,final,ols,pca_block,True,COMPLETE
91,-88878.74959119725,2025-12-08 12:38:57.712819,2025-12-08 12:38:58.933008,0 days 00:00:01.220189,extensive,final,ols,pca_block,True,COMPLETE
92,-88881.28808821365,2025-12-08 12:38:58.934840,2025-12-08 12:39:00.161695,0 days 00:00:01.226855,extensive,final,ols,pca_block,True,COMPLETE
93,-88879.39864159923,2025-12-08 12:39:00.161695,2025-12-08 12:39:01.401342,0 days 00:00:01.239647,extensive,final,ols,pca_block,True,COMPLETE
94,-88881.26238085191,2025-12-08 12:39:01.401342,2025-12-08 12:39:02.614443,0 days 00:00:01.213101,extensive,final,ols,pca_block,True,COMPLETE
95,-88878.78391826292,2025-12-08 12:39:02.614443,2025-12-08 12:39:03.838651,0 days 00:00:01.224208,extensive,final,ols,pca_block,True,COMPLETE
96,-88879.19650663779,2025-12-08 12:39:03.838651,2025-12-08 12:39:04.962312,0 days 00:00:01.123661,extensive,final,ols,pca_block,True,COMPLETE
97,-88878.63458466827,2025-12-08 12:39:04.963842,2025-12-08 12:39:06.306887,0 days 00:00:01.343045,extensive,final,ols,pca_block,True,COMPLETE
98,-88881.8685300884,2025-12-08 12:39:06.306887,2025-12-08 12:39:07.530088,0 days 00:00:01.223201,extensive,final,ols,pca_block,True,COMPLETE
99,-88877.32873006661,2025-12-08 12:39:07.531221,2025-12-08 12:39:08.777473,0 days 00:00:01.246252,extensive,final,ols,pca_block,True,COMPLETE
100,-88894.33655165823,2025-12-08 12:39:08.778407,2025-12-08 12:39:09.996929,0 days 00:00:01.218522,extensive,final,ols,pca_block,True,COMPLETE
101,-88876.98023583448,2025-12-08 12:39:09.998246,2025-12-08 12:39:11.212436,0 days 00:00:01.214190,extensive,final,ols,pca_block,True,COMPLETE
102,-88878.14641229562,2025-12-08 12:39:11.213441,2025-12-08 12:39:12.441700,0 days 00:00:01.228259,extensive,final,ols,pca_block,True,COMPLETE
103,-88877.90194680414,2025-12-08 12:39:12.442639,2025-12-08 12:39:13.664839,0 days 00:00:01.222200,extensive,final,ols,pca_block,True,COMPLETE
104,-88879.60853969702,2025-12-08 12:39:13.665974,2025-12-08 12:39:14.886216,0 days 00:00:01.220242,extensive,final,ols,pca_block,True,COMPLETE
105,-88878.30101188067,2025-12-08 12:39:14.887156,2025-12-08 12:39:16.098069,0 days 00:00:01.210913,extensive,final,ols,pca_block,True,COMPLETE
106,-88879.51199669357,2025-12-08 12:39:16.098069,2025-12-08 12:39:17.322672,0 days 00:00:01.224603,extensive,final,ols,pca_block,True,COMPLETE
107,-88876.97177047889,2025-12-08 12:39:17.322672,2025-12-08 12:39:18.546050,0 days 00:00:01.223378,extensive,final,ols,pca_block,True,COMPLETE
108,-88878.90602687384,2025-12-08 12:39:18.547053,2025-12-08 12:39:19.781193,0 days 00:00:01.234140,extensive,final,ols,pca_block,True,COMPLETE
109,-88877.8826849191,2025-12-08 12:39:19.782166,2025-12-08 12:39:21.014021,0 days 00:00:01.231855,extensive,final,ols,pca_block,True,COMPLETE
110,-88876.61613301678,2025-12-08 12:39:21.014021,2025-12-08 12:39:22.276138,0 days 00:00:01.262117,extensive,final,ols,pca_block,True,COMPLETE
111,-88880.10652096105,2025-12-08 12:39:22.276138,2025-12-08 12:39:23.580670,0 days 00:00:01.304532,extensive,final,ols,pca_block,True,COMPLETE
112,-88880.03358142561,2025-12-08 12:39:23.581721,2025-12-08 12:39:24.857502,0 days 00:00:01.275781,extensive,final,ols,pca_block,True,COMPLETE
113,-88877.97908619897,2025-12-08 12:39:24.857502,2025-12-08 12:39:26.115590,0 days 00:00:01.258088,extensive,final,ols,pca_block,True,COMPLETE
114,-88878.33583794117,2025-12-08 12:39:26.116675,2025-12-08 12:39:27.385344,0 days 00:00:01.268669,extensive,final,ols,pca_block,True,COMPLETE
115,-88879.12963773934,2025-12-08 12:39:27.385344,2025-12-08 12:39:28.597905,0 days 00:00:01.212561,extensive,final,ols,pca_block,True,COMPLETE
116,-88879.05622030392,2025-12-08 12:39:28.599440,2025-12-08 12:39:29.825790,0 days 00:00:01.226350,extensive,final,ols,pca_block,True,COMPLETE
117,-88884.88747657998,2025-12-08 12:39:29.825790,2025-12-08 12:39:31.048044,0 days 00:00:01.222254,extensive,final,ols,pca_block,True,COMPLETE
118,-88878.1969549493,2025-12-08 12:39:31.049483,2025-12-08 12:39:32.291429,0 days 00:00:01.241946,extensive,final,ols,pca_block,True,COMPLETE
119,-88878.58819110981,2025-12-08 12:39:32.291429,2025-12-08 12:39:33.531610,0 days 00:00:01.240181,extensive,final,ols,pca_block,True,COMPLETE
120,-88878.66883157466,2025-12-08 12:39:33.531610,2025-12-08 12:39:34.811893,0 days 00:00:01.280283,extensive,final,ols,pca_block,True,COMPLETE
121,-88883.75114914817,2025-12-08 12:39:34.811893,2025-12-08 12:39:36.065243,0 days 00:00:01.253350,extensive,final,ols,pca_block,True,COMPLETE
122,-88879.42357627164,2025-12-08 12:39:36.066290,2025-12-08 12:39:37.265088,0 days 00:00:01.198798,extensive,final,ols,pca_block,True,COMPLETE
123,-88877.46621982666,2025-12-08 12:39:37.265088,2025-12-08 12:39:38.514661,0 days 00:00:01.249573,extensive,final,ols,pca_block,True,COMPLETE
124,-88877.9191415431,2025-12-08 12:39:38.515119,2025-12-08 12:39:39.746634,0 days 00:00:01.231515,extensive,final,ols,pca_block,True,COMPLETE
125,-88876.66435618936,2025-12-08 12:39:39.746634,2025-12-08 12:39:40.952253,0 days 00:00:01.205619,extensive,final,ols,pca_block,True,COMPLETE
126,-88881.70973493396,2025-12-08 12:39:40.952253,2025-12-08 12:39:42.197075,0 days 00:00:01.244822,extensive,final,ols,pca_block,True,COMPLETE
127,-88878.95433550613,2025-12-08 12:39:42.199080,2025-12-08 12:39:43.417973,0 days 00:00:01.218893,extensive,final,ols,pca_block,True,COMPLETE
128,-88878.39741377265,2025-12-08 12:39:43.418793,2025-12-08 12:39:44.649587,0 days 00:00:01.230794,extensive,final,ols,pca_block,True,COMPLETE
129,-88878.11327944622,2025-12-08 12:39:44.649587,2025-12-08 12:39:45.876716,0 days 00:00:01.227129,extensive,final,ols,pca_block,True,COMPLETE
130,-88879.38750656648,2025-12-08 12:39:45.876716,2025-12-08 12:39:47.116509,0 days 00:00:01.239793,extensive,final,ols,pca_block,True,COMPLETE
131,-88876.33257615601,2025-12-08 12:39:47.117014,2025-12-08 12:39:48.340098,0 days 00:00:01.223084,extensive,final,ols,pca_block,True,COMPLETE
132,-88878.26468240896,2025-12-08 12:39:48.340098,2025-12-08 12:39:49.549628,0 days 00:00:01.209530,extensive,final,ols,pca_block,True,COMPLETE
133,-88878.96114595064,2025-12-08 12:39:49.549628,2025-12-08 12:39:50.778313,0 days 00:00:01.228685,extensive,final,ols,pca_block,True,COMPLETE
134,-88878.10339290947,2025-12-08 12:39:50.778313,2025-12-08 12:39:52.000714,0 days 00:00:01.222401,extensive,final,ols,pca_block,True,COMPLETE
135,-88880.71268073445,2025-12-08 12:39:52.000714,2025-12-08 12:39:53.278476,0 days 00:00:01.277762,extensive,final,ols,pca_block,True,COMPLETE
136,-88880.52858070958,2025-12-08 12:39:53.278476,2025-12-08 12:39:54.516046,0 days 00:00:01.237570,extensive,final,ols,pca_block,True,COMPLETE
137,-88876.60165362713,2025-12-08 12:39:54.516046,2025-12-08 12:39:55.809907,0 days 00:00:01.293861,extensive,final,ols,pca_block,True,COMPLETE
138,-88879.18333830468,2025-12-08 12:39:55.810787,2025-12-08 12:39:57.049664,0 days 00:00:01.238877,extensive,final,ols,pca_block,True,COMPLETE
139,-88875.75485951577,2025-12-08 12:39:57.050714,2025-12-08 12:39:58.310958,0 days 00:00:01.260244,extensive,final,ols,pca_block,True,COMPLETE
140,-88874.59113132331,2025-12-08 12:39:58.310958,2025-12-08 12:39:59.567717,0 days 00:00:01.256759,extensive,final,ols,pca_block,True,COMPLETE
141,-88877.95326016186,2025-12-08 12:39:59.568416,2025-12-08 12:40:00.856945,0 days 00:00:01.288529,extensive,final,ols,pca_block,True,COMPLETE
142,-88872.81594411201,2025-12-08 12:40:00.856945,2025-12-08 12:40:02.100182,0 days 00:00:01.243237,extensive,final,ols,pca_block,True,COMPLETE
143,-88880.71586721133,2025-12-08 12:40:02.100182,2025-12-08 12:40:03.328717,0 days 00:00:01.228535,extensive,final,ols,pca_block,True,COMPLETE
144,-88878.87764157537,2025-12-08 12:40:03.328717,2025-12-08 12:40:04.550924,0 days 00:00:01.222207,extensive,final,ols,pca_block,True,COMPLETE
145,-88878.71719246179,2025-12-08 12:40:04.550924,2025-12-08 12:40:05.795164,0 days 00:00:01.244240,extensive,final,ols,pca_block,True,COMPLETE
146,-88877.73172592297,2025-12-08 12:40:05.795164,2025-12-08 12:40:07.017114,0 days 00:00:01.221950,extensive,final,ols,pca_block,True,COMPLETE
147,-88881.2216558798,2025-12-08 12:40:07.018265,2025-12-08 12:40:08.246624,0 days 00:00:01.228359,extensive,final,ols,pca_block,True,COMPLETE
148,-88877.72980759431,2025-12-08 12:40:08.246624,2025-12-08 12:40:09.469097,0 days 00:00:01.222473,extensive,final,ols,pca_block,True,COMPLETE
149,-88877.50005505142,2025-12-08 12:40:09.469582,2025-12-08 12:40:10.732292,0 days 00:00:01.262710,extensive,final,ols,pca_block,True,COMPLETE
150,-88876.76676348108,2025-12-08 12:40:10.732292,2025-12-08 12:40:11.970860,0 days 00:00:01.238568,extensive,final,ols,pca_block,True,COMPLETE
151,-88879.94250652945,2025-12-08 12:40:11.971989,2025-12-08 12:40:13.231389,0 days 00:00:01.259400,extensive,final,ols,pca_block,True,COMPLETE
152,-88878.26023700433,2025-12-08 12:40:13.231389,2025-12-08 12:40:14.446898,0 days 00:00:01.215509,extensive,final,ols,pca_block,True,COMPLETE
153,-88879.35347835044,2025-12-08 12:40:14.446898,2025-12-08 12:40:15.667754,0 days 00:00:01.220856,extensive,final,ols,pca_block,True,COMPLETE
154,-88878.61737849789,2025-12-08 12:40:15.668769,2025-12-08 12:40:16.779099,0 days 00:00:01.110330,extensive,final,ols,pca_block,True,COMPLETE
155,-88880.53421906759,2025-12-08 12:40:16.779099,2025-12-08 12:40:17.984398,0 days 00:00:01.205299,extensive,final,ols,pca_block,True,COMPLETE
156,-88879.27270489548,2025-12-08 12:40:17.985488,2025-12-08 12:40:19.119379,0 days 00:00:01.133891,extensive,final,ols,pca_block,True,COMPLETE
157,-88879.72927226324,2025-12-08 12:40:19.119379,2025-12-08 12:40:20.230543,0 days 00:00:01.111164,extensive,final,ols,pca_block,True,COMPLETE
158,-88877.75945286224,2025-12-08 12:40:20.230543,2025-12-08 12:40:21.458881,0 days 00:00:01.228338,extensive,final,ols,pca_block,True,COMPLETE
159,-88877.68347094631,2025-12-08 12:40:21.460041,2025-12-08 12:40:22.732794,0 days 00:00:01.272753,extensive,final,ols,pca_block,True,COMPLETE
160,-88877.08723033224,2025-12-08 12:40:22.732794,2025-12-08 12:40:23.949608,0 days 00:00:01.216814,extensive,final,ols,pca_block,True,COMPLETE
161,-88882.35066478331,2025-12-08 12:40:23.953121,2025-12-08 12:40:25.200147,0 days 00:00:01.247026,extensive,final,ols,pca_block,True,COMPLETE
162,-88878.14057922184,2025-12-08 12:40:25.202155,2025-12-08 12:40:26.452673,0 days 00:00:01.250518,extensive,final,ols,pca_block,True,COMPLETE
163,-88879.09952309645,2025-12-08 12:40:26.453698,2025-12-08 12:40:27.685102,0 days 00:00:01.231404,extensive,final,ols,pca_block,True,COMPLETE
164,-88881.69835815304,2025-12-08 12:40:27.685102,2025-12-08 12:40:28.936393,0 days 00:00:01.251291,extensive,final,ols,pca_block,True,COMPLETE
165,-88878.38697396092,2025-12-08 12:40:28.937882,2025-12-08 12:40:30.231729,0 days 00:00:01.293847,extensive,final,ols,pca_block,True,COMPLETE
166,-88876.6058074028,2025-12-08 12:40:30.231729,2025-12-08 12:40:31.485188,0 days 00:00:01.253459,extensive,final,ols,pca_block,True,COMPLETE
167,-88879.22717426205,2025-12-08 12:40:31.485188,2025-12-08 12:40:32.700267,0 days 00:00:01.215079,extensive,final,ols,pca_block,True,COMPLETE
168,-88878.26373975821,2025-12-08 12:40:32.701272,2025-12-08 12:40:33.908955,0 days 00:00:01.207683,extensive,final,ols,pca_block,True,COMPLETE
169,-88878.44493712219,2025-12-08 12:40:33.908955,2025-12-08 12:40:35.151231,0 days 00:00:01.242276,extensive,final,ols,pca_block,True,COMPLETE
170,-88878.94826832072,2025-12-08 12:40:35.152171,2025-12-08 12:40:36.357560,0 days 00:00:01.205389,extensive,final,ols,pca_block,True,COMPLETE
171,-88880.52587835048,2025-12-08 12:40:36.357560,2025-12-08 12:40:37.585855,0 days 00:00:01.228295,extensive,final,ols,pca_block,True,COMPLETE
172,-88875.48469979793,2025-12-08 12:40:37.585855,2025-12-08 12:40:38.815203,0 days 00:00:01.229348,extensive,final,ols,pca_block,True,COMPLETE
173,-88877.63121311436,2025-12-08 12:40:38.815656,2025-12-08 12:40:40.034168,0 days 00:00:01.218512,extensive,final,ols,pca_block,True,COMPLETE
174,-88878.79599689487,2025-12-08 12:40:40.035170,2025-12-08 12:40:41.248867,0 days 00:00:01.213697,extensive,final,ols,pca_block,True,COMPLETE
175,-88877.51541300696,2025-12-08 12:40:41.248867,2025-12-08 12:40:42.522507,0 days 00:00:01.273640,extensive,final,ols,pca_block,True,COMPLETE
176,-88873.57808410778,2025-12-08 12:40:42.522507,2025-12-08 12:40:43.763412,0 days 00:00:01.240905,extensive,final,ols,pca_block,True,COMPLETE
177,-88876.19559174143,2025-12-08 12:40:43.763412,2025-12-08 12:40:45.002711,0 days 00:00:01.239299,extensive,final,ols,pca_block,True,COMPLETE
178,-88878.07049190368,2025-12-08 12:40:45.003862,2025-12-08 12:40:46.247607,0 days 00:00:01.243745,extensive,final,ols,pca_block,True,COMPLETE
179,-88881.48720157544,2025-12-08 12:40:46.247607,2025-12-08 12:40:47.502773,0 days 00:00:01.255166,extensive,final,ols,pca_block,True,COMPLETE
180,-88878.3846840753,2025-12-08 12:40:47.505633,2025-12-08 12:40:48.801228,0 days 00:00:01.295595,extensive,final,ols,pca_block,True,COMPLETE
181,-88877.56096719665,2025-12-08 12:40:48.801228,2025-12-08 12:40:50.018361,0 days 00:00:01.217133,extensive,final,ols,pca_block,True,COMPLETE
182,-88876.04110834734,2025-12-08 12:40:50.019668,2025-12-08 12:40:51.247351,0 days 00:00:01.227683,extensive,final,ols,pca_block,True,COMPLETE
183,-88878.42574503065,2025-12-08 12:40:51.247351,2025-12-08 12:40:52.468270,0 days 00:00:01.220919,extensive,final,ols,pca_block,True,COMPLETE
184,-88878.39090687573,2025-12-08 12:40:52.471476,2025-12-08 12:40:53.686744,0 days 00:00:01.215268,extensive,final,ols,pca_block,True,COMPLETE
185,-88881.39869132005,2025-12-08 12:40:53.687700,2025-12-08 12:40:54.892485,0 days 00:00:01.204785,extensive,final,ols,pca_block,True,COMPLETE
186,-88880.58687791375,2025-12-08 12:40:54.892485,2025-12-08 12:40:56.118760,0 days 00:00:01.226275,extensive,final,ols,pca_block,True,COMPLETE
187,-88878.41203662085,2025-12-08 12:40:56.120103,2025-12-08 12:40:57.334818,0 days 00:00:01.214715,extensive,final,ols,pca_block,True,COMPLETE
188,-88874.54138579854,2025-12-08 12:40:57.334818,2025-12-08 12:40:58.551642,0 days 00:00:01.216824,extensive,final,ols,pca_block,True,COMPLETE
189,-88875.22859511443,2025-12-08 12:40:58.551642,2025-12-08 12:40:59.782395,0 days 00:00:01.230753,extensive,final,ols,pca_block,True,COMPLETE
190,-88879.18908503355,2025-12-08 12:40:59.782395,2025-12-08 12:41:01.052387,0 days 00:00:01.269992,extensive,final,ols,pca_block,True,COMPLETE
191,-88875.39528561865,2025-12-08 12:41:01.053668,2025-12-08 12:41:02.296089,0 days 00:00:01.242421,extensive,final,ols,pca_block,True,COMPLETE
192,-88879.33231004122,2025-12-08 12:41:02.296089,2025-12-08 12:41:03.522196,0 days 00:00:01.226107,extensive,final,ols,pca_block,True,COMPLETE
193,-88885.04507623259,2025-12-08 12:41:03.522196,2025-12-08 12:41:04.814130,0 days 00:00:01.291934,extensive,final,ols,pca_block,True,COMPLETE
194,-88878.74363048091,2025-12-08 12:41:04.814130,2025-12-08 12:41:06.022515,0 days 00:00:01.208385,extensive,final,ols,pca_block,True,COMPLETE
195,-88878.06991286659,2025-12-08 12:41:06.022515,2025-12-08 12:41:07.250183,0 days 00:00:01.227668,extensive,final,ols,pca_block,True,COMPLETE
196,-88878.3419169594,2025-12-08 12:41:07.250183,2025-12-08 12:41:08.472772,0 days 00:00:01.222589,extensive,final,ols,pca_block,True,COMPLETE
197,-88878.99114994144,2025-12-08 12:41:08.473277,2025-12-08 12:41:09.688579,0 days 00:00:01.215302,extensive,final,ols,pca_block,True,COMPLETE
198,-88879.00041583023,2025-12-08 12:41:09.688579,2025-12-08 12:41:10.910200,0 days 00:00:01.221621,extensive,final,ols,pca_block,True,COMPLETE
199,-88879.05814548075,2025-12-08 12:41:10.910200,2025-12-08 12:41:12.152733,0 days 00:00:01.242533,extensive,final,ols,pca_block,True,COMPLETE
200,-88877.90989406819,2025-12-08 12:41:12.154566,2025-12-08 12:41:13.363907,0 days 00:00:01.209341,extensive,final,ols,pca_block,True,COMPLETE
201,-88877.49877090183,2025-12-08 12:41:13.363907,2025-12-08 12:41:14.585805,0 days 00:00:01.221898,extensive,final,ols,pca_block,True,COMPLETE
202,-88880.36588820601,2025-12-08 12:41:14.585805,2025-12-08 12:41:15.813731,0 days 00:00:01.227926,extensive,final,ols,pca_block,True,COMPLETE
203,-88878.36693031575,2025-12-08 12:41:15.814528,2025-12-08 12:41:17.021664,0 days 00:00:01.207136,extensive,final,ols,pca_block,True,COMPLETE
204,-88879.91907737397,2025-12-08 12:41:17.022707,2025-12-08 12:41:18.251809,0 days 00:00:01.229102,extensive,final,ols,pca_block,True,COMPLETE
205,-88881.43707643005,2025-12-08 12:41:18.251809,2025-12-08 12:41:19.506000,0 days 00:00:01.254191,extensive,final,ols,pca_block,True,COMPLETE
206,-88878.02811920673,2025-12-08 12:41:19.507268,2025-12-08 12:41:20.720336,0 days 00:00:01.213068,extensive,final,ols,pca_block,True,COMPLETE
207,-88878.56343143003,2025-12-08 12:41:20.720336,2025-12-08 12:41:21.969234,0 days 00:00:01.248898,extensive,final,ols,pca_block,True,COMPLETE
208,-88878.04219562795,2025-12-08 12:41:21.969234,2025-12-08 12:41:23.202137,0 days 00:00:01.232903,extensive,final,ols,pca_block,True,COMPLETE
209,-88879.73224490775,2025-12-08 12:41:23.202137,2025-12-08 12:41:24.415917,0 days 00:00:01.213780,extensive,final,ols,pca_block,True,COMPLETE
210,-88878.79112365615,2025-12-08 12:41:24.416423,2025-12-08 12:41:25.639226,0 days 00:00:01.222803,extensive,final,ols,pca_block,True,COMPLETE
211,-88878.75940536907,2025-12-08 12:41:25.639226,2025-12-08 12:41:26.848232,0 days 00:00:01.209006,extensive,final,ols,pca_block,True,COMPLETE
212,-88876.93905836181,2025-12-08 12:41:26.848232,2025-12-08 12:41:28.072199,0 days 00:00:01.223967,extensive,final,ols,pca_block,True,COMPLETE
213,-88877.7369050198,2025-12-08 12:41:28.072763,2025-12-08 12:41:29.297629,0 days 00:00:01.224866,extensive,final,ols,pca_block,True,COMPLETE
214,-88878.81791024655,2025-12-08 12:41:29.297629,2025-12-08 12:41:30.522731,0 days 00:00:01.225102,extensive,final,ols,pca_block,True,COMPLETE
215,-88879.11561876716,2025-12-08 12:41:30.523236,2025-12-08 12:41:31.770481,0 days 00:00:01.247245,extensive,final,ols,pca_block,True,COMPLETE
216,-88882.2750358861,2025-12-08 12:41:31.770984,2025-12-08 12:41:33.006415,0 days 00:00:01.235431,extensive,final,ols,pca_block,True,COMPLETE
217,-88879.21318553727,2025-12-08 12:41:33.006921,2025-12-08 12:41:34.249872,0 days 00:00:01.242951,extensive,final,ols,pca_block,True,COMPLETE
218,-88878.8261847179,2025-12-08 12:41:34.249872,2025-12-08 12:41:35.506830,0 days 00:00:01.256958,extensive,final,ols,pca_block,True,COMPLETE
219,-88874.88327275378,2025-12-08 12:41:35.507927,2025-12-08 12:41:36.753021,0 days 00:00:01.245094,extensive,final,ols,pca_block,True,COMPLETE
220,-88879.42516531252,2025-12-08 12:41:36.753021,2025-12-08 12:41:38.023745,0 days 00:00:01.270724,extensive,final,ols,pca_block,True,COMPLETE
221,-88875.59238528796,2025-12-08 12:41:38.024256,2025-12-08 12:41:39.266689,0 days 00:00:01.242433,extensive,final,ols,pca_block,True,COMPLETE
222,-88878.78145854331,2025-12-08 12:41:39.267672,2025-12-08 12:41:40.491526,0 days 00:00:01.223854,extensive,final,ols,pca_block,True,COMPLETE
223,-88879.26045209503,2025-12-08 12:41:40.491526,2025-12-08 12:41:41.722887,0 days 00:00:01.231361,extensive,final,ols,pca_block,True,COMPLETE
224,-88874.06299433929,2025-12-08 12:41:41.722887,2025-12-08 12:41:42.936064,0 days 00:00:01.213177,extensive,final,ols,pca_block,True,COMPLETE
225,-88879.39840940229,2025-12-08 12:41:42.936064,2025-12-08 12:41:44.218724,0 days 00:00:01.282660,extensive,final,ols,pca_block,True,COMPLETE
226,-88877.17076382769,2025-12-08 12:41:44.218724,2025-12-08 12:41:45.540795,0 days 00:00:01.322071,extensive,final,ols,pca_block,True,COMPLETE
227,-88877.19379446925,2025-12-08 12:41:45.540795,2025-12-08 12:41:46.786344,0 days 00:00:01.245549,extensive,final,ols,pca_block,True,COMPLETE
228,-88875.99703642697,2025-12-08 12:41:46.786344,2025-12-08 12:41:48.040861,0 days 00:00:01.254517,extensive,final,ols,pca_block,True,COMPLETE
229,-88874.21696420299,2025-12-08 12:41:48.041627,2025-12-08 12:41:49.256040,0 days 00:00:01.214413,extensive,final,ols,pca_block,True,COMPLETE
230,-88879.00157164439,2025-12-08 12:41:49.257050,2025-12-08 12:41:50.475625,0 days 00:00:01.218575,extensive,final,ols,pca_block,True,COMPLETE
231,-88871.48972395006,2025-12-08 12:41:50.476185,2025-12-08 12:41:51.706241,0 days 00:00:01.230056,extensive,final,ols,pca_block,True,COMPLETE
232,-88878.0711388873,2025-12-08 12:41:51.706954,2025-12-08 12:41:52.912218,0 days 00:00:01.205264,extensive,final,ols,pca_block,True,COMPLETE
233,-88881.17160631194,2025-12-08 12:41:52.912218,2025-12-08 12:41:54.138368,0 days 00:00:01.226150,extensive,final,ols,pca_block,True,COMPLETE
234,-88876.75046258459,2025-12-08 12:41:54.138368,2025-12-08 12:41:55.361784,0 days 00:00:01.223416,extensive,final,ols,pca_block,True,COMPLETE
235,-88878.48675424141,2025-12-08 12:41:55.361784,2025-12-08 12:41:56.607963,0 days 00:00:01.246179,extensive,final,ols,pca_block,True,COMPLETE
236,-88879.16523656862,2025-12-08 12:41:56.608344,2025-12-08 12:41:57.905144,0 days 00:00:01.296800,extensive,final,ols,pca_block,True,COMPLETE
237,-88879.831428867,2025-12-08 12:41:57.905641,2025-12-08 12:41:59.188577,0 days 00:00:01.282936,extensive,final,ols,pca_block,True,COMPLETE
238,-88878.04284914948,2025-12-08 12:41:59.188577,2025-12-08 12:42:00.453759,0 days 00:00:01.265182,extensive,final,ols,pca_block,True,COMPLETE
239,-88880.68983141244,2025-12-08 12:42:00.454435,2025-12-08 12:42:01.722033,0 days 00:00:01.267598,extensive,final,ols,pca_block,True,COMPLETE
240,-88878.50443590996,2025-12-08 12:42:01.722033,2025-12-08 12:42:02.864386,0 days 00:00:01.142353,extensive,final,ols,pca_block,True,COMPLETE
241,-88876.33777232932,2025-12-08 12:42:02.864386,2025-12-08 12:42:04.136759,0 days 00:00:01.272373,extensive,final,ols,pca_block,True,COMPLETE
242,-88872.51729425868,2025-12-08 12:42:04.137763,2025-12-08 12:42:05.408241,0 days 00:00:01.270478,extensive,final,ols,pca_block,True,COMPLETE
243,-88878.11422610388,2025-12-08 12:42:05.409241,2025-12-08 12:42:06.698118,0 days 00:00:01.288877,extensive,final,ols,pca_block,True,COMPLETE
244,-88879.0630276848,2025-12-08 12:42:06.699121,2025-12-08 12:42:07.957786,0 days 00:00:01.258665,extensive,final,ols,pca_block,True,COMPLETE
245,-88879.57038589091,2025-12-08 12:42:07.959254,2025-12-08 12:42:09.241077,0 days 00:00:01.281823,extensive,final,ols,pca_block,True,COMPLETE
246,-88874.70876512125,2025-12-08 12:42:09.241077,2025-12-08 12:42:10.508017,0 days 00:00:01.266940,extensive,final,ols,pca_block,True,COMPLETE
247,-88877.96396420163,2025-12-08 12:42:10.508017,2025-12-08 12:42:11.789386,0 days 00:00:01.281369,extensive,final,ols,pca_block,True,COMPLETE
248,-88882.51342081877,2025-12-08 12:42:11.790391,2025-12-08 12:42:13.052001,0 days 00:00:01.261610,extensive,final,ols,pca_block,True,COMPLETE
249,-88877.46733047428,2025-12-08 12:42:13.052001,2025-12-08 12:42:14.787455,0 days 00:00:01.735454,extensive,final,ols,pca_block,True,COMPLETE
250,-88876.87363856874,2025-12-08 12:42:14.788961,2025-12-08 12:42:16.723784,0 days 00:00:01.934823,extensive,final,ols,pca_block,True,COMPLETE
251,-88878.37339546772,2025-12-08 12:42:16.724888,2025-12-08 12:42:18.346436,0 days 00:00:01.621548,extensive,final,ols,pca_block,True,COMPLETE
252,-88875.67731866076,2025-12-08 12:42:18.346436,2025-12-08 12:42:19.927867,0 days 00:00:01.581431,extensive,final,ols,pca_block,True,COMPLETE
253,-88881.57414349302,2025-12-08 12:42:19.927867,2025-12-08 12:42:21.575206,0 days 00:00:01.647339,extensive,final,ols,pca_block,True,COMPLETE
254,-88880.2854746665,2025-12-08 12:42:21.575206,2025-12-08 12:42:22.978745,0 days 00:00:01.403539,extensive,final,ols,pca_block,True,COMPLETE
255,-88875.54112804342,2025-12-08 12:42:22.979849,2025-12-08 12:42:24.315649,0 days 00:00:01.335800,extensive,final,ols,pca_block,True,COMPLETE
256,-88878.18436618785,2025-12-08 12:42:24.315649,2025-12-08 12:42:25.577330,0 days 00:00:01.261681,extensive,final,ols,pca_block,True,COMPLETE
257,-88878.54682793056,2025-12-08 12:42:25.577330,2025-12-08 12:42:26.834094,0 days 00:00:01.256764,extensive,final,ols,pca_block,True,COMPLETE
258,-88877.71541975452,2025-12-08 12:42:26.834094,2025-12-08 12:42:28.057593,0 days 00:00:01.223499,extensive,final,ols,pca_block,True,COMPLETE
259,-88878.82925760966,2025-12-08 12:42:28.057593,2025-12-08 12:42:29.285749,0 days 00:00:01.228156,extensive,final,ols,pca_block,True,COMPLETE
260,-88878.04909285992,2025-12-08 12:42:29.285749,2025-12-08 12:42:30.525990,0 days 00:00:01.240241,extensive,final,ols,pca_block,True,COMPLETE
261,-88879.8423956422,2025-12-08 12:42:30.527070,2025-12-08 12:42:31.756202,0 days 00:00:01.229132,extensive,final,ols,pca_block,True,COMPLETE
262,-88882.04090605874,2025-12-08 12:42:31.757169,2025-12-08 12:42:32.993549,0 days 00:00:01.236380,extensive,final,ols,pca_block,True,COMPLETE
263,-88875.84080940054,2025-12-08 12:42:32.993549,2025-12-08 12:42:34.285033,0 days 00:00:01.291484,extensive,final,ols,pca_block,True,COMPLETE
264,-88878.74566748702,2025-12-08 12:42:34.287040,2025-12-08 12:42:35.578339,0 days 00:00:01.291299,extensive,final,ols,pca_block,True,COMPLETE
265,-88873.64075396005,2025-12-08 12:42:35.578339,2025-12-08 12:42:37.076316,0 days 00:00:01.497977,extensive,final,ols,pca_block,True,COMPLETE
266,-88878.39449364143,2025-12-08 12:42:37.076316,2025-12-08 12:42:38.509991,0 days 00:00:01.433675,extensive,final,ols,pca_block,True,COMPLETE
267,-88879.79484170995,2025-12-08 12:42:38.510994,2025-12-08 12:42:39.788255,0 days 00:00:01.277261,extensive,final,ols,pca_block,True,COMPLETE
268,-88877.7313442392,2025-12-08 12:42:39.789262,2025-12-08 12:42:41.060974,0 days 00:00:01.271712,extensive,final,ols,pca_block,True,COMPLETE
269,-88880.75783813336,2025-12-08 12:42:41.060974,2025-12-08 12:42:42.287980,0 days 00:00:01.227006,extensive,final,ols,pca_block,True,COMPLETE
270,-88876.89896503225,2025-12-08 12:42:42.287980,2025-12-08 12:42:43.595111,0 days 00:00:01.307131,extensive,final,ols,pca_block,True,COMPLETE
271,-88877.9424221777,2025-12-08 12:42:43.596256,2025-12-08 12:42:44.946575,0 days 00:00:01.350319,extensive,final,ols,pca_block,True,COMPLETE
272,-88879.2033338087,2025-12-08 12:42:44.946575,2025-12-08 12:42:46.289708,0 days 00:00:01.343133,extensive,final,ols,pca_block,True,COMPLETE
273,-88878.56066447923,2025-12-08 12:42:46.290899,2025-12-08 12:42:48.458152,0 days 00:00:02.167253,extensive,final,ols,pca_block,True,COMPLETE
274,-88877.46972581466,2025-12-08 12:42:48.458152,2025-12-08 12:42:50.137071,0 days 00:00:01.678919,extensive,final,ols,pca_block,True,COMPLETE
275,-88877.32878411021,2025-12-08 12:42:50.137071,2025-12-08 12:42:51.507743,0 days 00:00:01.370672,extensive,final,ols,pca_block,True,COMPLETE
276,-88878.23356311324,2025-12-08 12:42:51.507743,2025-12-08 12:42:52.877659,0 days 00:00:01.369916,extensive,final,ols,pca_block,True,COMPLETE
277,-88879.83688798962,2025-12-08 12:42:52.877659,2025-12-08 12:42:54.028721,0 days 00:00:01.151062,extensive,final,ols,pca_block,True,COMPLETE
278,-88880.82235035552,2025-12-08 12:42:54.028721,2025-12-08 12:42:55.295230,0 days 00:00:01.266509,extensive,final,ols,pca_block,True,COMPLETE
279,-88877.27841847196,2025-12-08 12:42:55.297235,2025-12-08 12:42:56.591925,0 days 00:00:01.294690,extensive,final,ols,pca_block,True,COMPLETE
280,-88878.87470408862,2025-12-08 12:42:56.592926,2025-12-08 12:42:58.258932,0 days 00:00:01.666006,extensive,final,ols,pca_block,True,COMPLETE
281,-88880.2071883923,2025-12-08 12:42:58.258932,2025-12-08 12:43:00.065482,0 days 00:00:01.806550,extensive,final,ols,pca_block,True,COMPLETE
282,-88877.08060344495,2025-12-08 12:43:00.065482,2025-12-08 12:43:01.382125,0 days 00:00:01.316643,extensive,final,ols,pca_block,True,COMPLETE
283,-88877.43298036743,2025-12-08 12:43:01.383789,2025-12-08 12:43:02.861435,0 days 00:00:01.477646,extensive,final,ols,pca_block,True,COMPLETE
284,-88880.1896850437,2025-12-08 12:43:02.862715,2025-12-08 12:43:04.294833,0 days 00:00:01.432118,extensive,final,ols,pca_block,True,COMPLETE
285,-88878.63731486026,2025-12-08 12:43:04.295866,2025-12-08 12:43:05.894979,0 days 00:00:01.599113,extensive,final,ols,pca_block,True,COMPLETE
286,-88877.18801120843,2025-12-08 12:43:05.896087,2025-12-08 12:43:07.445524,0 days 00:00:01.549437,extensive,final,ols,pca_block,True,COMPLETE
287,-88878.48420242085,2025-12-08 12:43:07.445524,2025-12-08 12:43:08.775971,0 days 00:00:01.330447,extensive,final,ols,pca_block,True,COMPLETE
288,-88878.59984502028,2025-12-08 12:43:08.776343,2025-12-08 12:43:10.208807,0 days 00:00:01.432464,extensive,final,ols,pca_block,True,COMPLETE
289,-88881.95692637369,2025-12-08 12:43:10.208807,2025-12-08 12:43:11.838380,0 days 00:00:01.629573,extensive,final,ols,pca_block,True,COMPLETE
290,-88879.45392847963,2025-12-08 12:43:11.838380,2025-12-08 12:43:13.390273,0 days 00:00:01.551893,extensive,final,ols,pca_block,True,COMPLETE
291,-88878.06011243419,2025-12-08 12:43:13.390273,2025-12-08 12:43:14.728472,0 days 00:00:01.338199,extensive,final,ols,pca_block,True,COMPLETE
292,-88879.52154771086,2025-12-08 12:43:14.728472,2025-12-08 12:43:16.044583,0 days 00:00:01.316111,extensive,final,ols,pca_block,True,COMPLETE
293,-88875.3096928463,2025-12-08 12:43:16.045590,2025-12-08 12:43:17.352108,0 days 00:00:01.306518,extensive,final,ols,pca_block,True,COMPLETE
294,-88878.68343732564,2025-12-08 12:43:17.352108,2025-12-08 12:43:18.708284,0 days 00:00:01.356176,extensive,final,ols,pca_block,True,COMPLETE
295,-88878.66223290376,2025-12-08 12:43:18.709289,2025-12-08 12:43:20.112684,0 days 00:00:01.403395,extensive,final,ols,pca_block,True,COMPLETE
296,-88879.63488175684,2025-12-08 12:43:20.113817,2025-12-08 12:43:21.367897,0 days 00:00:01.254080,extensive,final,ols,pca_block,True,COMPLETE
297,-88877.49424823555,2025-12-08 12:43:21.368777,2025-12-08 12:43:22.647290,0 days 00:00:01.278513,extensive,final,ols,pca_block,True,COMPLETE
298,-88879.07934731532,2025-12-08 12:43:22.647290,2025-12-08 12:43:23.913590,0 days 00:00:01.266300,extensive,final,ols,pca_block,True,COMPLETE
299,-88880.87450069345,2025-12-08 12:43:23.913590,2025-12-08 12:43:25.319126,0 days 00:00:01.405536,extensive,final,ols,pca_block,True,COMPLETE
