number,value,datetime_start,datetime_complete,duration,params_ridge_alpha,user_attrs_feat_level,user_attrs_label,user_attrs_model_type,user_attrs_pca_mode,user_attrs_use_PCA,state
0,-18822.16554007661,2025-12-08 12:50:27.088324,2025-12-08 12:50:28.408280,0 days 00:00:01.319956,32.70837422332479,extensive,final,ridge,pca_hybrid,True,COMPLETE
1,-19421.14211019193,2025-12-08 12:50:28.408280,2025-12-08 12:50:29.690779,0 days 00:00:01.282499,0.5564422859345513,extensive,final,ridge,pca_hybrid,True,COMPLETE
2,-20746.762169680613,2025-12-08 12:50:29.690779,2025-12-08 12:50:31.006527,0 days 00:00:01.315748,0.01270823692193203,extensive,final,ridge,pca_hybrid,True,COMPLETE
3,-18981.172982884742,2025-12-08 12:50:31.007765,2025-12-08 12:50:32.390165,0 days 00:00:01.382400,43.26534007890172,extensive,final,ridge,pca_hybrid,True,COMPLETE
4,-19836.74038374842,2025-12-08 12:50:32.390165,2025-12-08 12:50:33.706454,0 days 00:00:01.316289,0.005774555275660855,extensive,final,ridge,pca_hybrid,True,COMPLETE
5,-20372.495533375873,2025-12-08 12:50:33.706454,2025-12-08 12:50:35.057033,0 days 00:00:01.350579,0.009428726678991438,extensive,final,ridge,pca_hybrid,True,COMPLETE
6,-20381.187310502628,2025-12-08 12:50:35.057033,2025-12-08 12:50:36.392164,0 days 00:00:01.335131,0.010675058585769604,extensive,final,ridge,pca_hybrid,True,COMPLETE
7,-18593.153408703845,2025-12-08 12:50:36.392164,2025-12-08 12:50:37.740039,0 days 00:00:01.347875,5.672686808633482,extensive,final,ridge,pca_hybrid,True,COMPLETE
8,-19245.86919978699,2025-12-08 12:50:37.740377,2025-12-08 12:50:39.022274,0 days 00:00:01.281897,1.2323708905106283,extensive,final,ridge,pca_hybrid,True,COMPLETE
9,-19203.444521582755,2025-12-08 12:50:39.023278,2025-12-08 12:50:40.390328,0 days 00:00:01.367050,0.3575507893093969,extensive,final,ridge,pca_hybrid,True,COMPLETE
10,-12902.860033716339,2025-12-08 12:50:40.390328,2025-12-08 12:50:41.673696,0 days 00:00:01.283368,482.48062064701537,extensive,final,ridge,pca_hybrid,True,COMPLETE
11,-9377.294706275445,2025-12-08 12:50:41.673696,2025-12-08 12:50:42.990463,0 days 00:00:01.316767,919.8784314684684,extensive,final,ridge,pca_hybrid,True,COMPLETE
12,-9197.334066043502,2025-12-08 12:50:42.991542,2025-12-08 12:50:44.300177,0 days 00:00:01.308635,965.1663225302536,extensive,final,ridge,pca_hybrid,True,COMPLETE
13,-9763.688304902576,2025-12-08 12:50:44.301831,2025-12-08 12:50:45.584970,0 days 00:00:01.283139,856.3369116900849,extensive,final,ridge,pca_hybrid,True,COMPLETE
14,-17935.07262324547,2025-12-08 12:50:45.585980,2025-12-08 12:50:46.882970,0 days 00:00:01.296990,89.7882288127307,extensive,final,ridge,pca_hybrid,True,COMPLETE
15,-20582.74124057528,2025-12-08 12:50:46.882970,2025-12-08 12:50:48.190966,0 days 00:00:01.307996,0.00016600816240290814,extensive,final,ridge,pca_hybrid,True,COMPLETE
16,-17114.20233178047,2025-12-08 12:50:48.190966,2025-12-08 12:50:49.507538,0 days 00:00:01.316572,170.27296511424726,extensive,final,ridge,pca_hybrid,True,COMPLETE
17,-17748.78212949816,2025-12-08 12:50:49.507538,2025-12-08 12:50:50.814662,0 days 00:00:01.307124,7.6302686758935465,extensive,final,ridge,pca_hybrid,True,COMPLETE
18,-19041.79091063799,2025-12-08 12:50:50.814662,2025-12-08 12:50:52.221146,0 days 00:00:01.406484,6.324390191351906,extensive,final,ridge,pca_hybrid,True,COMPLETE
19,-14547.48479571783,2025-12-08 12:50:52.221146,2025-12-08 12:50:53.541139,0 days 00:00:01.319993,341.05954535555844,extensive,final,ridge,pca_hybrid,True,COMPLETE
20,-19896.317160881594,2025-12-08 12:50:53.544909,2025-12-08 12:50:54.891770,0 days 00:00:01.346861,0.06588832245913223,extensive,final,ridge,pca_hybrid,True,COMPLETE
21,-8979.267977500916,2025-12-08 12:50:54.892092,2025-12-08 12:50:56.259069,0 days 00:00:01.366977,994.1973728619857,extensive,final,ridge,pca_hybrid,True,COMPLETE
22,-10152.053442942148,2025-12-08 12:50:56.259069,2025-12-08 12:50:57.576316,0 days 00:00:01.317247,800.3164451760057,extensive,final,ridge,pca_hybrid,True,COMPLETE
23,-19161.660310030034,2025-12-08 12:50:57.576316,2025-12-08 12:50:58.941658,0 days 00:00:01.365342,51.019619123987646,extensive,final,ridge,pca_hybrid,True,COMPLETE
24,-17231.367903981798,2025-12-08 12:50:58.941658,2025-12-08 12:51:00.277847,0 days 00:00:01.336189,156.3573189811836,extensive,final,ridge,pca_hybrid,True,COMPLETE
25,-19123.666652142714,2025-12-08 12:51:00.277847,2025-12-08 12:51:02.128566,0 days 00:00:01.850719,14.80784012606675,extensive,final,ridge,pca_hybrid,True,COMPLETE
26,-16107.700688394658,2025-12-08 12:51:02.129701,2025-12-08 12:51:03.741757,0 days 00:00:01.612056,254.2004557087693,extensive,final,ridge,pca_hybrid,True,COMPLETE
27,-20251.666327970503,2025-12-08 12:51:03.741757,2025-12-08 12:51:05.175867,0 days 00:00:01.434110,0.00023147943620540926,extensive,final,ridge,pca_hybrid,True,COMPLETE
28,-8967.888944945533,2025-12-08 12:51:05.176939,2025-12-08 12:51:06.456720,0 days 00:00:01.279781,966.800861660965,extensive,final,ridge,pca_hybrid,True,COMPLETE
29,-18848.59062159312,2025-12-08 12:51:06.456720,2025-12-08 12:51:07.824698,0 days 00:00:01.367978,2.0156663167661524,extensive,final,ridge,pca_hybrid,True,COMPLETE
30,-18669.031929281027,2025-12-08 12:51:07.824698,2025-12-08 12:51:09.123455,0 days 00:00:01.298757,23.37391281459532,extensive,final,ridge,pca_hybrid,True,COMPLETE
31,-9158.865921611017,2025-12-08 12:51:09.124462,2025-12-08 12:51:10.477062,0 days 00:00:01.352600,998.7055016007318,extensive,final,ridge,pca_hybrid,True,COMPLETE
32,-17808.19794603134,2025-12-08 12:51:10.478079,2025-12-08 12:51:11.775482,0 days 00:00:01.297403,98.24297858443715,extensive,final,ridge,pca_hybrid,True,COMPLETE
33,-14162.670318763448,2025-12-08 12:51:11.776041,2025-12-08 12:51:13.223546,0 days 00:00:01.447505,350.670742560982,extensive,final,ridge,pca_hybrid,True,COMPLETE
34,-18531.919854312986,2025-12-08 12:51:13.223546,2025-12-08 12:51:14.676210,0 days 00:00:01.452664,58.63172664033138,extensive,final,ridge,pca_hybrid,True,COMPLETE
35,-15425.554380220516,2025-12-08 12:51:14.676210,2025-12-08 12:51:15.993906,0 days 00:00:01.317696,248.09063384821738,extensive,final,ridge,pca_hybrid,True,COMPLETE
36,-9725.821148266685,2025-12-08 12:51:15.993906,2025-12-08 12:51:17.293706,0 days 00:00:01.299800,832.8898713670092,extensive,final,ridge,pca_hybrid,True,COMPLETE
37,-20368.91410259123,2025-12-08 12:51:17.293706,2025-12-08 12:51:18.643274,0 days 00:00:01.349568,0.07980883493511932,extensive,final,ridge,pca_hybrid,True,COMPLETE
38,-18712.475083848938,2025-12-08 12:51:18.643274,2025-12-08 12:51:19.932460,0 days 00:00:01.289186,20.90264564462715,extensive,final,ridge,pca_hybrid,True,COMPLETE
39,-20637.184699665708,2025-12-08 12:51:19.932460,2025-12-08 12:51:21.274595,0 days 00:00:01.342135,0.001101142665189888,extensive,final,ridge,pca_hybrid,True,COMPLETE
40,-17731.673674060152,2025-12-08 12:51:21.276201,2025-12-08 12:51:22.609619,0 days 00:00:01.333418,114.31314739030634,extensive,final,ridge,pca_hybrid,True,COMPLETE
41,-9645.525063723071,2025-12-08 12:51:22.611585,2025-12-08 12:51:23.916757,0 days 00:00:01.305172,901.1473045636263,extensive,final,ridge,pca_hybrid,True,COMPLETE
42,-14627.560428076933,2025-12-08 12:51:23.916757,2025-12-08 12:51:25.275559,0 days 00:00:01.358802,348.28378914701557,extensive,final,ridge,pca_hybrid,True,COMPLETE
43,-9350.737297078003,2025-12-08 12:51:25.280073,2025-12-08 12:51:26.576874,0 days 00:00:01.296801,965.1229166903585,extensive,final,ridge,pca_hybrid,True,COMPLETE
44,-13746.994227071043,2025-12-08 12:51:26.576874,2025-12-08 12:51:27.876986,0 days 00:00:01.300112,464.9700711978344,extensive,final,ridge,pca_hybrid,True,COMPLETE
45,-18620.824161026118,2025-12-08 12:51:27.876986,2025-12-08 12:51:29.257426,0 days 00:00:01.380440,44.853132901447275,extensive,final,ridge,pca_hybrid,True,COMPLETE
46,-16359.347130768874,2025-12-08 12:51:29.257426,2025-12-08 12:51:30.643220,0 days 00:00:01.385794,190.52019908440073,extensive,final,ridge,pca_hybrid,True,COMPLETE
47,-12633.871929104682,2025-12-08 12:51:30.644213,2025-12-08 12:51:32.029818,0 days 00:00:01.385605,512.1335413436212,extensive,final,ridge,pca_hybrid,True,COMPLETE
48,-17274.95827491322,2025-12-08 12:51:32.030824,2025-12-08 12:51:33.360278,0 days 00:00:01.329454,92.17721498323853,extensive,final,ridge,pca_hybrid,True,COMPLETE
49,-12878.48172313384,2025-12-08 12:51:33.361313,2025-12-08 12:51:34.743607,0 days 00:00:01.382294,507.10564723226815,extensive,final,ridge,pca_hybrid,True,COMPLETE
50,-18834.11787749508,2025-12-08 12:51:34.744387,2025-12-08 12:51:36.145736,0 days 00:00:01.401349,2.146082799259003,extensive,final,ridge,pca_hybrid,True,COMPLETE
51,-9682.352298883341,2025-12-08 12:51:36.145736,2025-12-08 12:51:37.661157,0 days 00:00:01.515421,976.3566135048461,extensive,final,ridge,pca_hybrid,True,COMPLETE
52,-15672.993835288342,2025-12-08 12:51:37.661675,2025-12-08 12:51:39.060567,0 days 00:00:01.398892,214.94149557820413,extensive,final,ridge,pca_hybrid,True,COMPLETE
53,-12290.473443003853,2025-12-08 12:51:39.061570,2025-12-08 12:51:40.426917,0 days 00:00:01.365347,510.5203730679789,extensive,final,ridge,pca_hybrid,True,COMPLETE
54,-9183.2984921617,2025-12-08 12:51:40.426917,2025-12-08 12:51:41.728506,0 days 00:00:01.301589,959.0658052235027,extensive,final,ridge,pca_hybrid,True,COMPLETE
55,-16904.745064895276,2025-12-08 12:51:41.728506,2025-12-08 12:51:43.028361,0 days 00:00:01.299855,144.786341880295,extensive,final,ridge,pca_hybrid,True,COMPLETE
56,-9062.65582936647,2025-12-08 12:51:43.028361,2025-12-08 12:51:44.344832,0 days 00:00:01.316471,956.8514948984844,extensive,final,ridge,pca_hybrid,True,COMPLETE
57,-17937.961327614958,2025-12-08 12:51:44.345877,2025-12-08 12:51:45.742947,0 days 00:00:01.397070,73.0916581555827,extensive,final,ridge,pca_hybrid,True,COMPLETE
58,-12754.359969990483,2025-12-08 12:51:45.744462,2025-12-08 12:51:47.028295,0 days 00:00:01.283833,509.5294241365931,extensive,final,ridge,pca_hybrid,True,COMPLETE
59,-19485.512835456855,2025-12-08 12:51:47.028295,2025-12-08 12:51:48.311716,0 days 00:00:01.283421,0.1259003254530817,extensive,final,ridge,pca_hybrid,True,COMPLETE
60,-20391.714039981624,2025-12-08 12:51:48.313461,2025-12-08 12:51:49.685251,0 days 00:00:01.371790,0.025767875999670974,extensive,final,ridge,pca_hybrid,True,COMPLETE
61,-9897.429656762119,2025-12-08 12:51:49.685774,2025-12-08 12:51:51.129328,0 days 00:00:01.443554,881.6074476713433,extensive,final,ridge,pca_hybrid,True,COMPLETE
62,-15239.128083775684,2025-12-08 12:51:51.129328,2025-12-08 12:51:52.560624,0 days 00:00:01.431296,279.27969654179,extensive,final,ridge,pca_hybrid,True,COMPLETE
63,-8886.318456026962,2025-12-08 12:51:52.560624,2025-12-08 12:51:54.044664,0 days 00:00:01.484040,998.5074742109472,extensive,final,ridge,pca_hybrid,True,COMPLETE
64,-12203.1703171252,2025-12-08 12:51:54.045072,2025-12-08 12:51:55.394841,0 days 00:00:01.349769,552.3615985751245,extensive,final,ridge,pca_hybrid,True,COMPLETE
65,-15237.093236800521,2025-12-08 12:51:55.394841,2025-12-08 12:51:56.695684,0 days 00:00:01.300843,296.2752453675038,extensive,final,ridge,pca_hybrid,True,COMPLETE
66,-16345.220173305437,2025-12-08 12:51:56.696475,2025-12-08 12:51:58.012325,0 days 00:00:01.315850,203.58835259542607,extensive,final,ridge,pca_hybrid,True,COMPLETE
67,-16956.9698818808,2025-12-08 12:51:58.012325,2025-12-08 12:51:59.314079,0 days 00:00:01.301754,149.01978580990055,extensive,final,ridge,pca_hybrid,True,COMPLETE
68,-19200.15823958135,2025-12-08 12:51:59.314079,2025-12-08 12:52:00.675018,0 days 00:00:01.360939,33.88835208752946,extensive,final,ridge,pca_hybrid,True,COMPLETE
69,-18535.587990309446,2025-12-08 12:52:00.675535,2025-12-08 12:52:02.095509,0 days 00:00:01.419974,11.714892184790562,extensive,final,ridge,pca_hybrid,True,COMPLETE
70,-12179.276191150007,2025-12-08 12:52:02.095509,2025-12-08 12:52:03.462631,0 days 00:00:01.367122,572.095230353935,extensive,final,ridge,pca_hybrid,True,COMPLETE
71,-9139.580927006362,2025-12-08 12:52:03.462631,2025-12-08 12:52:04.838882,0 days 00:00:01.376251,991.5097677454145,extensive,final,ridge,pca_hybrid,True,COMPLETE
72,-11257.841208155494,2025-12-08 12:52:04.838882,2025-12-08 12:52:06.194731,0 days 00:00:01.355849,645.6300200603013,extensive,final,ridge,pca_hybrid,True,COMPLETE
73,-14012.555038560888,2025-12-08 12:52:06.194731,2025-12-08 12:52:07.564265,0 days 00:00:01.369534,345.61256393433547,extensive,final,ridge,pca_hybrid,True,COMPLETE
74,-9273.431918488082,2025-12-08 12:52:07.564265,2025-12-08 12:52:08.910543,0 days 00:00:01.346278,977.8012733783008,extensive,final,ridge,pca_hybrid,True,COMPLETE
75,-14047.328341564333,2025-12-08 12:52:08.911519,2025-12-08 12:52:10.278653,0 days 00:00:01.367134,379.10174357928537,extensive,final,ridge,pca_hybrid,True,COMPLETE
76,-17929.72040269581,2025-12-08 12:52:10.278653,2025-12-08 12:52:11.579197,0 days 00:00:01.300544,112.0342756770135,extensive,final,ridge,pca_hybrid,True,COMPLETE
77,-20790.76269836664,2025-12-08 12:52:11.580230,2025-12-08 12:52:12.881044,0 days 00:00:01.300814,0.003246148703328677,extensive,final,ridge,pca_hybrid,True,COMPLETE
78,-11422.24058983122,2025-12-08 12:52:12.881581,2025-12-08 12:52:14.178215,0 days 00:00:01.296634,650.4341381578871,extensive,final,ridge,pca_hybrid,True,COMPLETE
79,-16553.846452907397,2025-12-08 12:52:14.178215,2025-12-08 12:52:15.513147,0 days 00:00:01.334932,254.34237210927557,extensive,final,ridge,pca_hybrid,True,COMPLETE
80,-16631.427414524966,2025-12-08 12:52:15.514377,2025-12-08 12:52:16.828693,0 days 00:00:01.314316,156.1455852109958,extensive,final,ridge,pca_hybrid,True,COMPLETE
81,-11300.275268825331,2025-12-08 12:52:16.829571,2025-12-08 12:52:18.113331,0 days 00:00:01.283760,714.4875638871114,extensive,final,ridge,pca_hybrid,True,COMPLETE
82,-8871.76097847874,2025-12-08 12:52:18.113331,2025-12-08 12:52:19.460760,0 days 00:00:01.347429,996.4205102414392,extensive,final,ridge,pca_hybrid,True,COMPLETE
83,-14252.630949645298,2025-12-08 12:52:19.461765,2025-12-08 12:52:20.778737,0 days 00:00:01.316972,355.55091338576295,extensive,final,ridge,pca_hybrid,True,COMPLETE
84,-11221.501824838271,2025-12-08 12:52:20.778737,2025-12-08 12:52:21.995207,0 days 00:00:01.216470,668.1804536763412,extensive,final,ridge,pca_hybrid,True,COMPLETE
85,-14161.17657364848,2025-12-08 12:52:21.996758,2025-12-08 12:52:23.313409,0 days 00:00:01.316651,406.9854649731329,extensive,final,ridge,pca_hybrid,True,COMPLETE
86,-19315.498530989422,2025-12-08 12:52:23.313409,2025-12-08 12:52:24.634010,0 days 00:00:01.320601,0.4327296244580224,extensive,final,ridge,pca_hybrid,True,COMPLETE
87,-15612.530704393042,2025-12-08 12:52:24.634010,2025-12-08 12:52:25.913859,0 days 00:00:01.279849,209.84430232518972,extensive,final,ridge,pca_hybrid,True,COMPLETE
88,-9254.168333666681,2025-12-08 12:52:25.914368,2025-12-08 12:52:27.197988,0 days 00:00:01.283620,952.037055350574,extensive,final,ridge,pca_hybrid,True,COMPLETE
89,-18263.68276064732,2025-12-08 12:52:27.197988,2025-12-08 12:52:28.498909,0 days 00:00:01.300921,71.89781669837186,extensive,final,ridge,pca_hybrid,True,COMPLETE
90,-13714.383597447037,2025-12-08 12:52:28.498909,2025-12-08 12:52:29.816573,0 days 00:00:01.317664,426.4837297312047,extensive,final,ridge,pca_hybrid,True,COMPLETE
91,-10916.24453615126,2025-12-08 12:52:29.817803,2025-12-08 12:52:31.213761,0 days 00:00:01.395958,711.5712319659326,extensive,final,ridge,pca_hybrid,True,COMPLETE
92,-8935.342398955372,2025-12-08 12:52:31.214428,2025-12-08 12:52:32.533383,0 days 00:00:01.318955,989.7671845847311,extensive,final,ridge,pca_hybrid,True,COMPLETE
93,-11156.465832317926,2025-12-08 12:52:32.533383,2025-12-08 12:52:33.927271,0 days 00:00:01.393888,653.3461233725377,extensive,final,ridge,pca_hybrid,True,COMPLETE
94,-14647.909751851257,2025-12-08 12:52:33.929313,2025-12-08 12:52:35.280479,0 days 00:00:01.351166,312.16663172213725,extensive,final,ridge,pca_hybrid,True,COMPLETE
95,-8954.133073865922,2025-12-08 12:52:35.281766,2025-12-08 12:52:36.814292,0 days 00:00:01.532526,998.3787631757772,extensive,final,ridge,pca_hybrid,True,COMPLETE
96,-13389.137309043304,2025-12-08 12:52:36.816297,2025-12-08 12:52:38.134372,0 days 00:00:01.318075,425.6201357738411,extensive,final,ridge,pca_hybrid,True,COMPLETE
97,-9470.79912970391,2025-12-08 12:52:38.134372,2025-12-08 12:52:39.477825,0 days 00:00:01.343453,931.8009700402569,extensive,final,ridge,pca_hybrid,True,COMPLETE
98,-15873.046637414569,2025-12-08 12:52:39.477825,2025-12-08 12:52:40.947786,0 days 00:00:01.469961,229.48580641363316,extensive,final,ridge,pca_hybrid,True,COMPLETE
99,-12080.445280326647,2025-12-08 12:52:40.947786,2025-12-08 12:52:42.331896,0 days 00:00:01.384110,561.97762740395,extensive,final,ridge,pca_hybrid,True,COMPLETE
100,-16857.468639247116,2025-12-08 12:52:42.332629,2025-12-08 12:52:43.796970,0 days 00:00:01.464341,147.59914227732486,extensive,final,ridge,pca_hybrid,True,COMPLETE
101,-11293.969710180303,2025-12-08 12:52:43.796970,2025-12-08 12:52:45.715956,0 days 00:00:01.918986,656.9581123124958,extensive,final,ridge,pca_hybrid,True,COMPLETE
102,-9471.008898385086,2025-12-08 12:52:45.715956,2025-12-08 12:52:47.347444,0 days 00:00:01.631488,941.0756850324374,extensive,final,ridge,pca_hybrid,True,COMPLETE
103,-13339.888271049907,2025-12-08 12:52:47.347444,2025-12-08 12:52:49.018994,0 days 00:00:01.671550,458.69542730293585,extensive,final,ridge,pca_hybrid,True,COMPLETE
104,-19916.77995671292,2025-12-08 12:52:49.018994,2025-12-08 12:52:51.052246,0 days 00:00:02.033252,0.8376000353719636,extensive,final,ridge,pca_hybrid,True,COMPLETE
105,-14724.138570677364,2025-12-08 12:52:51.053256,2025-12-08 12:52:53.082678,0 days 00:00:02.029422,332.20090625401633,extensive,final,ridge,pca_hybrid,True,COMPLETE
106,-10939.451786612057,2025-12-08 12:52:53.082678,2025-12-08 12:52:54.846699,0 days 00:00:01.764021,703.7495984743532,extensive,final,ridge,pca_hybrid,True,COMPLETE
107,-15140.296940748807,2025-12-08 12:52:54.846699,2025-12-08 12:52:56.649926,0 days 00:00:01.803227,280.58295027424066,extensive,final,ridge,pca_hybrid,True,COMPLETE
108,-13625.098431045815,2025-12-08 12:52:56.650924,2025-12-08 12:52:58.431812,0 days 00:00:01.780888,415.755711120814,extensive,final,ridge,pca_hybrid,True,COMPLETE
109,-19887.711333855586,2025-12-08 12:52:58.432332,2025-12-08 12:53:00.246177,0 days 00:00:01.813845,0.2253547416245167,extensive,final,ridge,pca_hybrid,True,COMPLETE
110,-18916.5663349781,2025-12-08 12:53:00.246177,2025-12-08 12:53:02.083401,0 days 00:00:01.837224,3.7652018133964362,extensive,final,ridge,pca_hybrid,True,COMPLETE
111,-8857.781177701696,2025-12-08 12:53:02.084410,2025-12-08 12:53:03.768768,0 days 00:00:01.684358,990.2105247499944,extensive,final,ridge,pca_hybrid,True,COMPLETE
112,-9980.380003184402,2025-12-08 12:53:03.768768,2025-12-08 12:53:05.635935,0 days 00:00:01.867167,751.3291313788535,extensive,final,ridge,pca_hybrid,True,COMPLETE
113,-9339.769466838228,2025-12-08 12:53:05.636439,2025-12-08 12:53:07.424152,0 days 00:00:01.787713,974.2118159879149,extensive,final,ridge,pca_hybrid,True,COMPLETE
114,-11567.270975582183,2025-12-08 12:53:07.424152,2025-12-08 12:53:09.118221,0 days 00:00:01.694069,631.8699309556816,extensive,final,ridge,pca_hybrid,True,COMPLETE
115,-8899.704262087627,2025-12-08 12:53:09.118221,2025-12-08 12:53:10.780697,0 days 00:00:01.662476,986.4910659307477,extensive,final,ridge,pca_hybrid,True,COMPLETE
116,-12944.492666828999,2025-12-08 12:53:10.780697,2025-12-08 12:53:12.198132,0 days 00:00:01.417435,503.9375555456091,extensive,final,ridge,pca_hybrid,True,COMPLETE
117,-20732.7679044307,2025-12-08 12:53:12.198132,2025-12-08 12:53:13.796629,0 days 00:00:01.598497,0.0001039557613742971,extensive,final,ridge,pca_hybrid,True,COMPLETE
118,-8878.351345063971,2025-12-08 12:53:13.796629,2025-12-08 12:53:15.541685,0 days 00:00:01.745056,965.7357121947224,extensive,final,ridge,pca_hybrid,True,COMPLETE
119,-15216.049124190851,2025-12-08 12:53:15.541685,2025-12-08 12:53:17.232235,0 days 00:00:01.690550,248.11110980893585,extensive,final,ridge,pca_hybrid,True,COMPLETE
120,-12534.514012982238,2025-12-08 12:53:17.232235,2025-12-08 12:53:18.952440,0 days 00:00:01.720205,513.8478150841593,extensive,final,ridge,pca_hybrid,True,COMPLETE
121,-9745.990927015488,2025-12-08 12:53:18.952440,2025-12-08 12:53:21.066849,0 days 00:00:02.114409,970.9551040264921,extensive,final,ridge,pca_hybrid,True,COMPLETE
122,-10853.81721275509,2025-12-08 12:53:21.067974,2025-12-08 12:53:22.794416,0 days 00:00:01.726442,721.1614720382854,extensive,final,ridge,pca_hybrid,True,COMPLETE
123,-13839.173761098458,2025-12-08 12:53:22.794416,2025-12-08 12:53:24.533796,0 days 00:00:01.739380,408.3850227668911,extensive,final,ridge,pca_hybrid,True,COMPLETE
124,-9069.830856298848,2025-12-08 12:53:24.534975,2025-12-08 12:53:26.292053,0 days 00:00:01.757078,989.6914977515933,extensive,final,ridge,pca_hybrid,True,COMPLETE
125,-11683.147134943714,2025-12-08 12:53:26.292053,2025-12-08 12:53:28.017191,0 days 00:00:01.725138,599.922154447969,extensive,final,ridge,pca_hybrid,True,COMPLETE
126,-14692.448083658453,2025-12-08 12:53:28.018395,2025-12-08 12:53:29.786889,0 days 00:00:01.768494,318.3885381498335,extensive,final,ridge,pca_hybrid,True,COMPLETE
127,-9107.65790028846,2025-12-08 12:53:29.787892,2025-12-08 12:53:31.551137,0 days 00:00:01.763245,976.3725210460168,extensive,final,ridge,pca_hybrid,True,COMPLETE
128,-11082.637025882841,2025-12-08 12:53:31.551137,2025-12-08 12:53:33.246020,0 days 00:00:01.694883,719.6705573188258,extensive,final,ridge,pca_hybrid,True,COMPLETE
129,-16247.962949312472,2025-12-08 12:53:33.246020,2025-12-08 12:53:34.970873,0 days 00:00:01.724853,175.65178584361834,extensive,final,ridge,pca_hybrid,True,COMPLETE
130,-8996.98522282546,2025-12-08 12:53:34.970873,2025-12-08 12:53:36.717433,0 days 00:00:01.746560,986.4478783280571,extensive,final,ridge,pca_hybrid,True,COMPLETE
131,-12845.137496857446,2025-12-08 12:53:36.717433,2025-12-08 12:53:38.471720,0 days 00:00:01.754287,490.96236840768546,extensive,final,ridge,pca_hybrid,True,COMPLETE
132,-9476.85514651863,2025-12-08 12:53:38.471720,2025-12-08 12:53:40.415624,0 days 00:00:01.943904,963.4526611801912,extensive,final,ridge,pca_hybrid,True,COMPLETE
133,-11008.30152567057,2025-12-08 12:53:40.415624,2025-12-08 12:53:42.135289,0 days 00:00:01.719665,670.8846497814691,extensive,final,ridge,pca_hybrid,True,COMPLETE
134,-13113.710955966286,2025-12-08 12:53:42.135289,2025-12-08 12:53:43.844798,0 days 00:00:01.709509,472.2535288756635,extensive,final,ridge,pca_hybrid,True,COMPLETE
135,-8918.867580541844,2025-12-08 12:53:43.844798,2025-12-08 12:53:45.588843,0 days 00:00:01.744045,993.5952865406447,extensive,final,ridge,pca_hybrid,True,COMPLETE
136,-14506.497768865911,2025-12-08 12:53:45.589362,2025-12-08 12:53:47.410322,0 days 00:00:01.820960,340.58501839982404,extensive,final,ridge,pca_hybrid,True,COMPLETE
137,-12128.174973953961,2025-12-08 12:53:47.410322,2025-12-08 12:53:49.339833,0 days 00:00:01.929511,598.4471603647149,extensive,final,ridge,pca_hybrid,True,COMPLETE
138,-10416.448012885648,2025-12-08 12:53:49.340343,2025-12-08 12:53:51.264321,0 days 00:00:01.923978,765.3016966293173,extensive,final,ridge,pca_hybrid,True,COMPLETE
139,-8911.057393235495,2025-12-08 12:53:51.264321,2025-12-08 12:53:53.201020,0 days 00:00:01.936699,986.7472218594762,extensive,final,ridge,pca_hybrid,True,COMPLETE
140,-15378.051724573059,2025-12-08 12:53:53.201020,2025-12-08 12:53:55.201312,0 days 00:00:02.000292,273.81987034858173,extensive,final,ridge,pca_hybrid,True,COMPLETE
141,-9018.082811063688,2025-12-08 12:53:55.201312,2025-12-08 12:53:56.961807,0 days 00:00:01.760495,994.3589922655951,extensive,final,ridge,pca_hybrid,True,COMPLETE
142,-13033.049781068892,2025-12-08 12:53:56.961807,2025-12-08 12:53:58.765579,0 days 00:00:01.803772,505.2660991089906,extensive,final,ridge,pca_hybrid,True,COMPLETE
143,-11079.421755775302,2025-12-08 12:53:58.765579,2025-12-08 12:54:00.469786,0 days 00:00:01.704207,697.1799351135185,extensive,final,ridge,pca_hybrid,True,COMPLETE
144,-13984.139911573242,2025-12-08 12:54:00.469786,2025-12-08 12:54:02.265934,0 days 00:00:01.796148,388.45614841623933,extensive,final,ridge,pca_hybrid,True,COMPLETE
145,-9189.61020539705,2025-12-08 12:54:02.265934,2025-12-08 12:54:03.993941,0 days 00:00:01.728007,970.3647837545266,extensive,final,ridge,pca_hybrid,True,COMPLETE
146,-20412.68496218332,2025-12-08 12:54:03.994946,2025-12-08 12:54:05.719635,0 days 00:00:01.724689,0.02800724318450068,extensive,final,ridge,pca_hybrid,True,COMPLETE
147,-12092.45203646319,2025-12-08 12:54:05.719635,2025-12-08 12:54:07.469507,0 days 00:00:01.749872,579.6060892807404,extensive,final,ridge,pca_hybrid,True,COMPLETE
148,-11045.907475185772,2025-12-08 12:54:07.470511,2025-12-08 12:54:09.217446,0 days 00:00:01.746935,712.0686616672466,extensive,final,ridge,pca_hybrid,True,COMPLETE
149,-9028.952967780055,2025-12-08 12:54:09.217446,2025-12-08 12:54:11.003291,0 days 00:00:01.785845,990.0199692560445,extensive,final,ridge,pca_hybrid,True,COMPLETE
150,-13420.577897096511,2025-12-08 12:54:11.003291,2025-12-08 12:54:12.835356,0 days 00:00:01.832065,437.809946421754,extensive,final,ridge,pca_hybrid,True,COMPLETE
151,-8848.750735654392,2025-12-08 12:54:12.835356,2025-12-08 12:54:14.604816,0 days 00:00:01.769460,992.1825526944336,extensive,final,ridge,pca_hybrid,True,COMPLETE
152,-10778.639326311788,2025-12-08 12:54:14.604816,2025-12-08 12:54:16.437599,0 days 00:00:01.832783,726.0542128170465,extensive,final,ridge,pca_hybrid,True,COMPLETE
153,-12577.06485748695,2025-12-08 12:54:16.438123,2025-12-08 12:54:18.274865,0 days 00:00:01.836742,536.3121835210369,extensive,final,ridge,pca_hybrid,True,COMPLETE
154,-8971.952782983442,2025-12-08 12:54:18.274865,2025-12-08 12:54:20.161975,0 days 00:00:01.887110,991.055741557974,extensive,final,ridge,pca_hybrid,True,COMPLETE
155,-8971.635741260166,2025-12-08 12:54:20.161975,2025-12-08 12:54:22.121524,0 days 00:00:01.959549,996.5162128343486,extensive,final,ridge,pca_hybrid,True,COMPLETE
156,-20251.749306851743,2025-12-08 12:54:22.121524,2025-12-08 12:54:23.770723,0 days 00:00:01.649199,0.001319225219714013,extensive,final,ridge,pca_hybrid,True,COMPLETE
157,-14167.373242394113,2025-12-08 12:54:23.771827,2025-12-08 12:54:25.553105,0 days 00:00:01.781278,366.03066549472805,extensive,final,ridge,pca_hybrid,True,COMPLETE
158,-10607.288865316988,2025-12-08 12:54:25.553105,2025-12-08 12:54:27.337511,0 days 00:00:01.784406,708.4264699550582,extensive,final,ridge,pca_hybrid,True,COMPLETE
159,-12588.57626997807,2025-12-08 12:54:27.338015,2025-12-08 12:54:29.128729,0 days 00:00:01.790714,536.5469224653378,extensive,final,ridge,pca_hybrid,True,COMPLETE
160,-16029.328028328491,2025-12-08 12:54:29.128729,2025-12-08 12:54:30.950142,0 days 00:00:01.821413,210.64375315305833,extensive,final,ridge,pca_hybrid,True,COMPLETE
161,-9115.001313620765,2025-12-08 12:54:30.951142,2025-12-08 12:54:32.897200,0 days 00:00:01.946058,971.8372678882371,extensive,final,ridge,pca_hybrid,True,COMPLETE
162,-10884.799071407026,2025-12-08 12:54:32.897200,2025-12-08 12:54:34.640887,0 days 00:00:01.743687,756.3899044082154,extensive,final,ridge,pca_hybrid,True,COMPLETE
163,-10618.809875199842,2025-12-08 12:54:34.641390,2025-12-08 12:54:36.303651,0 days 00:00:01.662261,744.203697006311,extensive,final,ridge,pca_hybrid,True,COMPLETE
164,-12742.292255193963,2025-12-08 12:54:36.303651,2025-12-08 12:54:38.055519,0 days 00:00:01.751868,519.8429169111398,extensive,final,ridge,pca_hybrid,True,COMPLETE
165,-14142.745636487334,2025-12-08 12:54:38.056052,2025-12-08 12:54:39.819755,0 days 00:00:01.763703,376.3204983619265,extensive,final,ridge,pca_hybrid,True,COMPLETE
166,-9081.61391418147,2025-12-08 12:54:39.819755,2025-12-08 12:54:41.505884,0 days 00:00:01.686129,998.8875329090886,extensive,final,ridge,pca_hybrid,True,COMPLETE
167,-9254.035426477456,2025-12-08 12:54:41.506890,2025-12-08 12:54:43.217960,0 days 00:00:01.711070,992.0810318738343,extensive,final,ridge,pca_hybrid,True,COMPLETE
168,-12312.355518971606,2025-12-08 12:54:43.217960,2025-12-08 12:54:44.945476,0 days 00:00:01.727516,583.8003507297522,extensive,final,ridge,pca_hybrid,True,COMPLETE
169,-13737.791911293069,2025-12-08 12:54:44.945476,2025-12-08 12:54:46.705465,0 days 00:00:01.759989,287.4049050746181,extensive,final,ridge,pca_hybrid,True,COMPLETE
170,-10796.603581696669,2025-12-08 12:54:46.706089,2025-12-08 12:54:48.422765,0 days 00:00:01.716676,724.1359641773595,extensive,final,ridge,pca_hybrid,True,COMPLETE
171,-11016.043281276465,2025-12-08 12:54:48.422765,2025-12-08 12:54:50.230766,0 days 00:00:01.808001,748.3036770758162,extensive,final,ridge,pca_hybrid,True,COMPLETE
172,-9411.59106734908,2025-12-08 12:54:50.231766,2025-12-08 12:54:52.110535,0 days 00:00:01.878769,975.2503325767261,extensive,final,ridge,pca_hybrid,True,COMPLETE
173,-13298.186236335088,2025-12-08 12:54:52.110535,2025-12-08 12:54:53.862637,0 days 00:00:01.752102,472.83919590728476,extensive,final,ridge,pca_hybrid,True,COMPLETE
174,-12336.758324262633,2025-12-08 12:54:53.862637,2025-12-08 12:54:55.591443,0 days 00:00:01.728806,561.1737317589434,extensive,final,ridge,pca_hybrid,True,COMPLETE
175,-8914.14126875982,2025-12-08 12:54:55.591911,2025-12-08 12:54:57.358856,0 days 00:00:01.766945,982.3161288244723,extensive,final,ridge,pca_hybrid,True,COMPLETE
176,-10826.915220895708,2025-12-08 12:54:57.359895,2025-12-08 12:54:59.124575,0 days 00:00:01.764680,724.5986254509487,extensive,final,ridge,pca_hybrid,True,COMPLETE
177,-13418.3025508956,2025-12-08 12:54:59.124575,2025-12-08 12:55:00.963216,0 days 00:00:01.838641,432.6074531849028,extensive,final,ridge,pca_hybrid,True,COMPLETE
178,-10923.882404935526,2025-12-08 12:55:00.963216,2025-12-08 12:55:02.805671,0 days 00:00:01.842455,729.5551093979141,extensive,final,ridge,pca_hybrid,True,COMPLETE
179,-12453.963282729128,2025-12-08 12:55:02.805671,2025-12-08 12:55:04.608547,0 days 00:00:01.802876,562.3047990700517,extensive,final,ridge,pca_hybrid,True,COMPLETE
180,-14422.004047901535,2025-12-08 12:55:04.609545,2025-12-08 12:55:06.627496,0 days 00:00:02.017951,340.8474285446628,extensive,final,ridge,pca_hybrid,True,COMPLETE
181,-9111.993130545363,2025-12-08 12:55:06.628497,2025-12-08 12:55:08.598127,0 days 00:00:01.969630,996.2693504821777,extensive,final,ridge,pca_hybrid,True,COMPLETE
182,-8871.750468644395,2025-12-08 12:55:08.598127,2025-12-08 12:55:10.389225,0 days 00:00:01.791098,999.0644947807864,extensive,final,ridge,pca_hybrid,True,COMPLETE
183,-9071.953196395621,2025-12-08 12:55:10.389225,2025-12-08 12:55:12.236930,0 days 00:00:01.847705,984.729176406791,extensive,final,ridge,pca_hybrid,True,COMPLETE
184,-10920.270133298678,2025-12-08 12:55:12.237971,2025-12-08 12:55:14.007054,0 days 00:00:01.769083,712.2774592259389,extensive,final,ridge,pca_hybrid,True,COMPLETE
185,-8797.495033690231,2025-12-08 12:55:14.008145,2025-12-08 12:55:15.739642,0 days 00:00:01.731497,993.8875714968366,extensive,final,ridge,pca_hybrid,True,COMPLETE
186,-12503.533091443163,2025-12-08 12:55:15.739642,2025-12-08 12:55:17.598556,0 days 00:00:01.858914,557.6715113824206,extensive,final,ridge,pca_hybrid,True,COMPLETE
187,-10556.297265481337,2025-12-08 12:55:17.599560,2025-12-08 12:55:19.574095,0 days 00:00:01.974535,756.2068624586547,extensive,final,ridge,pca_hybrid,True,COMPLETE
188,-12720.648012346528,2025-12-08 12:55:19.574455,2025-12-08 12:55:21.429680,0 days 00:00:01.855225,489.9724631561203,extensive,final,ridge,pca_hybrid,True,COMPLETE
189,-10694.13587556686,2025-12-08 12:55:21.430680,2025-12-08 12:55:23.250358,0 days 00:00:01.819678,702.7359835324328,extensive,final,ridge,pca_hybrid,True,COMPLETE
190,-8908.956390826032,2025-12-08 12:55:23.250986,2025-12-08 12:55:25.356007,0 days 00:00:02.105021,994.255412345868,extensive,final,ridge,pca_hybrid,True,COMPLETE
191,-10601.504793861055,2025-12-08 12:55:25.356925,2025-12-08 12:55:27.253121,0 days 00:00:01.896196,739.6301329692194,extensive,final,ridge,pca_hybrid,True,COMPLETE
192,-9376.999999421338,2025-12-08 12:55:27.253121,2025-12-08 12:55:29.096433,0 days 00:00:01.843312,960.6661401142313,extensive,final,ridge,pca_hybrid,True,COMPLETE
193,-9067.7941266793,2025-12-08 12:55:29.096433,2025-12-08 12:55:31.210944,0 days 00:00:02.114511,999.1880847362784,extensive,final,ridge,pca_hybrid,True,COMPLETE
194,-13100.312797885677,2025-12-08 12:55:31.210944,2025-12-08 12:55:33.175498,0 days 00:00:01.964554,456.14876125268205,extensive,final,ridge,pca_hybrid,True,COMPLETE
195,-11786.999257882635,2025-12-08 12:55:33.175498,2025-12-08 12:55:34.914348,0 days 00:00:01.738850,597.5807900036585,extensive,final,ridge,pca_hybrid,True,COMPLETE
196,-10668.517277168114,2025-12-08 12:55:34.914348,2025-12-08 12:55:36.613815,0 days 00:00:01.699467,721.0350722983777,extensive,final,ridge,pca_hybrid,True,COMPLETE
197,-8863.192803465032,2025-12-08 12:55:36.614815,2025-12-08 12:55:38.497426,0 days 00:00:01.882611,998.9089770027318,extensive,final,ridge,pca_hybrid,True,COMPLETE
198,-13459.513202580993,2025-12-08 12:55:38.497426,2025-12-08 12:55:40.256931,0 days 00:00:01.759505,395.13219560777867,extensive,final,ridge,pca_hybrid,True,COMPLETE
199,-11776.332872989666,2025-12-08 12:55:40.256931,2025-12-08 12:55:41.991066,0 days 00:00:01.734135,590.9402949410963,extensive,final,ridge,pca_hybrid,True,COMPLETE
200,-10873.84159268717,2025-12-08 12:55:41.991587,2025-12-08 12:55:43.906705,0 days 00:00:01.915118,716.2413694085241,extensive,final,ridge,pca_hybrid,True,COMPLETE
201,-8769.765764627047,2025-12-08 12:55:43.907221,2025-12-08 12:55:45.805389,0 days 00:00:01.898168,995.1701663876679,extensive,final,ridge,pca_hybrid,True,COMPLETE
202,-10439.707381389422,2025-12-08 12:55:45.805389,2025-12-08 12:55:47.762463,0 days 00:00:01.957074,799.4209119202403,extensive,final,ridge,pca_hybrid,True,COMPLETE
203,-11735.273739357644,2025-12-08 12:55:47.762463,2025-12-08 12:55:49.578706,0 days 00:00:01.816243,594.5747548654174,extensive,final,ridge,pca_hybrid,True,COMPLETE
204,-9242.378280567636,2025-12-08 12:55:49.579277,2025-12-08 12:55:51.423654,0 days 00:00:01.844377,962.7798059204495,extensive,final,ridge,pca_hybrid,True,COMPLETE
205,-8593.388523465366,2025-12-08 12:55:51.423654,2025-12-08 12:55:53.206671,0 days 00:00:01.783017,992.3316435830507,extensive,final,ridge,pca_hybrid,True,COMPLETE
206,-12541.01013087137,2025-12-08 12:55:53.206671,2025-12-08 12:55:55.009307,0 days 00:00:01.802636,512.2661913407957,extensive,final,ridge,pca_hybrid,True,COMPLETE
207,-10120.631201572907,2025-12-08 12:55:55.010605,2025-12-08 12:55:56.806995,0 days 00:00:01.796390,753.8967560948042,extensive,final,ridge,pca_hybrid,True,COMPLETE
208,-13273.20069668368,2025-12-08 12:55:56.808000,2025-12-08 12:55:58.530073,0 days 00:00:01.722073,409.61481904915917,extensive,final,ridge,pca_hybrid,True,COMPLETE
209,-11521.018211552566,2025-12-08 12:55:58.531198,2025-12-08 12:56:00.303711,0 days 00:00:01.772513,609.9240954155556,extensive,final,ridge,pca_hybrid,True,COMPLETE
210,-10614.5326206918,2025-12-08 12:56:00.303711,2025-12-08 12:56:02.103807,0 days 00:00:01.800096,756.1991830489801,extensive,final,ridge,pca_hybrid,True,COMPLETE
211,-9040.782926360087,2025-12-08 12:56:02.103807,2025-12-08 12:56:04.022566,0 days 00:00:01.918759,993.7525580147435,extensive,final,ridge,pca_hybrid,True,COMPLETE
212,-9182.361611184828,2025-12-08 12:56:04.023566,2025-12-08 12:56:05.970388,0 days 00:00:01.946822,986.971727788272,extensive,final,ridge,pca_hybrid,True,COMPLETE
213,-10470.445877628134,2025-12-08 12:56:05.970388,2025-12-08 12:56:07.993211,0 days 00:00:02.022823,719.3351776071848,extensive,final,ridge,pca_hybrid,True,COMPLETE
214,-9004.65653176539,2025-12-08 12:56:07.993753,2025-12-08 12:56:10.014704,0 days 00:00:02.020951,980.1693241974957,extensive,final,ridge,pca_hybrid,True,COMPLETE
215,-12530.812055534603,2025-12-08 12:56:10.014704,2025-12-08 12:56:12.061390,0 days 00:00:02.046686,538.8559845482318,extensive,final,ridge,pca_hybrid,True,COMPLETE
216,-9049.44043339339,2025-12-08 12:56:12.062430,2025-12-08 12:56:14.060740,0 days 00:00:01.998310,985.6193268747819,extensive,final,ridge,pca_hybrid,True,COMPLETE
217,-11828.120560356527,2025-12-08 12:56:14.061949,2025-12-08 12:56:16.076036,0 days 00:00:02.014087,610.2069103366293,extensive,final,ridge,pca_hybrid,True,COMPLETE
218,-14056.653443005378,2025-12-08 12:56:16.077640,2025-12-08 12:56:17.823181,0 days 00:00:01.745541,401.81429665143406,extensive,final,ridge,pca_hybrid,True,COMPLETE
219,-10651.34515317935,2025-12-08 12:56:17.824184,2025-12-08 12:56:19.561672,0 days 00:00:01.737488,738.3931683270905,extensive,final,ridge,pca_hybrid,True,COMPLETE
220,-12588.089450264,2025-12-08 12:56:19.562167,2025-12-08 12:56:21.512069,0 days 00:00:01.949902,509.83781488180495,extensive,final,ridge,pca_hybrid,True,COMPLETE
221,-9342.840796633029,2025-12-08 12:56:21.512069,2025-12-08 12:56:23.360104,0 days 00:00:01.848035,979.2909859262498,extensive,final,ridge,pca_hybrid,True,COMPLETE
222,-10666.5076844053,2025-12-08 12:56:23.360104,2025-12-08 12:56:25.326551,0 days 00:00:01.966447,745.7305364991473,extensive,final,ridge,pca_hybrid,True,COMPLETE
223,-10557.332955576148,2025-12-08 12:56:25.326551,2025-12-08 12:56:27.224070,0 days 00:00:01.897519,754.3834321709545,extensive,final,ridge,pca_hybrid,True,COMPLETE
224,-9170.210682782665,2025-12-08 12:56:27.224070,2025-12-08 12:56:29.028643,0 days 00:00:01.804573,956.4404352242912,extensive,final,ridge,pca_hybrid,True,COMPLETE
225,-12372.4953336702,2025-12-08 12:56:29.029666,2025-12-08 12:56:30.746075,0 days 00:00:01.716409,571.5847979299858,extensive,final,ridge,pca_hybrid,True,COMPLETE
226,-10290.344916317226,2025-12-08 12:56:30.747077,2025-12-08 12:56:32.460790,0 days 00:00:01.713713,794.9008994755957,extensive,final,ridge,pca_hybrid,True,COMPLETE
227,-9183.367508753417,2025-12-08 12:56:32.460790,2025-12-08 12:56:34.304913,0 days 00:00:01.844123,958.0064141914663,extensive,final,ridge,pca_hybrid,True,COMPLETE
228,-11850.036373088004,2025-12-08 12:56:34.304913,2025-12-08 12:56:36.279324,0 days 00:00:01.974411,589.1809901651023,extensive,final,ridge,pca_hybrid,True,COMPLETE
229,-9207.003688222581,2025-12-08 12:56:36.279847,2025-12-08 12:56:38.308211,0 days 00:00:02.028364,997.2402318691651,extensive,final,ridge,pca_hybrid,True,COMPLETE
230,-20051.85985774997,2025-12-08 12:56:38.308728,2025-12-08 12:56:40.256482,0 days 00:00:01.947754,0.00037034191562427296,extensive,final,ridge,pca_hybrid,True,COMPLETE
231,-9059.94338902417,2025-12-08 12:56:40.257486,2025-12-08 12:56:42.178150,0 days 00:00:01.920664,978.4946125428545,extensive,final,ridge,pca_hybrid,True,COMPLETE
232,-10697.776155513271,2025-12-08 12:56:42.178150,2025-12-08 12:56:43.997424,0 days 00:00:01.819274,699.4107964595876,extensive,final,ridge,pca_hybrid,True,COMPLETE
233,-10963.232207187348,2025-12-08 12:56:43.998512,2025-12-08 12:56:45.945113,0 days 00:00:01.946601,714.123718105222,extensive,final,ridge,pca_hybrid,True,COMPLETE
234,-8915.415481122996,2025-12-08 12:56:45.945643,2025-12-08 12:56:47.744902,0 days 00:00:01.799259,994.3141374804411,extensive,final,ridge,pca_hybrid,True,COMPLETE
235,-8956.74195575487,2025-12-08 12:56:47.744902,2025-12-08 12:56:49.511411,0 days 00:00:01.766509,992.7977423104309,extensive,final,ridge,pca_hybrid,True,COMPLETE
236,-13124.829707086721,2025-12-08 12:56:49.512411,2025-12-08 12:56:51.307704,0 days 00:00:01.795293,476.68986444267244,extensive,final,ridge,pca_hybrid,True,COMPLETE
237,-10879.848865133808,2025-12-08 12:56:51.307704,2025-12-08 12:56:53.345204,0 days 00:00:02.037500,678.3952375267284,extensive,final,ridge,pca_hybrid,True,COMPLETE
238,-9121.925588517597,2025-12-08 12:56:53.346476,2025-12-08 12:56:55.300722,0 days 00:00:01.954246,994.9226858445272,extensive,final,ridge,pca_hybrid,True,COMPLETE
239,-12326.47142696019,2025-12-08 12:56:55.300722,2025-12-08 12:56:57.173849,0 days 00:00:01.873127,550.7218654383482,extensive,final,ridge,pca_hybrid,True,COMPLETE
240,-11068.7884657657,2025-12-08 12:56:57.174366,2025-12-08 12:56:59.014055,0 days 00:00:01.839689,712.9490725814326,extensive,final,ridge,pca_hybrid,True,COMPLETE
241,-9118.737420233914,2025-12-08 12:56:59.014055,2025-12-08 12:57:00.793998,0 days 00:00:01.779943,986.9790757739133,extensive,final,ridge,pca_hybrid,True,COMPLETE
242,-10796.115400480698,2025-12-08 12:57:00.793998,2025-12-08 12:57:02.745647,0 days 00:00:01.951649,754.187520528083,extensive,final,ridge,pca_hybrid,True,COMPLETE
243,-9124.238801532547,2025-12-08 12:57:02.745647,2025-12-08 12:57:04.480462,0 days 00:00:01.734815,994.608383232935,extensive,final,ridge,pca_hybrid,True,COMPLETE
244,-18472.234850254754,2025-12-08 12:57:04.480462,2025-12-08 12:57:06.231117,0 days 00:00:01.750655,9.579676973068278,extensive,final,ridge,pca_hybrid,True,COMPLETE
245,-9117.242385968977,2025-12-08 12:57:06.231117,2025-12-08 12:57:08.064603,0 days 00:00:01.833486,996.5168278606933,extensive,final,ridge,pca_hybrid,True,COMPLETE
246,-11113.947658265448,2025-12-08 12:57:08.064603,2025-12-08 12:57:10.006340,0 days 00:00:01.941737,703.495901198873,extensive,final,ridge,pca_hybrid,True,COMPLETE
247,-13043.11418319597,2025-12-08 12:57:10.006340,2025-12-08 12:57:11.799184,0 days 00:00:01.792844,529.302888064882,extensive,final,ridge,pca_hybrid,True,COMPLETE
248,-10736.032363883069,2025-12-08 12:57:11.799184,2025-12-08 12:57:13.600024,0 days 00:00:01.800840,755.5369891080485,extensive,final,ridge,pca_hybrid,True,COMPLETE
249,-13512.620772794564,2025-12-08 12:57:13.601025,2025-12-08 12:57:15.408399,0 days 00:00:01.807374,415.3727863711977,extensive,final,ridge,pca_hybrid,True,COMPLETE
250,-9140.647560419644,2025-12-08 12:57:15.409491,2025-12-08 12:57:17.706519,0 days 00:00:02.297028,987.4324858703869,extensive,final,ridge,pca_hybrid,True,COMPLETE
251,-18965.17594874173,2025-12-08 12:57:17.706519,2025-12-08 12:57:19.447661,0 days 00:00:01.741142,1.6692386208705092,extensive,final,ridge,pca_hybrid,True,COMPLETE
252,-11446.482020464682,2025-12-08 12:57:19.447661,2025-12-08 12:57:21.274171,0 days 00:00:01.826510,597.005633860692,extensive,final,ridge,pca_hybrid,True,COMPLETE
253,-8920.209586972958,2025-12-08 12:57:21.274171,2025-12-08 12:57:23.184182,0 days 00:00:01.910011,997.2784846533464,extensive,final,ridge,pca_hybrid,True,COMPLETE
254,-10774.394695710866,2025-12-08 12:57:23.184182,2025-12-08 12:57:25.262829,0 days 00:00:02.078647,704.2147348273417,extensive,final,ridge,pca_hybrid,True,COMPLETE
255,-13218.898888209407,2025-12-08 12:57:25.262829,2025-12-08 12:57:27.051349,0 days 00:00:01.788520,475.3992187221587,extensive,final,ridge,pca_hybrid,True,COMPLETE
256,-10866.096388255557,2025-12-08 12:57:27.052351,2025-12-08 12:57:28.883665,0 days 00:00:01.831314,720.5576523272498,extensive,final,ridge,pca_hybrid,True,COMPLETE
257,-11305.434607974175,2025-12-08 12:57:28.883665,2025-12-08 12:57:30.881981,0 days 00:00:01.998316,732.1226124776339,extensive,final,ridge,pca_hybrid,True,COMPLETE
258,-18507.947019511143,2025-12-08 12:57:30.883986,2025-12-08 12:57:32.700821,0 days 00:00:01.816835,3.4882636168950705,extensive,final,ridge,pca_hybrid,True,COMPLETE
259,-16078.933026937722,2025-12-08 12:57:32.700821,2025-12-08 12:57:34.539435,0 days 00:00:01.838614,355.75116962999357,extensive,final,ridge,pca_hybrid,True,COMPLETE
260,-9026.613001775673,2025-12-08 12:57:34.540554,2025-12-08 12:57:36.443676,0 days 00:00:01.903122,996.7738513679478,extensive,final,ridge,pca_hybrid,True,COMPLETE
261,-11982.004806980134,2025-12-08 12:57:36.443996,2025-12-08 12:57:38.361810,0 days 00:00:01.917814,575.5777344863528,extensive,final,ridge,pca_hybrid,True,COMPLETE
262,-8752.413732189621,2025-12-08 12:57:38.361810,2025-12-08 12:57:40.166021,0 days 00:00:01.804211,990.5398036873493,extensive,final,ridge,pca_hybrid,True,COMPLETE
263,-12720.873150993197,2025-12-08 12:57:40.167196,2025-12-08 12:57:42.088699,0 days 00:00:01.921503,534.1195775093779,extensive,final,ridge,pca_hybrid,True,COMPLETE
264,-18734.484542929094,2025-12-08 12:57:42.089872,2025-12-08 12:57:43.930736,0 days 00:00:01.840864,19.05812100437321,extensive,final,ridge,pca_hybrid,True,COMPLETE
265,-10870.600939215652,2025-12-08 12:57:43.930736,2025-12-08 12:57:45.636369,0 days 00:00:01.705633,716.851137165048,extensive,final,ridge,pca_hybrid,True,COMPLETE
266,-20998.749859286054,2025-12-08 12:57:45.636369,2025-12-08 12:57:47.532805,0 days 00:00:01.896436,0.005397176785224814,extensive,final,ridge,pca_hybrid,True,COMPLETE
267,-9002.014910875914,2025-12-08 12:57:47.532805,2025-12-08 12:57:49.327708,0 days 00:00:01.794903,993.1407880290759,extensive,final,ridge,pca_hybrid,True,COMPLETE
268,-12956.684913501682,2025-12-08 12:57:49.329371,2025-12-08 12:57:51.035188,0 days 00:00:01.705817,478.76353753026075,extensive,final,ridge,pca_hybrid,True,COMPLETE
269,-10712.811911218976,2025-12-08 12:57:51.035188,2025-12-08 12:57:53.000442,0 days 00:00:01.965254,738.6554843308172,extensive,final,ridge,pca_hybrid,True,COMPLETE
270,-15077.858925211222,2025-12-08 12:57:53.000442,2025-12-08 12:57:54.508986,0 days 00:00:01.508544,310.1790873451277,extensive,final,ridge,pca_hybrid,True,COMPLETE
271,-10224.507095188872,2025-12-08 12:57:54.508986,2025-12-08 12:57:56.001006,0 days 00:00:01.492020,742.3373190310894,extensive,final,ridge,pca_hybrid,True,COMPLETE
272,-12024.646989038252,2025-12-08 12:57:56.001006,2025-12-08 12:57:57.384329,0 days 00:00:01.383323,572.453442386353,extensive,final,ridge,pca_hybrid,True,COMPLETE
273,-14037.419013138213,2025-12-08 12:57:57.385460,2025-12-08 12:57:58.720783,0 days 00:00:01.335323,421.5346546249919,extensive,final,ridge,pca_hybrid,True,COMPLETE
274,-10880.056445644264,2025-12-08 12:57:58.720783,2025-12-08 12:58:00.059284,0 days 00:00:01.338501,736.9184103909995,extensive,final,ridge,pca_hybrid,True,COMPLETE
275,-10646.249742698621,2025-12-08 12:58:00.059284,2025-12-08 12:58:01.983995,0 days 00:00:01.924711,759.5399675984861,extensive,final,ridge,pca_hybrid,True,COMPLETE
276,-9103.385072130626,2025-12-08 12:58:01.983995,2025-12-08 12:58:03.846988,0 days 00:00:01.862993,995.9336394713387,extensive,final,ridge,pca_hybrid,True,COMPLETE
277,-8948.866373364908,2025-12-08 12:58:03.848082,2025-12-08 12:58:05.655908,0 days 00:00:01.807826,986.0462523101749,extensive,final,ridge,pca_hybrid,True,COMPLETE
278,-12395.970841523027,2025-12-08 12:58:05.657916,2025-12-08 12:58:08.386121,0 days 00:00:02.728205,550.8062279663386,extensive,final,ridge,pca_hybrid,True,COMPLETE
279,-8900.468466930392,2025-12-08 12:58:08.387130,2025-12-08 12:58:10.993037,0 days 00:00:02.605907,998.3358159102067,extensive,final,ridge,pca_hybrid,True,COMPLETE
280,-8776.903338571294,2025-12-08 12:58:10.993037,2025-12-08 12:58:13.281476,0 days 00:00:02.288439,995.7331752702657,extensive,final,ridge,pca_hybrid,True,COMPLETE
281,-12051.851436459374,2025-12-08 12:58:13.281476,2025-12-08 12:58:14.846405,0 days 00:00:01.564929,589.4859186249709,extensive,final,ridge,pca_hybrid,True,COMPLETE
282,-13455.088140174308,2025-12-08 12:58:14.846405,2025-12-08 12:58:16.685231,0 days 00:00:01.838826,420.052276404836,extensive,final,ridge,pca_hybrid,True,COMPLETE
283,-10618.54779221207,2025-12-08 12:58:16.685231,2025-12-08 12:58:18.674530,0 days 00:00:01.989299,737.93566203241,extensive,final,ridge,pca_hybrid,True,COMPLETE
284,-8915.673518760055,2025-12-08 12:58:18.676660,2025-12-08 12:58:21.692527,0 days 00:00:03.015867,984.620319898233,extensive,final,ridge,pca_hybrid,True,COMPLETE
285,-20334.82611687026,2025-12-08 12:58:21.692527,2025-12-08 12:58:24.657515,0 days 00:00:02.964988,0.06128540286059297,extensive,final,ridge,pca_hybrid,True,COMPLETE
286,-10752.56367395594,2025-12-08 12:58:24.657515,2025-12-08 12:58:27.657517,0 days 00:00:03.000002,736.7414720400146,extensive,final,ridge,pca_hybrid,True,COMPLETE
287,-12661.377675550457,2025-12-08 12:58:27.658032,2025-12-08 12:58:30.443393,0 days 00:00:02.785361,565.8984739247651,extensive,final,ridge,pca_hybrid,True,COMPLETE
288,-9029.575088877611,2025-12-08 12:58:30.445251,2025-12-08 12:58:32.994109,0 days 00:00:02.548858,983.340600769229,extensive,final,ridge,pca_hybrid,True,COMPLETE
289,-10699.306992466822,2025-12-08 12:58:32.995122,2025-12-08 12:58:35.523303,0 days 00:00:02.528181,749.539372418577,extensive,final,ridge,pca_hybrid,True,COMPLETE
290,-9046.05693525314,2025-12-08 12:58:35.523303,2025-12-08 12:58:37.283188,0 days 00:00:01.759885,992.1572849149702,extensive,final,ridge,pca_hybrid,True,COMPLETE
291,-14949.589134571126,2025-12-08 12:58:37.283188,2025-12-08 12:58:39.122548,0 days 00:00:01.839360,352.46705613976496,extensive,final,ridge,pca_hybrid,True,COMPLETE
292,-12252.653564070015,2025-12-08 12:58:39.122548,2025-12-08 12:58:40.752873,0 days 00:00:01.630325,554.8393572319875,extensive,final,ridge,pca_hybrid,True,COMPLETE
293,-19752.37827294322,2025-12-08 12:58:40.752873,2025-12-08 12:58:43.272083,0 days 00:00:02.519210,0.26294702001163883,extensive,final,ridge,pca_hybrid,True,COMPLETE
294,-10952.779246227065,2025-12-08 12:58:43.272083,2025-12-08 12:58:45.723762,0 days 00:00:02.451679,715.2175589708661,extensive,final,ridge,pca_hybrid,True,COMPLETE
295,-13390.67426378871,2025-12-08 12:58:45.725784,2025-12-08 12:58:48.252843,0 days 00:00:02.527059,437.9931743964552,extensive,final,ridge,pca_hybrid,True,COMPLETE
296,-10738.72409494266,2025-12-08 12:58:48.254866,2025-12-08 12:58:50.818603,0 days 00:00:02.563737,738.2518984208477,extensive,final,ridge,pca_hybrid,True,COMPLETE
297,-12256.626092161714,2025-12-08 12:58:50.818603,2025-12-08 12:58:53.364655,0 days 00:00:02.546052,567.0500581616772,extensive,final,ridge,pca_hybrid,True,COMPLETE
298,-10734.990048427966,2025-12-08 12:58:53.364655,2025-12-08 12:58:55.522114,0 days 00:00:02.157459,763.3191361152403,extensive,final,ridge,pca_hybrid,True,COMPLETE
299,-10588.759985652556,2025-12-08 12:58:55.522114,2025-12-08 12:58:57.154501,0 days 00:00:01.632387,770.3111758124002,extensive,final,ridge,pca_hybrid,True,COMPLETE
