number,value,datetime_start,datetime_complete,duration,params_xgb_colsample_bytree,params_xgb_learning_rate,params_xgb_max_depth,params_xgb_min_child_weight,params_xgb_n_estimators,params_xgb_reg_alpha,params_xgb_reg_lambda,params_xgb_subsample,user_attrs_feat_level,user_attrs_label,user_attrs_model_type,user_attrs_pca_mode,user_attrs_use_PCA,state
0,-0.0016559721404409238,2025-12-08 13:19:27.495253,2025-12-08 13:19:35.928784,0 days 00:00:08.433531,0.5328776314926116,0.008604560485911836,4,7,673,2.0983594999191597,4.004936853674994,0.6358127725806009,extensive,final,xgb,,False,COMPLETE
1,-0.001635023666554029,2025-12-08 13:19:35.928784,2025-12-08 13:20:04.813000,0 days 00:00:28.884216,0.8762721041185366,0.008710003540320053,4,16,3008,1.9270550916950935,4.269997084677227,0.4080508891378973,extensive,final,xgb,,False,COMPLETE
2,-0.0016559721404409238,2025-12-08 13:20:04.813574,2025-12-08 13:20:15.081392,0 days 00:00:10.267818,0.48883548198079685,0.012822438331023945,3,10,933,2.060004382449942,0.13072842226814912,0.7351678307360356,extensive,final,xgb,,False,COMPLETE
3,-0.0016559721404409238,2025-12-08 13:20:15.082392,2025-12-08 13:20:30.482019,0 days 00:00:15.399627,0.6388183974025912,0.003224966324039427,7,6,1505,2.030812602338201,0.2904976560832559,0.8538823367745088,extensive,final,xgb,,False,COMPLETE
4,-0.0382015306142478,2025-12-08 13:20:30.482019,2025-12-08 13:25:37.334596,0 days 00:05:06.852577,0.6227221346113072,0.004700555900189133,10,6,1964,0.18088074785338581,0.24403001792563017,0.4838287713180779,extensive,final,xgb,,False,COMPLETE
5,-0.0016042653037448007,2025-12-08 13:25:37.334596,2025-12-08 13:25:48.450425,0 days 00:00:11.115829,0.6010773850031788,0.0016566727524244208,3,6,554,1.2712014705839731,12.276250354661366,0.8251135609560707,extensive,final,xgb,,False,COMPLETE
6,-0.03385704551395471,2025-12-08 13:25:48.451190,2025-12-08 13:26:47.354498,0 days 00:00:58.903308,0.3724081231029882,0.005124739707593813,3,9,3572,0.5798670496498753,3.4208711692361105,0.5738544629406849,extensive,final,xgb,,False,COMPLETE
7,-0.0016559721404409238,2025-12-08 13:26:47.354498,2025-12-08 13:27:17.172512,0 days 00:00:29.818014,0.7039992741869806,0.006190451569575014,3,16,3077,3.8179351168704074,10.873898799706481,0.6497544834068485,extensive,final,xgb,,False,COMPLETE
8,-0.0016559721404409238,2025-12-08 13:27:17.174674,2025-12-08 13:27:40.355711,0 days 00:00:23.181037,0.7415292777969582,0.01389637410897327,4,20,2232,3.583969632308267,0.1848685237328783,0.7397998279667426,extensive,final,xgb,,False,COMPLETE
9,-0.0016559721404409238,2025-12-08 13:27:40.355711,2025-12-08 13:27:55.942752,0 days 00:00:15.587041,0.411646181881785,0.0023147276896696503,4,5,1410,4.0178453181336895,0.16198629839111878,0.4938116268041293,extensive,final,xgb,,False,COMPLETE
10,-0.0017961154049948396,2025-12-08 13:27:55.944271,2025-12-08 13:28:16.791122,0 days 00:00:20.846851,0.3078588543141793,0.0012483181206997438,7,1,605,0.9191190917127203,19.18376027243427,0.8943531199604812,extensive,final,xgb,,False,COMPLETE
11,-0.0024049417192250435,2025-12-08 13:28:16.791122,2025-12-08 13:28:44.514852,0 days 00:00:27.723730,0.887193350437991,0.03843280765386935,6,14,2778,1.3806061519880966,5.462517030918096,0.3244053370882054,extensive,final,xgb,,False,COMPLETE
12,-0.0016559721404409238,2025-12-08 13:28:44.515864,2025-12-08 13:29:18.930260,0 days 00:00:34.414396,0.8686026861433276,0.0012412344982370746,5,14,3653,2.752403834965785,0.9697002434597067,0.30203470524144005,extensive,final,xgb,,False,COMPLETE
13,-0.0016559721404409238,2025-12-08 13:29:18.930260,2025-12-08 13:29:24.166241,0 days 00:00:05.235981,0.7847380490585253,0.017985885504054184,9,20,226,4.970924319466738,1.6559374442837944,0.4027545974529348,extensive,final,xgb,,False,COMPLETE
14,-0.0029256392029133327,2025-12-08 13:29:24.168243,2025-12-08 13:30:11.184317,0 days 00:00:47.016074,0.813518645907287,0.0022936854559103713,5,2,2725,1.2981884530211305,7.736062863697167,0.7941795908422539,extensive,final,xgb,,False,COMPLETE
15,-0.0016559721404409238,2025-12-08 13:30:11.185209,2025-12-08 13:30:45.249868,0 days 00:00:34.064659,0.5441837302765062,0.019973695818512233,5,13,3940,2.7562131942681747,1.5928584795225826,0.541520195134523,extensive,final,xgb,,False,COMPLETE
16,-0.001680257176880362,2025-12-08 13:30:45.251233,2025-12-08 13:31:08.172807,0 days 00:00:22.921574,0.6879567337022225,0.042245653482661155,8,17,2155,1.4665416155473285,15.893153769956436,0.41066375314244735,extensive,final,xgb,,False,COMPLETE
17,-0.0016559721404409238,2025-12-08 13:31:08.174589,2025-12-08 13:31:34.538598,0 days 00:00:26.364009,0.47321904588117936,0.009006295584923347,6,12,3096,3.0864916442246786,2.81176887454233,0.685167848237194,extensive,final,xgb,,False,COMPLETE
18,-0.02165991025802601,2025-12-08 13:31:34.539596,2025-12-08 13:32:36.021487,0 days 00:01:01.481891,0.8174501626907902,0.0031927885775320103,4,3,1449,0.17621745711978543,0.9288320751269745,0.39916252005385866,extensive,final,xgb,,False,COMPLETE
19,-0.0016560712988786808,2025-12-08 13:32:36.021487,2025-12-08 13:32:58.592996,0 days 00:00:22.571509,0.5773669288123603,0.0010433174853766356,3,17,2489,1.862635191724098,9.248166419173039,0.8195546514262796,extensive,final,xgb,,False,COMPLETE
20,-0.005200741453073181,2025-12-08 13:32:58.592996,2025-12-08 13:33:52.696192,0 days 00:00:54.103196,0.7587774518025961,0.0019412617204662952,5,9,1862,0.8196815143300131,0.4115352449993733,0.4848795757346306,extensive,final,xgb,,False,COMPLETE
21,-0.0016559721404409238,2025-12-08 13:33:52.697198,2025-12-08 13:34:02.296391,0 days 00:00:09.599193,0.5272069313696026,0.010528139252552877,4,8,880,2.2844093111876016,5.298587334396768,0.6508260225887842,extensive,final,xgb,,False,COMPLETE
22,-0.0016602764010357578,2025-12-08 13:34:02.296391,2025-12-08 13:34:07.377605,0 days 00:00:05.081214,0.4489330671505765,0.008005647619999065,4,4,250,1.7015128764945706,3.259542679706294,0.6088621334425963,extensive,final,xgb,,False,COMPLETE
23,-0.0016559721404409238,2025-12-08 13:34:07.378613,2025-12-08 13:34:15.497500,0 days 00:00:08.118887,0.677407141356241,0.022747954558320224,3,7,616,2.597603359910954,5.026914962118839,0.7538047738979783,extensive,final,xgb,,False,COMPLETE
24,-0.004608336554255632,2025-12-08 13:34:15.499012,2025-12-08 13:34:38.282149,0 days 00:00:22.783137,0.5809582519734827,0.006313587378836821,6,12,1054,1.0951687849482716,13.462086421607221,0.6874916046552757,extensive,final,xgb,,False,COMPLETE
25,-0.0016559721404409238,2025-12-08 13:34:38.282149,2025-12-08 13:34:45.949305,0 days 00:00:07.667156,0.5265210509135219,0.004097740140788269,4,11,625,2.334158373036238,2.2275461229752422,0.3611776778111888,extensive,final,xgb,,False,COMPLETE
26,-0.0016559721404409238,2025-12-08 13:34:45.950950,2025-12-08 13:34:57.813660,0 days 00:00:11.862710,0.3509045588580436,0.013416634693632431,5,7,1233,3.3059340194328843,7.246252728342743,0.5255164558853527,extensive,final,xgb,,False,COMPLETE
27,-0.0016271803295472658,2025-12-08 13:34:57.816381,2025-12-08 13:35:15.068698,0 days 00:00:17.252317,0.6470894285806157,0.03109686880696336,3,4,1749,1.6767126694695418,4.214131704395124,0.5992203662005302,extensive,final,xgb,,False,COMPLETE
28,-0.0015667102577228882,2025-12-08 13:35:15.069702,2025-12-08 13:35:32.553461,0 days 00:00:17.483759,0.6387180178790626,0.030823747631285398,3,4,1746,1.5918383780589085,0.9405814347287867,0.4451120174623282,extensive,final,xgb,,False,COMPLETE
29,-0.001490986596059507,2025-12-08 13:35:32.554309,2025-12-08 13:35:50.900639,0 days 00:00:18.346330,0.645878107585387,0.028013679575620704,3,4,1804,1.6250360731749298,0.5507078871362941,0.5849617162262226,extensive,final,xgb,,False,COMPLETE
30,-0.08740627379339723,2025-12-08 13:35:50.902139,2025-12-08 13:36:21.621493,0 days 00:00:30.719354,0.6063992419053615,0.049578331567824784,3,1,1684,0.5897537804090032,0.5994086480780578,0.4529594377031027,extensive,final,xgb,,False,COMPLETE
31,-0.001555886277433453,2025-12-08 13:36:21.623164,2025-12-08 13:36:39.888434,0 days 00:00:18.265270,0.6530142024823098,0.029020139025402267,3,4,1757,1.63008088723063,0.8709776611677205,0.5761616753064803,extensive,final,xgb,,False,COMPLETE
32,-0.009934795707571201,2025-12-08 13:36:39.889040,2025-12-08 13:37:07.255764,0 days 00:00:27.366724,0.7194034899466546,0.02901867167529118,3,3,2387,1.1963601552255165,0.6605660093615157,0.5614932909213624,extensive,final,xgb,,False,COMPLETE
33,-0.0014636751195384878,2025-12-08 13:37:07.256943,2025-12-08 13:37:20.118992,0 days 00:00:12.862049,0.666090358834016,0.028563537145568606,4,5,1120,1.6422982473188223,1.0934502941740771,0.6126485411224665,extensive,final,xgb,,False,COMPLETE
34,-0.0014949271519508016,2025-12-08 13:37:20.118992,2025-12-08 13:37:33.214138,0 days 00:00:13.095146,0.6689822626873022,0.026818793718270863,4,4,1178,1.6004414018269357,1.0594879145917284,0.603249812614364,extensive,final,xgb,,False,COMPLETE
35,-0.0016559721404409238,2025-12-08 13:37:33.214138,2025-12-08 13:37:45.909287,0 days 00:00:12.695149,0.6671020827647517,0.02381104233307591,4,5,1209,2.0802863322999787,0.4329058376015969,0.6224285661235726,extensive,final,xgb,,False,COMPLETE
36,-0.0016815756954929502,2025-12-08 13:37:45.909287,2025-12-08 13:37:57.276122,0 days 00:00:11.366835,0.734549804660932,0.01715172676353091,4,2,984,1.8657802076616457,1.3085228943175895,0.6982860590370185,extensive,final,xgb,,False,COMPLETE
37,-0.06054950192062377,2025-12-08 13:37:57.276750,2025-12-08 13:38:40.812616,0 days 00:00:43.535866,0.6525316703648874,0.03760241451777569,5,5,2023,0.709260230318181,0.648708444346941,0.5706079920143288,extensive,final,xgb,,False,COMPLETE
38,-0.0016559721404409238,2025-12-08 13:38:40.812616,2025-12-08 13:38:56.446900,0 days 00:00:15.634284,0.5719288979228789,0.027309054483579984,4,7,1588,2.291618382394082,0.311662070218988,0.5180882000760029,extensive,final,xgb,,False,COMPLETE
39,-0.05263921610196265,2025-12-08 13:38:56.448111,2025-12-08 13:40:28.101881,0 days 00:01:31.653770,0.6974396147790394,0.01612703755337279,8,2,1274,0.40294814964919135,0.4682883530473668,0.5894954416011123,extensive,final,xgb,,False,COMPLETE
40,-0.015753328294953423,2025-12-08 13:40:28.102920,2025-12-08 13:40:46.303654,0 days 00:00:18.200734,0.6196277574763155,0.049530577080260624,10,3,859,1.0491785834642857,1.302522848741225,0.6535828692199579,extensive,final,xgb,,False,COMPLETE
41,-0.0016474352542454145,2025-12-08 13:40:46.305680,2025-12-08 13:41:05.337882,0 days 00:00:19.032202,0.6274906281896379,0.030269861251015533,3,4,1909,1.5837234222267402,0.9330702041917175,0.5460188085798006,extensive,final,xgb,,False,COMPLETE
42,-0.0016549504343807975,2025-12-08 13:41:05.338392,2025-12-08 13:41:21.238499,0 days 00:00:15.900107,0.6570612058286718,0.021927098329419796,3,6,1537,1.8684380376743175,2.1157237438981373,0.45078956652702573,extensive,final,xgb,,False,COMPLETE
43,-0.002384341311845802,2025-12-08 13:41:21.238499,2025-12-08 13:41:40.074897,0 days 00:00:18.836398,0.7210505542128327,0.038168621769900817,3,5,1793,1.5317753059611152,0.7851932362134375,0.6320208677088331,extensive,final,xgb,,False,COMPLETE
44,-0.0016559721404409238,2025-12-08 13:41:40.076320,2025-12-08 13:41:54.741405,0 days 00:00:14.665085,0.7608771558000273,0.024871701393067602,3,6,1401,2.009324557359274,1.1676527327855917,0.442332075836068,extensive,final,xgb,,False,COMPLETE
45,-0.0041803603479696845,2025-12-08 13:41:54.743173,2025-12-08 13:42:19.092839,0 days 00:00:24.349666,0.5565302058828729,0.03341101796153806,4,4,2322,1.3462105730561087,0.5224845678527593,0.5857343969486675,extensive,final,xgb,,False,COMPLETE
46,-0.013667023448722468,2025-12-08 13:42:19.094176,2025-12-08 13:42:37.790644,0 days 00:00:18.696468,0.5969499972381367,0.015926038371309882,3,8,1106,0.905352997498682,0.31970614438075884,0.510919071270256,extensive,final,xgb,,False,COMPLETE
47,-0.00138161798998504,2025-12-08 13:42:37.790644,2025-12-08 13:42:57.860214,0 days 00:00:20.069570,0.6351119978383166,0.018943726543524102,4,3,2030,1.6973970558079026,0.8048689329511949,0.7219598014738217,extensive,final,xgb,,False,COMPLETE
48,-0.0016559721404409238,2025-12-08 13:42:57.861613,2025-12-08 13:43:17.747259,0 days 00:00:19.885646,0.6999764169578372,0.02187140162600753,5,1,2066,2.5557868477025645,0.21545936426963017,0.7190114299350695,extensive,final,xgb,,False,COMPLETE
49,-0.00166072786024903,2025-12-08 13:43:17.747861,2025-12-08 13:43:40.647870,0 days 00:00:22.900009,0.6762093735440616,0.011433936027903917,4,2,2492,2.1729365079139806,0.1284492441140427,0.7743327613275717,extensive,final,xgb,,False,COMPLETE
50,-0.0016559721404409238,2025-12-08 13:43:40.647870,2025-12-08 13:43:46.897081,0 days 00:00:06.249211,0.5107567779548171,0.025728647845940665,5,5,392,4.713340899250532,1.8648128863828195,0.6663324357787788,extensive,final,xgb,,False,COMPLETE
51,-0.001218096899640993,2025-12-08 13:43:46.897081,2025-12-08 13:44:08.166842,0 days 00:00:21.269761,0.6323569492869319,0.0341020296893688,4,3,2177,1.724884119459447,1.0924777342338017,0.715940544994034,extensive,final,xgb,,False,COMPLETE
52,-0.0015821828043025565,2025-12-08 13:44:08.167256,2025-12-08 13:44:28.965517,0 days 00:00:20.798261,0.6038734785852367,0.04340677337475977,4,3,2157,1.8380049685363922,0.7651656575653045,0.722474086252329,extensive,final,xgb,,False,COMPLETE
53,-0.004513360696042357,2025-12-08 13:44:28.965517,2025-12-08 13:44:57.084714,0 days 00:00:28.119197,0.6302924766132069,0.019104636140511787,4,3,2579,1.3565988863189844,1.1604128870977064,0.6214906249137118,extensive,final,xgb,,False,COMPLETE
54,-0.0014027490514338936,2025-12-08 13:44:57.085762,2025-12-08 13:45:07.604342,0 days 00:00:10.518580,0.6679478250751457,0.03627732265064326,6,1,814,1.7239733258692795,1.5448894095989694,0.6685753275230348,extensive,final,xgb,,False,COMPLETE
55,-0.012150891106614456,2025-12-08 13:45:07.604342,2025-12-08 13:45:23.585166,0 days 00:00:15.980824,0.7095393926290743,0.03518930611271292,7,1,809,1.1247108522105482,1.702214948403745,0.7086462660738845,extensive,final,xgb,,False,COMPLETE
56,-0.0016559721404409238,2025-12-08 13:45:23.587419,2025-12-08 13:45:33.169358,0 days 00:00:09.581939,0.6821100327164555,0.04245203303246896,6,2,768,2.9704188446018644,2.7847588002975443,0.6649836673238801,extensive,final,xgb,,False,COMPLETE
57,-0.0016559721404409238,2025-12-08 13:45:33.170626,2025-12-08 13:45:47.515776,0 days 00:00:14.345150,0.780428154020609,0.035277832960465036,8,6,1371,2.1297120840599604,0.3640531669265077,0.7545158493727268,extensive,final,xgb,,False,COMPLETE
58,-0.0039423737169391,2025-12-08 13:45:47.515776,2025-12-08 13:46:21.141261,0 days 00:00:33.625485,0.7460505606926159,0.026026754140408528,5,1,2960,1.4289523714822456,1.1508771669067892,0.677018899064874,extensive,final,xgb,,False,COMPLETE
59,-0.0016559721404409238,2025-12-08 13:46:21.142272,2025-12-08 13:46:41.773662,0 days 00:00:20.631390,0.6133539648925994,0.014820483165096227,9,2,2251,2.453469627496932,1.458594336287321,0.7942524111065011,extensive,final,xgb,,False,COMPLETE
60,-0.0017212548449175487,2025-12-08 13:46:41.774674,2025-12-08 13:46:48.407748,0 days 00:00:06.633074,0.5828121496511054,0.02005027470216503,6,3,446,1.7956296411121329,0.5321779783739865,0.8450049028238681,extensive,final,xgb,,False,COMPLETE
61,-0.0015373539043619748,2025-12-08 13:46:48.407748,2025-12-08 13:47:08.009186,0 days 00:00:19.601438,0.6634290999145446,0.041733764143292586,4,4,1951,1.6704774898730916,0.7905252297571521,0.6387540014938263,extensive,final,xgb,,False,COMPLETE
62,-0.0017066298473299806,2025-12-08 13:47:08.010187,2025-12-08 13:47:24.342821,0 days 00:00:16.332634,0.6663570785549102,0.04045776334636172,5,5,1616,2.011385772409311,0.7433638845095532,0.645790590394909,extensive,final,xgb,,False,COMPLETE
63,-0.01159622246092414,2025-12-08 13:47:24.344329,2025-12-08 13:47:46.610965,0 days 00:00:22.266636,0.6893704001439019,0.046269344770302534,4,2,1897,1.2367287633796877,1.0031786172741401,0.7419401589629688,extensive,final,xgb,,False,COMPLETE
64,-0.001594416849931483,2025-12-08 13:47:46.612479,2025-12-08 13:48:06.060966,0 days 00:00:19.448487,0.642523028102621,0.03261000329337408,4,3,1996,1.7046227910931422,2.1200384081898247,0.6050245164105746,extensive,final,xgb,,False,COMPLETE
65,-0.01946097371065081,2025-12-08 13:48:06.062471,2025-12-08 13:48:22.810862,0 days 00:00:16.748391,0.5539483900688567,0.036434220526508306,4,4,1029,1.0008579868286183,0.6337553995284271,0.6322224042142746,extensive,final,xgb,,False,COMPLETE
66,-0.0017630046417700385,2025-12-08 13:48:22.811860,2025-12-08 13:48:36.780070,0 days 00:00:13.968210,0.5964886773459953,0.020090131218154096,5,6,1137,1.4714494236040159,1.0509636361477217,0.6948912244996722,extensive,final,xgb,,False,COMPLETE
67,-0.0016559721404409238,2025-12-08 13:48:36.780070,2025-12-08 13:49:01.683956,0 days 00:00:24.903886,0.73002200959996,0.02652452201883103,4,1,2754,1.9525263273925608,1.4536557042345721,0.5488641098938517,extensive,final,xgb,,False,COMPLETE
68,-0.0015534354719281367,2025-12-08 13:49:01.685713,2025-12-08 13:49:22.671606,0 days 00:00:20.985893,0.6265418293113145,0.023120553853896962,5,10,2231,1.7808172374843765,0.8048005433680081,0.6135468918279408,extensive,final,xgb,,False,COMPLETE
69,-0.006772485170096247,2025-12-08 13:49:22.672610,2025-12-08 13:49:37.088098,0 days 00:00:14.415488,0.6663708503401762,0.04417745526646049,7,4,729,1.2610973304187634,2.6771240389228246,0.6792038540950861,extensive,final,xgb,,False,COMPLETE
70,-0.0016559721404409238,2025-12-08 13:49:37.090107,2025-12-08 13:49:53.442976,0 days 00:00:16.352869,0.7143482308579507,0.011720884037150409,4,3,1298,2.3820064967105066,0.544801383223212,0.6465405271977278,extensive,final,xgb,,False,COMPLETE
71,-0.0014696380744541049,2025-12-08 13:49:53.442976,2025-12-08 13:50:16.204840,0 days 00:00:22.761864,0.628191726470977,0.02330926508614055,5,15,2122,1.658507242490127,0.840687837642119,0.6070314463609232,extensive,final,xgb,,False,COMPLETE
72,-0.0016559721404409238,2025-12-08 13:50:16.205408,2025-12-08 13:50:37.723671,0 days 00:00:21.518263,0.6363077068062587,0.028313937672190252,6,19,2124,2.1900218948879817,0.6894219361074894,0.5867672338610502,extensive,final,xgb,,False,COMPLETE
73,-0.0019010962319397178,2025-12-08 13:50:37.725671,2025-12-08 13:51:06.989166,0 days 00:00:29.263495,0.6521966397101056,0.03243419988234248,5,15,2569,1.5112943683521176,1.828302708928791,0.5643904448995017,extensive,final,xgb,,False,COMPLETE
74,-0.0013891604484246312,2025-12-08 13:51:06.989166,2025-12-08 13:51:25.255779,0 days 00:00:18.266613,0.691051235770464,0.017855762515532406,6,19,1500,1.6849917934857253,1.3477566336670856,0.6661141048291037,extensive,final,xgb,,False,COMPLETE
75,-0.0016559721404409238,2025-12-08 13:51:25.256879,2025-12-08 13:51:40.743477,0 days 00:00:15.486598,0.69251733204261,0.01833762819456733,6,19,1483,2.7183951467070613,1.3385480554314324,0.6645482141279982,extensive,final,xgb,,False,COMPLETE
76,-0.001632059470740262,2025-12-08 13:51:40.745105,2025-12-08 13:51:52.090448,0 days 00:00:11.345343,0.6150630551690344,0.021658644311147075,6,15,926,1.9586763372246452,1.5795124251849921,0.7016680341768978,extensive,final,xgb,,False,COMPLETE
77,-0.0016724135619671972,2025-12-08 13:51:52.091587,2025-12-08 13:52:15.891142,0 days 00:00:23.799555,0.586313493702362,0.014162816273207044,7,13,1833,1.4138187741489086,1.076044449319423,0.7326558316354396,extensive,final,xgb,,False,COMPLETE
78,-0.001622290966617405,2025-12-08 13:52:15.892476,2025-12-08 13:52:33.958103,0 days 00:00:18.065627,0.6794339481449975,0.01774005394415386,6,17,1628,1.723039580309581,0.8936057015058985,0.6033341520394493,extensive,final,xgb,,False,COMPLETE
79,-0.0016172335788809573,2025-12-08 13:52:33.959678,2025-12-08 13:52:49.635570,0 days 00:00:15.675892,0.5628439082074956,0.008898268923566963,5,20,1170,1.5442413791212266,1.252978996605876,0.7638072345832717,extensive,final,xgb,,False,COMPLETE
80,-0.24576863783066494,2025-12-08 13:52:49.636075,2025-12-08 13:54:52.173276,0 days 00:02:02.537201,0.6435015175201764,0.024630830625020406,5,18,2382,0.018824760900066018,2.497979084210401,0.5350035854657245,extensive,final,xgb,,False,COMPLETE
81,-0.0015188685107867528,2025-12-08 13:54:52.173276,2025-12-08 13:55:13.319393,0 days 00:00:21.146117,0.6632754842218734,0.02897015202733997,4,15,2061,1.6385804264726571,0.4673214732272522,0.6385057132050594,extensive,final,xgb,,False,COMPLETE
82,-0.013849951885668213,2025-12-08 13:55:13.320397,2025-12-08 13:55:41.191900,0 days 00:00:27.871503,0.7044890877704002,0.029956655624048485,4,16,2064,1.1553450663296299,0.37934310563998547,0.6609159531126341,extensive,final,xgb,,False,COMPLETE
83,-0.0016581349976273845,2025-12-08 13:55:41.193900,2025-12-08 13:55:59.219861,0 days 00:00:18.025961,0.675814212213775,0.027972129419424188,3,11,1721,1.634040068048694,0.2627657413531336,0.6219477136842466,extensive,final,xgb,,False,COMPLETE
84,-0.0016559721404409238,2025-12-08 13:55:59.220881,2025-12-08 13:56:13.900737,0 days 00:00:14.679856,0.6389422145568114,0.02389729248398246,3,14,1380,2.2162231112680244,0.4827750043478251,0.7132161972648642,extensive,final,xgb,,False,COMPLETE
85,-0.003625522677852248,2025-12-08 13:56:13.901739,2025-12-08 13:56:34.513619,0 days 00:00:20.611880,0.6199478349524574,0.020436384257638045,6,8,1514,1.3241719271755221,0.5844559211879456,0.6800726172926758,extensive,final,xgb,,False,COMPLETE
86,-0.040684685932405186,2025-12-08 13:56:34.513619,2025-12-08 13:57:19.242924,0 days 00:00:44.729305,0.5956044004122584,0.01654792013758617,4,15,2262,0.7790758085798285,3.613567015391636,0.5953741502638027,extensive,final,xgb,,False,COMPLETE
87,-0.0016559721404409238,2025-12-08 13:57:19.244008,2025-12-08 13:57:40.010312,0 days 00:00:20.766304,0.6616483122902284,0.033791013404416516,4,18,2136,2.0698217226192477,0.9890420047800627,0.5782462303192792,extensive,final,xgb,,False,COMPLETE
88,-0.0016089815807385222,2025-12-08 13:57:40.010312,2025-12-08 13:58:00.345071,0 days 00:00:20.334759,0.7530119266273323,0.03854732321561834,5,13,1976,1.8697748592720107,0.8625517492033509,0.5552982231806658,extensive,final,xgb,,False,COMPLETE
89,-0.001643228535232318,2025-12-08 13:58:00.345071,2025-12-08 13:58:22.996419,0 days 00:00:22.651348,0.6922200998056159,0.002969938444638703,7,9,1837,1.5660837358912658,0.703508033741554,0.631379159079454,extensive,final,xgb,,False,COMPLETE
90,-0.00807016837458252,2025-12-08 13:58:22.997450,2025-12-08 13:58:49.287553,0 days 00:00:26.290103,0.7752162495080185,0.005383299916246514,3,16,1309,0.9266730856256549,1.4484250062362034,0.6140198195936536,extensive,final,xgb,,False,COMPLETE
91,-0.001453133034832521,2025-12-08 13:58:49.289137,2025-12-08 13:59:09.264998,0 days 00:00:19.975861,0.6579444537053774,0.04107182383867177,4,4,1933,1.6861267843063221,0.4775088309446815,0.6435396691310405,extensive,final,xgb,,False,COMPLETE
92,-0.0015846896346050816,2025-12-08 13:59:09.266479,2025-12-08 13:59:26.985775,0 days 00:00:17.719296,0.7246768857697397,0.031166918887995956,4,12,1708,1.8144801594933522,0.4372631478201533,0.6512045369419559,extensive,final,xgb,,False,COMPLETE
93,-0.0027778483820914968,2025-12-08 13:59:26.986780,2025-12-08 13:59:50.917536,0 days 00:00:23.930756,0.6527518734072129,0.02761706477215748,4,5,2207,1.4581374888040344,0.34773711007036934,0.6945758716271213,extensive,final,xgb,,False,COMPLETE
94,-0.0016729412930143184,2025-12-08 13:59:50.918011,2025-12-08 14:00:13.801595,0 days 00:00:22.883584,0.6238662268279712,0.04718612223115486,5,3,2432,1.943250616819277,0.5738240178877553,0.7257450260220705,extensive,final,xgb,,False,COMPLETE
95,-0.0013165045212521302,2025-12-08 14:00:13.802216,2025-12-08 14:00:34.741940,0 days 00:00:20.939724,0.6766257159426655,0.03594852897118051,3,5,2037,1.6812884065703504,0.15240945806451547,0.6743889021953602,extensive,final,xgb,,False,COMPLETE
96,-0.001715679757430329,2025-12-08 14:00:34.743447,2025-12-08 14:00:46.070680,0 days 00:00:11.327233,0.7042274205104604,0.03930596336117504,3,7,977,1.7487068218526143,0.2242193737182017,0.7386252944407916,extensive,final,xgb,,False,COMPLETE
97,-0.004147999971330048,2025-12-08 14:00:46.071864,2025-12-08 14:01:04.609649,0 days 00:00:18.537785,0.6754803242326263,0.0366464538628875,3,5,1569,1.3821883640590233,1.186483528548186,0.6770440920984183,extensive,final,xgb,,False,COMPLETE
98,-0.010884302136171678,2025-12-08 14:01:04.610827,2025-12-08 14:01:27.556483,0 days 00:00:22.945656,0.605710224496694,0.033711462240350897,3,4,1911,1.2335289457010332,0.10599628575359883,0.7881488021516779,extensive,final,xgb,,False,COMPLETE
99,-0.0016559721404409238,2025-12-08 14:01:27.558692,2025-12-08 14:01:45.548614,0 days 00:00:17.989922,0.6334031054867533,0.02195448113564354,3,2,1818,2.0821385825612353,1.8192516411152788,0.6660099065278254,extensive,final,xgb,,False,COMPLETE
100,-0.0016426236308516955,2025-12-08 14:01:45.550624,2025-12-08 14:02:08.592817,0 days 00:00:23.042193,0.7366591393334236,0.02538883416140099,4,5,2343,1.9292419628925543,0.1343297749134869,0.8963488193264236,extensive,final,xgb,,False,COMPLETE
101,-0.0016126665758333658,2025-12-08 14:02:08.594341,2025-12-08 14:02:30.580154,0 days 00:00:21.985813,0.6499707658273777,0.03060459323241079,4,6,2093,1.6198982865166272,1.04908181989632,0.6415768725053432,extensive,final,xgb,,False,COMPLETE
102,-0.0014516436439671043,2025-12-08 14:02:30.581242,2025-12-08 14:02:51.341647,0 days 00:00:20.760405,0.6668402781796273,0.02915309259658082,4,4,2018,1.6535842661325693,0.17402511350510783,0.6228044348189978,extensive,final,xgb,,False,COMPLETE
103,-0.001559627418767991,2025-12-08 14:02:51.344526,2025-12-08 14:03:11.817411,0 days 00:00:20.472885,0.6814710485637165,0.03533283542658531,4,4,1991,1.7410954930037474,0.10318842633693547,0.5767981609128596,extensive,final,xgb,,False,COMPLETE
104,-0.00229559142978449,2025-12-08 14:03:11.817411,2025-12-08 14:03:30.096560,0 days 00:00:18.279149,0.7149729548115211,0.039855621519338524,3,4,1642,1.4989158073766782,0.17831939378654796,0.6210039171154811,extensive,final,xgb,,False,COMPLETE
105,-0.0016335993996744829,2025-12-08 14:03:30.098730,2025-12-08 14:03:37.729502,0 days 00:00:07.630772,0.6913381687219511,0.026889301060761896,5,3,502,1.8537451846810493,0.8743362776614598,0.5949835839258152,extensive,final,xgb,,False,COMPLETE
106,-0.010118225595859657,2025-12-08 14:03:37.730507,2025-12-08 14:04:04.365036,0 days 00:00:26.634529,0.6689165653204509,0.04491047073819831,6,2,2172,1.3095879757937696,0.2622810451799397,0.6893750132747221,extensive,final,xgb,,False,COMPLETE
107,-0.0016559721404409238,2025-12-08 14:04:04.367213,2025-12-08 14:04:16.256248,0 days 00:00:11.889035,0.6414422326724016,0.023338237090464443,4,5,1085,2.2528675280845647,0.1450920706903125,0.6549319629486351,extensive,final,xgb,,False,COMPLETE
108,-0.0016559721404409238,2025-12-08 14:04:16.256248,2025-12-08 14:04:25.348950,0 days 00:00:09.092702,0.6121148290881254,0.01907805532528054,3,3,686,2.0339504658134517,0.1860788173530763,0.7054060227622441,extensive,final,xgb,,False,COMPLETE
109,-0.0016559721404409238,2025-12-08 14:04:25.349724,2025-12-08 14:04:47.802823,0 days 00:00:22.453099,0.8546175562603252,0.03126903113092021,4,4,2301,4.277877157495575,1.1009611046644248,0.6071349306503515,extensive,final,xgb,,False,COMPLETE
110,-0.0075213268577811005,2025-12-08 14:04:47.803870,2025-12-08 14:05:18.353148,0 days 00:00:30.549278,0.424957228081122,0.007276017288328256,5,1,1915,1.0842390301063594,1.6073747386160304,0.669234104673735,extensive,final,xgb,,False,COMPLETE
111,-0.001712177968798782,2025-12-08 14:05:18.355156,2025-12-08 14:05:39.254006,0 days 00:00:20.898850,0.6558834404148187,0.0281402983131704,4,6,2021,1.6729694115632212,0.6828524978476049,0.6325280597861095,extensive,final,xgb,,False,COMPLETE
112,-0.0014736450897231412,2025-12-08 14:05:39.257528,2025-12-08 14:06:00.890396,0 days 00:00:21.632868,0.6646067411972091,0.015258402679862351,4,3,2064,1.5938206674107898,1.3051668789342847,0.6413112011450725,extensive,final,xgb,,False,COMPLETE
113,-0.0018174250239579859,2025-12-08 14:06:00.891396,2025-12-08 14:06:35.676749,0 days 00:00:34.785353,0.6859795770228427,0.015783486890980015,4,3,3556,1.529654738327619,1.3408030715894808,0.6165516555227939,extensive,final,xgb,,False,COMPLETE
114,-0.0019921590232643283,2025-12-08 14:06:35.677817,2025-12-08 14:06:56.305554,0 days 00:00:20.627737,0.7000423192225211,0.013213005822726916,4,3,1779,1.4201903645944753,1.243258284434915,0.5870657967669393,extensive,final,xgb,,False,COMPLETE
115,-0.0015510860530876986,2025-12-08 14:06:56.306560,2025-12-08 14:07:19.096830,0 days 00:00:22.790270,0.6342294804715397,0.021389995697311946,3,2,2456,1.7715152419066986,0.11589803711674113,0.5681475530866565,extensive,final,xgb,,False,COMPLETE
116,-0.0018623923259131943,2025-12-08 14:07:19.097598,2025-12-08 14:07:35.489675,0 days 00:00:16.392077,0.6691861900378508,0.02455874437718262,4,4,1448,1.5678219083892748,2.0057633044202823,0.6487530555457135,extensive,final,xgb,,False,COMPLETE
117,-0.0016174762514868934,2025-12-08 14:07:35.490675,2025-12-08 14:07:45.576945,0 days 00:00:10.086270,0.627728653827239,0.033217866149589055,6,5,843,1.8642356732398,0.16676449223720352,0.6274351430047417,extensive,final,xgb,,False,COMPLETE
118,-0.004912188485425258,2025-12-08 14:07:45.577683,2025-12-08 14:08:13.694418,0 days 00:00:28.116735,0.6485272789355954,0.010125075683145187,5,1,1872,1.2314531614118294,2.355811884480945,0.6855959642659736,extensive,final,xgb,,False,COMPLETE
119,-0.0014125590262676162,2025-12-08 14:08:13.696441,2025-12-08 14:08:35.497155,0 days 00:00:21.800714,0.672699947613526,0.01797896215413437,4,2,2185,1.688860805734702,0.8273474283341953,0.6004967586284965,extensive,final,xgb,,False,COMPLETE
120,-0.0016397263798773043,2025-12-08 14:08:35.498391,2025-12-08 14:08:56.801199,0 days 00:00:21.302808,0.6587706810262997,0.014841159121166838,3,2,2188,1.711458494365358,0.8556288272472532,0.7508769500868291,extensive,final,xgb,,False,COMPLETE
121,-0.0027947102192155495,2025-12-08 14:08:56.801199,2025-12-08 14:09:20.912919,0 days 00:00:24.111720,0.6781081133763937,0.017346479891361795,4,4,2103,1.402134626961707,0.976515154889305,0.6061184390952072,extensive,final,xgb,,False,COMPLETE
122,-0.0015388591444656468,2025-12-08 14:09:20.914430,2025-12-08 14:09:44.184613,0 days 00:00:23.270183,0.7095839237269291,0.01860585591104892,4,2,2300,1.6245606717844345,0.789995212351089,0.5983466589243531,extensive,final,xgb,,False,COMPLETE
123,-0.0016474533141268566,2025-12-08 14:09:44.185752,2025-12-08 14:09:57.570663,0 days 00:00:13.384911,0.643793347039203,0.02051555478410213,4,3,1226,1.9230204830305246,1.4112279569119304,0.7160968323332504,extensive,final,xgb,,False,COMPLETE
124,-0.0016073307927702007,2025-12-08 14:09:57.571665,2025-12-08 14:10:17.636787,0 days 00:00:20.065122,0.6879254251708206,0.012520729969910186,4,1,1979,1.7887569864222144,1.6006078397841408,0.6570968821009135,extensive,final,xgb,,False,COMPLETE
125,-0.0025698498208699037,2025-12-08 14:10:17.637820,2025-12-08 14:10:40.459957,0 days 00:00:22.822137,0.6675166657633522,0.025951473372248915,4,3,2053,1.4723126155573059,0.6128881898237396,0.6422660916547295,extensive,final,xgb,,False,COMPLETE
126,-0.002101098907677771,2025-12-08 14:10:40.461462,2025-12-08 14:11:06.384632,0 days 00:00:25.923170,0.6261048427677431,0.04967366226960318,4,4,2619,1.5972512410911788,1.1837010319469436,0.6722087869678671,extensive,final,xgb,,False,COMPLETE
127,-0.006757973277544682,2025-12-08 14:11:06.385643,2025-12-08 14:11:31.509333,0 days 00:00:25.123690,0.5888009532987698,0.041540640613365674,5,2,2235,1.3348541528092732,0.9663859474546593,0.5564092359808724,extensive,final,xgb,,False,COMPLETE
128,-0.0016559721404409238,2025-12-08 14:11:31.511419,2025-12-08 14:11:48.077630,0 days 00:00:16.566211,0.6159432991366846,0.03542357938982209,3,3,1667,2.019913046736892,0.7350851574224844,0.5806795261929262,extensive,final,xgb,,False,COMPLETE
129,-0.0016559721404409238,2025-12-08 14:11:48.078841,2025-12-08 14:12:05.699538,0 days 00:00:17.620697,0.3108076114976575,0.023626161614643905,5,5,1938,2.139778246370128,1.0487324785900363,0.5321734575004353,extensive,final,xgb,,False,COMPLETE
130,-0.0016065711122176622,2025-12-08 14:12:05.701190,2025-12-08 14:12:24.407976,0 days 00:00:18.706786,0.6994040057574082,0.015239402406227844,4,19,1768,1.6786758156382062,1.4776841069480184,0.62541552911325,extensive,final,xgb,,False,COMPLETE
131,-0.001569794675407521,2025-12-08 14:12:24.407976,2025-12-08 14:12:46.041184,0 days 00:00:21.633208,0.6593575074604745,0.029629549285825296,4,14,2058,1.5976287162634244,0.3918225864711179,0.6403517434998236,extensive,final,xgb,,False,COMPLETE
132,-0.0015533821847659723,2025-12-08 14:12:46.041184,2025-12-08 14:13:07.042809,0 days 00:00:21.001625,0.6749593593452075,0.029546410029413474,4,17,2128,1.727789328366396,0.4698628451776776,0.6115662696532723,extensive,final,xgb,,False,COMPLETE
133,-0.001635179848591924,2025-12-08 14:13:07.044815,2025-12-08 14:13:25.616930,0 days 00:00:18.572115,0.6581723119189338,0.037898919786497634,4,18,1852,1.8338648843857144,0.5039033674476463,0.6358024932203646,extensive,final,xgb,,False,COMPLETE
134,-0.0026889179954570444,2025-12-08 14:13:25.618179,2025-12-08 14:13:48.647327,0 days 00:00:23.029148,0.6427638669062175,0.032797147306501205,4,10,2185,1.5287479112185263,0.3357846126322905,0.6565481235987307,extensive,final,xgb,,False,COMPLETE
135,-0.0016559721404409238,2025-12-08 14:13:48.649128,2025-12-08 14:14:10.949735,0 days 00:00:22.300607,0.719964534150542,0.02766790237535051,6,3,2394,1.9599984465695337,0.30044234801161207,0.5992459153341637,extensive,final,xgb,,False,COMPLETE
136,-0.0013315700558017562,2025-12-08 14:14:10.950784,2025-12-08 14:14:31.465009,0 days 00:00:20.514225,0.6048901801820084,0.017067380533589395,4,5,2016,1.663421343400765,0.20542548543935896,0.6983545470693125,extensive,final,xgb,,False,COMPLETE
137,-0.002728342653192476,2025-12-08 14:14:31.465009,2025-12-08 14:14:54.099332,0 days 00:00:22.634323,0.6111858637211525,0.017408119016207747,3,6,2003,1.4108308051511425,0.21219696114041806,0.6985362012764221,extensive,final,xgb,,False,COMPLETE
138,-0.0066734081943747485,2025-12-08 14:14:54.100336,2025-12-08 14:15:09.189040,0 days 00:00:15.088704,0.5748765759687067,0.01950621894469118,4,5,929,1.1683896074597278,0.16148992718945993,0.6854556560367508,extensive,final,xgb,,False,COMPLETE
139,-0.001639829477746435,2025-12-08 14:15:09.190091,2025-12-08 14:15:31.317796,0 days 00:00:22.127705,0.5998369753193585,0.016618655986488314,5,4,2268,1.7749336626538932,0.12464466995353748,0.7287596095075639,extensive,final,xgb,,False,COMPLETE
140,-0.0016559721404409238,2025-12-08 14:15:31.318881,2025-12-08 14:15:49.541469,0 days 00:00:18.222588,0.6340993821184809,0.02191982231244202,4,7,1938,3.481995164394513,1.314800756297339,0.7078877869334509,extensive,final,xgb,,False,COMPLETE
141,-0.0014233035709965518,2025-12-08 14:15:49.542553,2025-12-08 14:16:10.837224,0 days 00:00:21.294671,0.6671764138817219,0.02583546277201083,4,5,2074,1.6294495092331351,0.14213213334471822,0.6698666443030743,extensive,final,xgb,,False,COMPLETE
142,-0.0013052496721278246,2025-12-08 14:16:10.837727,2025-12-08 14:16:32.763884,0 days 00:00:21.926157,0.6842103550243152,0.02514094843208056,4,5,2153,1.6530388472270716,0.18968752157741461,0.6716613603413462,extensive,final,xgb,,False,COMPLETE
143,-0.0012989901584667951,2025-12-08 14:16:32.765410,2025-12-08 14:16:54.578076,0 days 00:00:21.812666,0.6958614214985928,0.020540221068932104,4,6,2115,1.6790219894159968,0.15137649285188498,0.6768438025168215,extensive,final,xgb,,False,COMPLETE
144,-0.0016554459593018933,2025-12-08 14:16:54.579194,2025-12-08 14:17:16.455744,0 days 00:00:21.876550,0.6947490278113803,0.018365707169493015,4,5,2135,1.671710073612702,0.15351587243921636,0.6521480709402344,extensive,final,xgb,,False,COMPLETE
145,-0.0015642290482208814,2025-12-08 14:17:16.455744,2025-12-08 14:17:38.409679,0 days 00:00:21.953935,0.6839232820127392,0.020930171922531757,4,5,2315,1.8653342190180424,0.19140103828855798,0.6804632309089439,extensive,final,xgb,,False,COMPLETE
146,-0.0028752030609451675,2025-12-08 14:17:38.409679,2025-12-08 14:18:06.681653,0 days 00:00:28.271974,0.7044209719562797,0.023046712660660242,9,6,2214,1.4592356811111984,0.14191286979623316,0.670539443924852,extensive,final,xgb,,False,COMPLETE
147,-0.0019074353723557518,2025-12-08 14:18:06.682822,2025-12-08 14:18:29.845829,0 days 00:00:23.163007,0.6732502656351406,0.013766368226899832,4,6,2066,1.5190223995019252,0.17046019953096675,0.694414699045657,extensive,final,xgb,,False,COMPLETE
148,-0.0015034612420739741,2025-12-08 14:18:29.846834,2025-12-08 14:18:53.822167,0 days 00:00:23.975333,0.655796912677112,0.0194905531574078,4,5,2487,1.7837846687083114,0.2025174493387136,0.6634331014327584,extensive,final,xgb,,False,COMPLETE
149,-0.005809253495636583,2025-12-08 14:18:53.823671,2025-12-08 14:19:21.781911,0 days 00:00:27.958240,0.7317346229718057,0.024545348884782246,4,4,2349,1.3212822819256314,0.22800323835428396,0.7077988949427856,extensive,final,xgb,,False,COMPLETE
